--------- beginning of main
06-13 06:36:25.911  3178  4319 D NetdEventListenerService: DNS Requested by 100, 10265(com.android.chrome), 4(FAIL), isBlocked=true, 0ms
06-13 06:36:25.921  3178  4319 D NetdEventListenerService: DNS Requested by 100, 10265(com.android.chrome), 4(FAIL), isBlocked=true, 0ms
06-13 06:36:25.922  3178  4319 D NetdEventListenerService: DNS Requested by 100, 10265(com.android.chrome), 4(FAIL), isBlocked=true, 0ms
06-13 06:36:25.927  3178  4319 D NetdEventListenerService: DNS Requested by 100, 10265(com.android.chrome), 4(FAIL), isBlocked=true, 0ms
06-13 06:36:25.932  3178  4319 D NetdEventListenerService: DNS Requested by 100, 10265(com.android.chrome), 4(FAIL), isBlocked=true, 0ms
06-13 06:36:25.938  3178  4319 D NetdEventListenerService: DNS Requested by 100, 10265(com.android.chrome), 4(FAIL), isBlocked=true, 0ms
06-13 06:36:25.946  3178  4319 D NetdEventListenerService: DNS Requested by 100, 10265(com.android.chrome), 4(FAIL), isBlocked=true, 0ms
06-13 06:36:25.949  3178  4319 D NetdEventListenerService: DNS Requested by 100, 10265(com.android.chrome), 4(FAIL), isBlocked=true, 0ms
06-13 06:36:25.952  2197  4068 W android.hardware.gnss-aidl-service-qti: getIonoScale:unsupported signal type 262144
06-13 06:36:25.952  2197  4068 W android.hardware.gnss-aidl-service-qti: getIonoScale:unsupported signal type 262144
06-13 06:36:25.952  2197  4068 W android.hardware.gnss-aidl-service-qti: getIonoScale:unsupported signal type 262144
06-13 06:36:25.954  3178  4164 D GnssLocationProvider_ex: SV Count : 21 / 36      (PRN, Constellation, Type, SNR, Used)
06-13 06:36:25.954  3178  4164 D GnssLocationProvider_ex: (3, GPS, L1, 18.7, 0) (6, GPS, L1, 24.3, 1) (14, GPS, L1, 15.5, 1) (19, GPS, L1, 20.1, 1) (22, GPS, L1, 23.3, 1) (30, GPS, L1, 21.4, 0) 
06-13 06:36:25.954  3178  4164 D GnssLocationProvider_ex: (22, GLONASS, L1, 17.3, 0) (13, GLONASS, L1, 18.3, 0) (12, GLONASS, L1, 20.0, 1) (24, GLONASS, L1, 21.6, 1) (23, GLONASS, L1, 17.3, 1) (34, BEIDOU, L1, 24.1, 1) 
06-13 06:36:25.954  3178  4164 D GnssLocationProvider_ex: (25, BEIDOU, L1, 23.9, 1) (2, GALILEO, L1, 23.7, 1) (14, GALILEO, L1, 21.1, 0) (15, GALILEO, L1, 15.3, 0) (30, GALILEO, L1, 25.3, 1) (34, GALILEO, L1, 21.2, 1) 
06-13 06:36:25.954  3178  4164 D GnssLocationProvider_ex: (36, GALILEO, L1, 17.5, 1) (3, GPS, L5, 18.2, 0) (6, GPS, L5, 24.0, 1) (14, GPS, L5, 16.7, 0) (24, GPS, L5, 21.6, 0) (30, GPS, L5, 8.3, 0) 
06-13 06:36:25.954  3178  4164 D GnssLocationProvider_ex: (2, GALILEO, L5, 17.9, 0) (14, GALILEO, L5, 14.2, 0) (30, GALILEO, L5, 15.9, 0) (34, GALILEO, L5, 20.8, 1) (36, GALILEO, L5, 21.2, 1) (24, BEIDOU, L5, 23.0, 1) 
06-13 06:36:25.954  3178  4164 D GnssLocationProvider_ex: (25, BEIDOU, L5, 21.4, 1) (34, BEIDOU, L5, 18.6, 1) (23, BEIDOU, L1, 16.1, 0) (25, BEIDOU, L1, 19.0, 1) (34, BEIDOU, L1, 25.0, 1) (38, BEIDOU, L1, 13.3, 0) 
06-13 06:36:25.955  5445  5584 I GnssEngineManager_FLP: updateSatelliteStatus, top4=24, top6=24, visibleSv=36, usedSv=21, usedL5Sv=6 (usedGps=5, usedGlo=3, usedBds=7, usedGal=6)
06-13 06:36:25.955  3178  4480 D GnssMeasCbJni: gnssMeasurementCb
06-13 06:36:25.958  3178  4164 D GnssLocationProvider: reportLocation
06-13 06:36:25.959  3178  4319 D NetdEventListenerService: DNS Requested by 100, 10265(com.android.chrome), 4(FAIL), isBlocked=true, 0ms
06-13 06:36:25.967  5445  5584 I GnssEngineManager_FLP: onGpsLocationChanged, provider=gps / isMock=false / speed=0.0 / time=1781350586000 / elapsed=26319304039483
06-13 06:36:25.967  5445  5584 I NewStopController_FLP: isAvailableLastLoc, KeepStationary : false , timeGap : 15 , mStraightFixCount : 0
06-13 06:36:25.967  5445  5584 I NewStopController_FLP: onChangedGlpLocation, isGpsStopped= false, isReportingLL= false, isAvailableLastLoc : true
06-13 06:36:25.968  5073  7439 I FusedLocation: (REDACTED) location delivery to %s blocked - too fast
06-13 06:36:25.968  5073  7439 I FusedLocation: (REDACTED) location delivery to %s blocked - too close
06-13 06:36:25.969  5073  7439 I FusedLocation: (REDACTED) location delivery to %s blocked - too fast
06-13 06:36:25.969  5073  7439 I FusedLocation: (REDACTED) location delivery to %s blocked - too fast
06-13 06:36:25.971  5073  7439 I FusedLocation: (REDACTED) location delivery to %s blocked - too close
06-13 06:36:25.971  5073  7439 I FusedLocation: (REDACTED) location delivery to %s blocked - too fast
06-13 06:36:25.971  5073  7439 I FusedLocation: (REDACTED) location delivery to %s blocked - too fast
06-13 06:36:25.971  5073  7439 I FusedLocation: (REDACTED) location delivery to %s blocked - too close
06-13 06:36:25.972  3178  4319 D NetdEventListenerService: DNS Requested by 100, 10265(com.android.chrome), 4(FAIL), isBlocked=true, 0ms
06-13 06:36:25.973 14814 15024 I FrewleTileCacheManagerV: (REDACTED) Fetched %d AP models from cache
06-13 06:36:25.973  3178  4811 D SLocation: PositionManager - Passive handleLocationChanged [G, A : 9.94, T : 1781350586000, ET : 26319304, E : SH, h : 23/28]
06-13 06:36:25.973  3178  4811 D SLocation: PositionManager - receive gps location
06-13 06:36:25.973  3178  4811 D SLocation: LocationBuffer - receivedLocation - op[interval(min 60000, max 300000), waitTime 36000000, numOfUpdates 20, minDistance 200.0]dist : 0.045791745 diffTime : 39995 filtered Location
06-13 06:36:25.973  3178  4811 D SLocation: BatchManager - received batch location buffered = false
06-13 06:36:25.974  3178  4811 D SLocation: LastLocations - update latest location [G, A : 9.94, T : 1781350586000, ET : 26319304, E : SH, h : 23/28]
06-13 06:36:25.974  3178  4811 D SLocation: FilteredLastLocation - notify all last locations, loc : 3
06-13 06:36:25.976  3178  4811 D SLocation: PositionManager - Passive handleLocationChanged [F, A : 9.94, T : 1781350585951, ET : 26319304, h : 23/28]
06-13 06:36:25.976  3178  4811 D SLocation: PositionManager - receive fused location
06-13 06:36:25.976  3178  4811 D SLocation: DuplicateLocationChecker_GeofenceLocationFilter - fused is duplicated last fused location
06-13 06:36:25.977  3178  4811 D SLocation: DuplicateLocationChecker_BatchManager - fused is duplicated last gps location
06-13 06:36:25.977  3178  4811 D SLocation: DuplicateLocationChecker_FilteredLastLocation - fused is duplicated last gps location
06-13 06:36:25.978  2198  2198 I sensors-hal: flush:383, android.sensor.pressure/61
06-13 06:36:25.978  2198  2198 I sensors-hal: send_sync_sensor_request:508, send sync request
06-13 06:36:25.978  2198  2198 I sensors-hal: send_sync_sensor_request:518, send_sync_sensor_request before send_request for pressure with SUID low=6651504447997676721 high=24534046050247843
06-13 06:36:25.978  2198  2198 I sensors-hal: send_sync_sensor_request:537, wait for notification of response
06-13 06:36:25.978  2198 24770 I sensors-hal: qsh_conn_resp_cb:935, resp_value = 0 for pressure 
06-13 06:36:25.978  5445  5584 I GmsPassiveListener_FLP: onGmsLocationChanged, provider=fused / speed=0.012875221 / time=1781350585951 / elapsed=26319304039483
06-13 06:36:25.978  2198  2198 I sensors-hal: send_sync_sensor_request:543, takes 0 ms to receive the response with 0
06-13 06:36:25.978  2198  2198 I sensors-hal: flush:389, android.sensor.pressure/61 completed
06-13 06:36:25.982  3178  4319 D NetdEventListenerService: DNS Requested by 100, 10265(com.android.chrome), 4(FAIL), isBlocked=true, 0ms
06-13 06:36:25.983 11111 11258 I [CE]_ContextEngineReceiver: onReceive - action: com.samsung.android.ce.sensor.location.PASSIVE_INTENT
06-13 06:36:25.983  3178  4229 D SemCellularStateManager: onCellInfoChanged: cellInfoList Number of cell: 1
06-13 06:36:25.983  3178  4229 D SemCellularStateManager: onCellInfoChanged: Registered = true, mCellularCellId = 48449814
06-13 06:36:25.984 11111 11258 I [CE]_SLocationManager: onReceive - [Passive Location] 20247613
06-13 06:36:25.984 18470 18602 D SensorManager: registerListener :: 61, bmp5 Pressure Sensor Non-wakeup, 200000, 0, 
06-13 06:36:25.985  4528  4528 I TelephonyCallbackForPdnController<0>: onCellInfoChanged: xxxxx
06-13 06:36:25.985  4528  4528 I ImsCallSessionManager: onCellInfoChanged, phoneId: 0
06-13 06:36:25.985  4528  4637 I RegiMgr-Handler: handleMessage: EVENT_CELL_INFO_CHANGED
06-13 06:36:25.986  4528  4637 I RegiMgr<0>: updatePani RegisterTask[0][mProfile=ATT VoLTE, mRegistrationRat=13, mPdnType=11, mState=REGISTERED, mObject=UserAgent - :
06-13 06:36:25.986  4528  4637 I RegiMgr<0>:  total records=866
06-13 06:36:25.986  4528  4637 I RegiMgr<0>:  rec[0]: time=06-13 06:34:49.004 processed=ReadyState org=RegisteredState dest=<null> what=34(0x22)
06-13 06:36:25.986  4528  4637 I RegiMgr<0>:  rec[1]: time=06-13 06:34:49.005 processed=RegisteredState org=RegisteredState dest=<null> what=2000(0x7d0)
06-13 06:36:25.986  4528  4637 I RegiMgr<0>:  rec[2]: time=06-13 06:35:00.003 processed=ReadyState org=RegisteredState dest=<null> what=34(0x22)
06-13 06:36:25.986  4528  4637 I RegiMgr<0>:  rec[3]: time=06-13 06:35:00.006 processed=RegisteredState org=RegisteredState dest=<null> what=2000(0x7d0)
06-13 06:36:25.986  4528  4637 I RegiMgr<0>:  rec[4]: time=06-13 06:35:11.000 processed=ReadyState org=RegisteredState dest=<null> what=34(0x22)
06-13 06:36:25.986  4528  4637 I RegiMgr<0>:  rec[5]: time=06-13 06:35:11.001 processed=RegisteredState org=RegisteredState dest=<null> what=2000(0x7d0)
06-13 06:36:25.986  4528  4637 I RegiMgr<0>:  rec[6]: time=06-13 06:35:22.001 processed=ReadyState org=RegisteredState dest=<null> what=34(0x22)
06-13 06:36:25.986  4528  4637 I RegiMgr<0>:  rec[7]: time=06-13 06:35:22.003 processed=RegisteredState org=RegisteredState dest=<null> what=2000(0x7d0)
06-13 06:36:25.986  4528  4637 I RegiMgr<0>:  rec[8]: time=06-13 06:35:32.030 processed=ReadyState org=RegisteredState dest=<null> what=34(0x22)
06-13 06:36:25.986  4528  4637 I RegiMgr<0>:  rec[9]: time=06-13 06:35:32.032 processed=RegisteredState org=RegisteredState dest=<null> what=2000(0x7d0)
06-13 06:36:25.986  4528  4637 I RegiMgr<0>:  rec[10]: time=06-13 06:35:42.999 processed=ReadyState org=RegisteredState dest=<null> what=34(0x22)
06-13 06:36:25.986  4528  4637 I RegiMgr<0>:  rec[11]: time=06-13 06:35:43.000 processed=RegisteredState org=RegisteredState dest=<null> what=2000(0x7d0)
06-13 06:36:25.986  4528  4637 I RegiMgr<0>:  rec[12]: time=06-13 06:35:54.004 processed=ReadyState org=RegisteredState dest=<null> what=34(0x22)
06-13 06:36:25.986  4528  4637 I RegiMgr<0>:  rec[13]: time=06-13 06:35:54.007 processed=RegisteredState org=RegisteredState dest=<null> what=2000(0x7d0)
06-13 06:36:25.986  4528  4637 I RegiMgr<0>:  rec[14]: time=06-13 06:36:05.002 processed=ReadyState org=RegisteredState dest=<null> what=34(0x22)
06-13 06:36:25.986  4528  4637 I RegiMgr<0>:  rec[15]: time=06-13 06:36:05.003 processed=RegisteredState org=RegisteredState dest=<null> what=2000(0x7d0)
06-13 06:36:25.986  4528  4637 I RegiMgr<0>:  rec[16]: time=06-13 06:36:12.909 processed=RegisteredState org=RegisteredState dest=<null> what=8(0x8)
06-13 06:36:25.986  4528  4637 I RegiMgr<0>:  rec[17]: time=06-13 06:36:13.018 processed=RegisteredState org=RegisteredState dest=<null> what=1000(0x3e8)
06-13 06:36:25.986  4528  4637 I RegiMgr<0>:  rec[18]: time=06-13 06:36:15.008 processed=ReadyState org=RegisteredState dest=<null> what=34(0x22)
06-13 06:36:25.986  4528  4637 I RegiMgr<0>:  rec[19]: time=06-13 06:36:15.009 processed=RegisteredState org=RegisteredState dest=<null> what=2000(0x7d0)
06-13 06:36:25.986  4528  4637 I RegiMgr<0>: curState=RegisteredState
06-13 06:36:25.986  4528  4637 I RegiMgr<0>: , mReason=, mPcscfHostname=null, mDeregiReason=41]
06-13 06:36:25.987  4528  4637 I PaniGenerator<0>: generate: subId=2, network=18, pdn=11
06-13 06:36:25.987  4528  4637 I PaniGenerator<0>: generate: network=13, fallbackPlmn=310410
06-13 06:36:25.987  4528  4637 I PdnController<0>: getAllCellInfo mNeedCellLocationUpdate : false
06-13 06:36:25.987  4528  4637 I PaniGenerator: generate: change to NW PLMN(310410)
06-13 06:36:25.988  4528  4637 I PaniGenerator: setLkcForLastPani: No Last PANI header for ATT VoLTE
06-13 06:36:25.988  4528  4637 I UserAgent<0>: updatePani
06-13 06:36:25.988  4528  4637 I RegiMgr<0>: tryRegister:
06-13 06:36:25.988  4528  4637 I RegiMgr<0>: RegisterTask(s): ATT VoLTE (REGISTERED, rat = 13, service = [mmtel-video, smsip, mmtel, presence])
06-13 06:36:25.988  4528  4637 I RcsPolicyMgr<0>: pendingRcsRegister: mActiveDataPhoneId = 0
06-13 06:36:25.989  4528  4777 I SECIMSJ : [0569]> 140
06-13 06:36:25.990  4528  4790 I [IMS6.0]: IMS_onResponse()
06-13 06:36:25.990  4528  4790 I StackIF : processMessage 2
06-13 06:36:25.990  4528  4790 I StackIF : Processing Response
06-13 06:36:25.990  4528  4790 I SECIMSJ : [0569]< 600
06-13 06:36:25.990  4528  4790 I StackIF : processResponse: reqId 600
06-13 06:36:25.990  4528  4790 I StackIF : processResponse: handle 29989 result 0 reason 0
06-13 06:36:26.001 11111 11258 I [CE]_BaseMovingContextProvider: Save - Time: 1781350586000, Value: 298.49000000000007
06-13 06:36:26.002 11111 11258 I [CE]_ActivityDataManagerImpl: loadState - StayInfo loaded
06-13 06:36:26.004 11111 11258 I [CE]_ActivityDataManagerImpl: Scan receiver - Stay detected - start time : 1781319501953, end time : 1781350586002, timestamp : 1781350586002
06-13 06:36:26.004 11111 11258 I [CE]_RealtimeMovingContextProvider: onReceive - Not started
06-13 06:36:26.005 11111 11258 I [CE]_BaseMovingContextProvider: Difference - Value: 0.0
06-13 06:36:26.005 11111 11258 I [CE]_BaseMovingContextProvider: Timestamps - Value: true
06-13 06:36:26.023  2198  2198 I sensors-hal: set_config:60, sample_period_ns is adjusted to 200000000 based on min/max delay_ns
06-13 06:36:26.023  2198  2198 I sensors-hal: batch:363, android.sensor.pressure/61, period=200000000, max_latency=0 request completed
06-13 06:36:26.024 18470 18602 D SensorManager: unregisterListener
06-13 06:36:26.322  5484  5484 I adbd    : adbd service requested 'shell,v2:export ANDROID_LOG_TAGS=''; exec logcat'
06-13 06:36:26.409  2299  2327 D HeatmapThread: Updated plugType via uevent: 0
06-13 06:36:26.416  2248  2248 I seh_thermal_service: getTemperaturesWithType SehTemperatureType: 3
06-13 06:36:26.417  2232  2232 I sehhealth-service: updateLrpSysfs: write: 348
06-13 06:36:26.417  2232  2263 E BatteryDump: !@new_battery_dump : 4295,-240,100,100,100,328,318,338,328,0,346,338,298,Discharging,NO_CHARGING,None,Good,NONE,0,Normal,0,0,10500,0x40000000,0x10000,0x0,0,0,0000,0000,00000000,4295,4295,-135,-105,316,0,975,973,0,
06-13 06:36:26.529  3178  6519 D SemContextService: lock : requestToUpdate
06-13 06:36:26.531  3178  6519 W CAE     : setCAProperty(ContextAwareService.java:509) - [setProperty 01] Mutex is locked for CH_LOC_TRIGGER
06-13 06:36:26.532  3178  4121 D SensorService: setSContextDataLocked ints length 2 , byte length 4
06-13 06:36:26.532  3178  4121 D SensorService: setSContextDataLocked 3db8
06-13 06:36:26.532  2198  2198 I sensors-hal: inject_sensor_data:407, handle 1502 send inject
06-13 06:36:26.533  2198  2198 I sensors-hal: sendContextData:290, sensor hal 4, (0xb8, 0x3d, 0x0, 0x0)
06-13 06:36:26.533  2198  2198 I sensors-hal: sendContextData:131, change_location_trigger 4,184
06-13 06:36:26.533  2198  2198 I sensors-hal: sendUserData:118, change_location_trigger h 184 m 61 s 0
06-13 06:36:26.533  2198  2198 I sensors-hal: create_send_context_data:66, change_location_trigger create_send_context_data
06-13 06:36:26.533  2198  2198 I sensors-hal: send_context_data:694, change_location_trigger, -244018566922240, 1320970896291267344, msgid:700, 1
06-13 06:36:26.533  2198  2198 I sensors-hal: send_sync_sensor_request:508, send sync request
06-13 06:36:26.533  2198  2198 I sensors-hal: send_sync_sensor_request:518, send_sync_sensor_request before send_request for change_location_trigger with SUID low=18446500055142629376 high=1320970896291267344
06-13 06:36:26.533  2198  2198 I sensors-hal: send_sync_sensor_request:537, wait for notification of response
06-13 06:36:26.534  2198  4119 I sensors-hal: qsh_conn_resp_cb:935, resp_value = 0 for change_location_trigger 
06-13 06:36:26.534  2198  2198 I sensors-hal: send_sync_sensor_request:543, takes 1 ms to receive the response with 0
06-13 06:36:26.535  3178  6519 W CAE     : setCAProperty(ContextAwareService.java:515) - [setProperty 02] Mutex is unlocked for CH_LOC_TRIGGER
06-13 06:36:26.535  3178  6519 D SemContextService:     .requestToUpdate() : service = Location Change Trigger
06-13 06:36:26.535  3178  6519 D SemContextService: unlock : requestToUpdate
06-13 06:36:26.535  3178  6519 D SemContextManager:   .requestToUpdate : listener = com.android.server.location.nsflp.NSLocationMonitor$5@619f600, service=Location Change Trigger
06-13 06:36:26.536  5445 13084 I NewStopController_FLP: StateChecker, check stationary message
06-13 06:36:26.573  2198  4119 I sensors-hal: qsh_conn_event_cb:895, event[0] sensor:change_location_trigger  Wakeup, msg_id=1025, ts=505443459849
06-13 06:36:26.573  2198  4119 I sensors-hal: handle_sns_client_event:85, change_location_trigger_event: msgid:1025
06-13 06:36:26.573  2198  4119 I sensors-hal: handle_sns_client_event:108, change_location_trigger_event: 255, 255
06-13 06:36:26.580  3178  4121 D SensorService: setSContextDataLocked ints length 3 , byte length 5
06-13 06:36:26.580  3178  4121 D SensorService: setSContextDataLocked 240b0ec1
06-13 06:36:26.581  2198  2198 I sensors-hal: inject_sensor_data:407, handle 1502 send inject
06-13 06:36:26.581  2198  2198 I sensors-hal: sendContextData:290, sensor hal 5, (0xc1, 0xe, 0xb, 0x24)
06-13 06:36:26.581  2198  2198 I sensors-hal: sendContextData:230, activities 5 c1, 1
06-13 06:36:26.581  2198  2198 I sensors-hal: sendUserData:251, Activities cmd 0xc1 0xe
06-13 06:36:26.581  2198  2198 I sensors-hal: sendUserData:265, Activities system time h 11 m 36 s 26
06-13 06:36:26.581  2198  2198 I sensors-hal: create_send_context_data:80, sending create_send_context_data
06-13 06:36:26.581  2198  2198 I sensors-hal: send_context_data:694, activities, 4914309220830019584, 1320970896291267344, msgid:700, 1
06-13 06:36:26.581  2198  2198 I sensors-hal: send_sync_sensor_request:508, send sync request
06-13 06:36:26.581  2198  2198 I sensors-hal: send_sync_sensor_request:518, send_sync_sensor_request before send_request for activities with SUID low=4914309220830019584 high=1320970896291267344
06-13 06:36:26.581  2198  2198 I sensors-hal: send_sync_sensor_request:537, wait for notification of response
06-13 06:36:26.582  2198  4119 I sensors-hal: qsh_conn_resp_cb:935, resp_value = 0 for activities 
06-13 06:36:26.582  2198  2198 I sensors-hal: send_sync_sensor_request:543, takes 0 ms to receive the response with 0
06-13 06:36:26.582  2198  2198 I sensors-hal: sendContextData:114, common_info 5
06-13 06:36:26.583  2198  2198 I sensors-hal: sendUserData:137, CommonInfo 0xc1 0xe 0xb 0x24
06-13 06:36:26.583  2198  2198 I sensors-hal: create_send_context_data:70, sending create_send_context_data
06-13 06:36:26.583  2198  2198 I sensors-hal: send_context_data:694, common_info, 4914309147815575552, 1320970896291267344, msgid:700, 1
06-13 06:36:26.583  2198  2198 I sensors-hal: send_sync_sensor_request:508, send sync request
06-13 06:36:26.583  2198  2198 I sensors-hal: send_sync_sensor_request:518, send_sync_sensor_request before send_request for common_info with SUID low=4914309147815575552 high=1320970896291267344
06-13 06:36:26.583  2198  2198 I sensors-hal: send_sync_sensor_request:537, wait for notification of response
06-13 06:36:26.584  2198  4119 I sensors-hal: qsh_conn_resp_cb:935, resp_value = 0 for common_info 
06-13 06:36:26.584  2198  2198 I sensors-hal: send_sync_sensor_request:543, takes 1 ms to receive the response with 0
06-13 06:36:26.585  3178  4117 D CAE     : onGetSensorHubData(SensorHubParserProvider.java:92) - onGetSensorHubData Event [event buffer len :15], AP_SLEEP
06-13 06:36:26.585  3178  4117 I CAE     : parse(SensorHubParserProvider.java:188) - buffer size = 15
06-13 06:36:26.586  3178  4117 I CAE     : parse(SensorHubParserProvider.java:199) - 1, 1, 61, -1, 0, 2, 1, 0, 0, 0, 1, 0, 0, 0, 0,
06-13 06:36:26.586  3178  4117 D CAE     : display(ContextProvider.java:375) - ================= CH_LOC_TRIGGER =================
06-13 06:36:26.586  3178  4117 I CAE     : display(ContextProvider.java:391) - duration=[1], property=[1], result=[2], reserved=[0]
06-13 06:36:26.588  3178  4114 D SemContextService: Service.updateContext() : service = Location Change Trigger
06-13 06:36:26.589  3178  4165 D SemContextManager: onSemContextChanged() : event = Location Change Trigger
06-13 06:36:26.589  3178  4165 D NSLocationMonitor: onSemContextChanged, activity : 1 result : 2 movement : 1
--------- beginning of system
06-13 06:36:26.750  3178  3352 D MARsPolicyManager: triggerAction called!
06-13 06:36:26.750  3178  3352 I NSLocationMonitor: getGPSUsingApps() called
06-13 06:36:26.751  5445  5470 I NSLocationManager_FLP: getGPSUsingApps, No change
06-13 06:36:26.754  3178  3352 W Binder  : Outgoing transactions from this process must be FLAG_ONEWAY
06-13 06:36:26.754  3178  3352 W Binder  : java.lang.Throwable
06-13 06:36:26.754  3178  3352 W Binder  : 	at android.os.BinderProxy.transact(BinderProxy.java:575)
06-13 06:36:26.754  3178  3352 W Binder  : 	at android.bluetooth.IBluetoothGatt$Stub$Proxy.getAdvertisingSetUids(IBluetoothGatt.java:992)
06-13 06:36:26.754  3178  3352 W Binder  : 	at android.bluetooth.BluetoothAdapter.getAdvertisingSetUids(BluetoothAdapter.java:1995)
06-13 06:36:26.754  3178  3352 W Binder  : 	at android.bluetooth.BluetoothAdapter.getHWUsingApps(BluetoothAdapter.java:2266)
06-13 06:36:26.754  3178  3352 W Binder  : 	at com.android.server.am.mars.filter.filter.BlueToothConnectedFilter.updateBTUsingPackages(qb/109837446 568d72778742b68b4c2ea42a8520697fc0125bbdaf94f2d1f0d4a4d88a0e584b:22)
06-13 06:36:26.754  3178  3352 W Binder  : 	at com.android.server.am.MARsPolicyManager.triggerAction(qb/109837446 568d72778742b68b4c2ea42a8520697fc0125bbdaf94f2d1f0d4a4d88a0e584b:96)
06-13 06:36:26.754  3178  3352 W Binder  : 	at com.android.server.am.MARsHandler$MainHandler.handleMessage(qb/109837446 568d72778742b68b4c2ea42a8520697fc0125bbdaf94f2d1f0d4a4d88a0e584b:2023)
06-13 06:36:26.754  3178  3352 W Binder  : 	at android.os.Handler.dispatchMessage(Handler.java:132)
06-13 06:36:26.754  3178  3352 W Binder  : 	at android.os.Looper.dispatchMessage(Looper.java:358)
06-13 06:36:26.754  3178  3352 W Binder  : 	at android.os.Looper.loopOnce(Looper.java:288)
06-13 06:36:26.754  3178  3352 W Binder  : 	at android.os.Looper.loop(Looper.java:392)
06-13 06:36:26.754  3178  3352 W Binder  : 	at com.android.server.am.MARsHandler$MainThread.run(qb/109837446 568d72778742b68b4c2ea42a8520697fc0125bbdaf94f2d1f0d4a4d88a0e584b:27)
06-13 06:36:26.813  1187  1187 D io_stats: !@   8,0 r 4868672 139435280 w 1531243 36692552 d 230346 53294652 f 43153 208726 iot 785080 0 th 0 0 0 pt 0 inp 0 0 20355.149
06-13 06:36:26.850 29775 29958 E SQLiteLog: (10) POSIX Error : 11 SQLite Error : 3850
06-13 06:36:26.850 29775 29958 E SQLiteLog: (10) LOCK : Getting pending lock for (1) failed due to (11). The current owner is (29984).
06-13 06:36:26.851 29775 29958 E SQLiteLog: (10) POSIX Error : 11 SQLite Error : 3850
06-13 06:36:26.851 29775 29958 E SQLiteLog: (10) LOCK : Getting pending lock for (1) failed due to (11). The current owner is (29984).
06-13 06:36:26.854 29775 29958 E SQLiteLog: (10) POSIX Error : 11 SQLite Error : 3850
06-13 06:36:26.854 29775 29958 E SQLiteLog: (10) LOCK : Getting pending lock for (1) failed due to (11). The current owner is (29984).
06-13 06:36:26.952  2197  4068 W android.hardware.gnss-aidl-service-qti: getIonoScale:unsupported signal type 262144
06-13 06:36:26.952  2197  4068 W android.hardware.gnss-aidl-service-qti: getIonoScale:unsupported signal type 262144
06-13 06:36:26.956  5445  5584 I GnssEngineManager_FLP: updateSatelliteStatus, top4=24, top6=23, visibleSv=36, usedSv=22, usedL5Sv=6 (usedGps=5, usedGlo=3, usedBds=7, usedGal=7)
06-13 06:36:26.958  3178  4164 D GnssLocationProvider_ex: SV Count : 22 / 36      (PRN, Constellation, Type, SNR, Used)
06-13 06:36:26.958  3178  4164 D GnssLocationProvider_ex: (3, GPS, L1, 18.7, 0) (6, GPS, L1, 24.3, 1) (14, GPS, L1, 15.5, 1) (19, GPS, L1, 20.1, 1) (22, GPS, L1, 22.7, 1) (30, GPS, L1, 21.4, 0) 
06-13 06:36:26.958  3178  4164 D GnssLocationProvider_ex: (22, GLONASS, L1, 17.3, 0) (13, GLONASS, L1, 18.3, 0) (12, GLONASS, L1, 20.8, 1) (24, GLONASS, L1, 21.6, 1) (23, GLONASS, L1, 17.3, 1) (34, BEIDOU, L1, 25.2, 1) 
06-13 06:36:26.958  3178  4164 D GnssLocationProvider_ex: (25, BEIDOU, L1, 23.9, 1) (2, GALILEO, L1, 21.6, 1) (14, GALILEO, L1, 21.7, 0) (15, GALILEO, L1, 15.3, 1) (30, GALILEO, L1, 22.8, 1) (34, GALILEO, L1, 21.2, 1) 
06-13 06:36:26.958  3178  4164 D GnssLocationProvider_ex: (36, GALILEO, L1, 17.1, 1) (3, GPS, L5, 18.2, 0) (6, GPS, L5, 21.5, 1) (14, GPS, L5, 15.7, 0) (24, GPS, L5, 23.5, 0) (30, GPS, L5, 8.3, 0) 
06-13 06:36:26.958  3178  4164 D GnssLocationProvider_ex: (2, GALILEO, L5, 17.9, 0) (14, GALILEO, L5, 14.2, 0) (30, GALILEO, L5, 13.7, 0) (34, GALILEO, L5, 17.6, 1) (36, GALILEO, L5, 21.2, 1) (24, BEIDOU, L5, 21.3, 1) 
06-13 06:36:26.958  3178  4164 D GnssLocationProvider_ex: (25, BEIDOU, L5, 21.6, 1) (34, BEIDOU, L5, 18.6, 1) (23, BEIDOU, L1, 16.1, 0) (25, BEIDOU, L1, 21.1, 1) (34, BEIDOU, L1, 26.5, 1) (38, BEIDOU, L1, 13.3, 0) 
06-13 06:36:26.960  3178  6519 D GnssMeasCbJni: gnssMeasurementCb
06-13 06:36:26.965  3178  4164 D GnssLocationProvider: reportLocation
06-13 06:36:26.971  5445  5584 I GnssEngineManager_FLP: onGpsLocationChanged, provider=gps / isMock=false / speed=0.0 / time=1781350587000 / elapsed=26320297957712
06-13 06:36:26.971  5445  5584 I NewStopController_FLP: isAvailableLastLoc, KeepStationary : false , timeGap : 26 , mStraightFixCount : 0
06-13 06:36:26.971  5445  5584 I NewStopController_FLP: onChangedGlpLocation, isGpsStopped= false, isReportingLL= false, isAvailableLastLoc : true
06-13 06:36:26.979  3178  4811 D SLocation: PositionManager - Passive handleLocationChanged [G, A : 9.94, T : 1781350587000, ET : 26320297, E : SH, h : 23/28]
06-13 06:36:26.980 14814 15024 I FrewleTileCacheManagerV: (REDACTED) Fetched %d AP models from cache
06-13 06:36:26.980  5073  7439 I FusedLocation: (REDACTED) location delivery to %s blocked - too fast
06-13 06:36:26.980  3178  4811 D SLocation: PositionManager - receive gps location
06-13 06:36:26.980  5073  7439 I FusedLocation: (REDACTED) location delivery to %s blocked - too close
06-13 06:36:26.980  3178  4811 D SLocation: LocationBuffer - receivedLocation - op[interval(min 60000, max 300000), waitTime 36000000, numOfUpdates 20, minDistance 200.0]dist : 0.04640165 diffTime : 40989 filtered Location
06-13 06:36:26.982  5073  7439 I FusedLocation: (REDACTED) location delivery to %s blocked - too fast
06-13 06:36:26.984  3178  8120 E AppOps  : Bad call made by uid 1001. Package "com.android.phone" does not belong to uid 10290.
06-13 06:36:26.984  3178  8120 E AppOps  : Cannot noteOperation
06-13 06:36:26.984  3178  8120 E AppOps  : java.lang.SecurityException: Specified package "com.android.phone" under uid 10290 but it is not
06-13 06:36:26.984  3178  8120 E AppOps  : 	at com.android.server.appop.AppOpsService.verifyAndGetBypass(qb/109837446 568d72778742b68b4c2ea42a8520697fc0125bbdaf94f2d1f0d4a4d88a0e584b:63)
06-13 06:36:26.984  3178  8120 E AppOps  : 	at com.android.server.appop.AppOpsService.noteOperationUnchecked(qb/109837446 568d72778742b68b4c2ea42a8520697fc0125bbdaf94f2d1f0d4a4d88a0e584b:65)
06-13 06:36:26.984  3178  8120 E AppOps  : 	at com.android.server.appop.AppOpsService.-$$Nest$mnoteOperationImpl(qb/109837446 568d72778742b68b4c2ea42a8520697fc0125bbdaf94f2d1f0d4a4d88a0e584b:89)
06-13 06:36:26.984  3178  8120 E AppOps  : 	at com.android.server.appop.AppOpsService$CheckOpsDelegateDispatcher$$ExternalSyntheticLambda4.apply(qb/109837446 568d72778742b68b4c2ea42a8520697fc0125bbdaf94f2d1f0d4a4d88a0e584b:65)
06-13 06:36:26.984  3178  8120 E AppOps  : 	at com.android.server.policy.AppOpsPolicy.noteOperation(qb/109837446 568d72778742b68b4c2ea42a8520697fc0125bbdaf94f2d1f0d4a4d88a0e584b:35)
06-13 06:36:26.984  3178  8120 E AppOps  : 	at com.android.server.appop.AppOpsService$CheckOpsDelegateDispatcher.noteOperation(qb/109837446 568d72778742b68b4c2ea42a8520697fc0125bbdaf94f2d1f0d4a4d88a0e584b:66)
06-13 06:36:26.984  3178  8120 E AppOps  : 	at com.android.server.appop.AppOpsService.noteOperation(qb/109837446 568d72778742b68b4c2ea42a8520697fc0125bbdaf94f2d1f0d4a4d88a0e584b:20)
06-13 06:36:26.984  3178  8120 E AppOps  : 	at com.android.internal.app.IAppOpsService$Stub.onTransact(IAppOpsService.java:592)
06-13 06:36:26.984  3178  8120 E AppOps  : 	at android.os.Binder.execTransactInternal(Binder.java:1514)
06-13 06:36:26.984  3178  8120 E AppOps  : 	at android.os.Binder.execTransact(Binder.java:1454)
06-13 06:36:26.984  3178  4811 D SLocation: BatchManager - received batch location buffered = false
06-13 06:36:26.985  5073  7439 I FusedLocation: (REDACTED) location delivery to %s blocked - too close
06-13 06:36:26.985  3178  4811 D SLocation: LastLocations - update latest location [G, A : 9.94, T : 1781350587000, ET : 26320297, E : SH, h : 23/28]
06-13 06:36:26.985  3178  4811 D SLocation: ARDistanceLibManager - request distance diff to AR Distance Library
06-13 06:36:26.986  5073  7439 I FusedLocation: (REDACTED) location delivery to %s blocked - too fast
06-13 06:36:26.986  3178  4811 D SLocation: SLocationCoreSem - send to coreSem, packet length : 1 / [34]
06-13 06:36:26.986  3178  4811 D SemContextLocationCoreAttribute: setAttribute() mode : 0 action : 23
06-13 06:36:26.986  5073  7439 I FusedLocation: (REDACTED) location delivery to %s blocked - too fast
06-13 06:36:26.986  5073  7439 I FusedLocation: (REDACTED) location delivery to %s blocked - too close
06-13 06:36:26.986  3178  4811 D SemContextService: lock : changeParameters
06-13 06:36:26.987  3178  4811 D SemContext.CaeProvider.LocationCoreImpl: setAttribute() mode : 0 action : 23
06-13 06:36:26.987  3178  4811 W CAE     : setCAProperty(ContextAwareService.java:509) - [setProperty 01] Mutex is locked for SLOCATION_RUNNER
06-13 06:36:26.988  2198  2198 I sensors-hal: flush:383, android.sensor.pressure/61
06-13 06:36:26.988  2198  2198 I sensors-hal: send_sync_sensor_request:508, send sync request
06-13 06:36:26.988  2198  2198 I sensors-hal: send_sync_sensor_request:518, send_sync_sensor_request before send_request for pressure with SUID low=6651504447997676721 high=24534046050247843
06-13 06:36:26.988  3178  4811 I CAE     : setPropertyValue(SLocationRunner.java:116) - SLocationRunner setProperty header : 34, len : 1
06-13 06:36:26.988  2198  2198 I sensors-hal: send_sync_sensor_request:537, wait for notification of response
06-13 06:36:26.989  2198 24770 I sensors-hal: qsh_conn_resp_cb:935, resp_value = 0 for pressure 
06-13 06:36:26.989  2198  2198 I sensors-hal: send_sync_sensor_request:543, takes 1 ms to receive the response with 0
06-13 06:36:26.989  2198  2198 I sensors-hal: flush:389, android.sensor.pressure/61 completed
06-13 06:36:26.989  3178  4121 D SensorService: setSContextDataLocked ints length 2 , byte length 4
06-13 06:36:26.989  3178  4121 D SensorService: setSContextDataLocked 223717c1
06-13 06:36:26.989 18470 18602 D SensorManager: registerListener :: 61, bmp5 Pressure Sensor Non-wakeup, 200000, 0, 
06-13 06:36:26.990  2198  2198 I sensors-hal: inject_sensor_data:407, handle 1502 send inject
06-13 06:36:26.990  2198  2198 I sensors-hal: sendContextData:290, sensor hal 4, (0xc1, 0x17, 0x37, 0x22)
06-13 06:36:26.990  2198  2198 E sensors-hal: sendContextData:133, slocationcore h 193 m 23 s 55
06-13 06:36:26.990  2198  2198 I sensors-hal: sendUserData:119, slocationcore sendUserData
06-13 06:36:26.990  2198  2198 E sensors-hal: create_send_context_data:64, slocationcore create_send_context_data
06-13 06:36:26.990  2198  2198 I sensors-hal: send_context_data:694, slocationcore, 4986366670857974562, 1320970896291267344, msgid:700, 1
06-13 06:36:26.990  2198  2198 I sensors-hal: send_sync_sensor_request:508, send sync request
06-13 06:36:26.990  2198  2198 I sensors-hal: send_sync_sensor_request:518, send_sync_sensor_request before send_request for slocationcore with SUID low=4986366670857974562 high=1320970896291267344
06-13 06:36:26.990  2198  2198 I sensors-hal: send_sync_sensor_request:537, wait for notification of response
06-13 06:36:26.990  5445  5584 I GmsPassiveListener_FLP: onGmsLocationChanged, provider=fused / speed=0.006181107 / time=1781350586945 / elapsed=26320297957712
06-13 06:36:26.991  2198  4119 I sensors-hal: qsh_conn_resp_cb:935, resp_value = 0 for slocationcore 
06-13 06:36:26.991  2198  4119 I sensors-hal: qsh_conn_event_cb:895, event[0] sensor:slocationcore  Wakeup, msg_id=1025, ts=505451487454
06-13 06:36:26.991  2198  4119 E sensors-hal: handle_sns_client_event:78, slocationcore_event: msgid:1025
06-13 06:36:26.991  2198  2198 I sensors-hal: send_sync_sensor_request:543, takes 1 ms to receive the response with 0
06-13 06:36:26.992  2198  4119 I sensors-hal: qsh_conn_event_cb:895, event[0] sensor:slocationcore  Wakeup, msg_id=1025, ts=505451487844
06-13 06:36:26.992  2198  4119 E sensors-hal: handle_sns_client_event:78, slocationcore_event: msgid:1025
06-13 06:36:26.995  3178  4811 W CAE     : setCAProperty(ContextAwareService.java:515) - [setProperty 02] Mutex is unlocked for SLOCATION_RUNNER
06-13 06:36:26.995  3178  5372 D ActivityManager: Received SERVICE intent 0xf91621 Key{startService pkg=com.google.android.gms/current_semantic_location intent=act=com.google.android.gms.semanticlocation.ACTION_LOCATION xflg=0x4 cmp=com.google.android.gms/.semanticlocation.service.SemanticLocationService flags=0x2000000 u=0} requestCode=0 from uid 10259
06-13 06:36:26.995  3178  4121 D SensorService: setSContextDataLocked ints length 3 , byte length 5
06-13 06:36:26.995  3178  4121 D SensorService: setSContextDataLocked 240b0ec1
06-13 06:36:26.995  3178  4811 D SemContextService: unlock : changeParameters
06-13 06:36:26.995  2198  2198 I sensors-hal: inject_sensor_data:407, handle 1502 send inject
06-13 06:36:26.995  2198  2198 I sensors-hal: sendContextData:290, sensor hal 5, (0xc1, 0xe, 0xb, 0x24)
06-13 06:36:26.995  2198  2198 I sensors-hal: sendContextData:230, activities 5 c1, 1
06-13 06:36:26.995  2198  2198 I sensors-hal: sendUserData:251, Activities cmd 0xc1 0xe
06-13 06:36:26.995  2198  2198 I sensors-hal: sendUserData:265, Activities system time h 11 m 36 s 26
06-13 06:36:26.995  2198  2198 I sensors-hal: create_send_context_data:80, sending create_send_context_data
06-13 06:36:26.995  2198  2198 I sensors-hal: send_context_data:694, activities, 4914309220830019584, 1320970896291267344, msgid:700, 1
06-13 06:36:26.995  2198  2198 I sensors-hal: send_sync_sensor_request:508, send sync request
06-13 06:36:26.995  2198  2198 I sensors-hal: send_sync_sensor_request:518, send_sync_sensor_request before send_request for activities with SUID low=4914309220830019584 high=1320970896291267344
06-13 06:36:26.995  3178  4811 D SemContextManager:   .changeParameters : listener = X.k@9037122, service=SLocation Core
06-13 06:36:26.995  2198  2198 I sensors-hal: send_sync_sensor_request:537, wait for notification of response
06-13 06:36:26.995  3178  4811 D SLocation: PositionManager - Passive handleLocationChanged [F, A : 9.94, T : 1781350586945, ET : 26320297, h : 23/28]
06-13 06:36:26.995  3178  4811 D SLocation: PositionManager - receive fused location
06-13 06:36:26.996  3178  4811 D SLocation: DuplicateLocationChecker_GeofenceLocationFilter - fused is duplicated last fused location
06-13 06:36:26.996  2198  4119 I sensors-hal: qsh_conn_resp_cb:935, resp_value = 0 for activities 
06-13 06:36:26.996  2198  2198 I sensors-hal: send_sync_sensor_request:543, takes 0 ms to receive the response with 0
06-13 06:36:26.996  2198  2198 I sensors-hal: sendContextData:114, common_info 5
06-13 06:36:26.996  2198  2198 I sensors-hal: sendUserData:137, CommonInfo 0xc1 0xe 0xb 0x24
06-13 06:36:26.996  2198  2198 I sensors-hal: create_send_context_data:70, sending create_send_context_data
06-13 06:36:26.996  2198  2198 I sensors-hal: send_context_data:694, common_info, 4914309147815575552, 1320970896291267344, msgid:700, 1
06-13 06:36:26.996  2198  2198 I sensors-hal: send_sync_sensor_request:508, send sync request
06-13 06:36:26.996  2198  2198 I sensors-hal: send_sync_sensor_request:518, send_sync_sensor_request before send_request for common_info with SUID low=4914309147815575552 high=1320970896291267344
06-13 06:36:26.996  2198  2198 I sensors-hal: send_sync_sensor_request:537, wait for notification of response
06-13 06:36:26.996  3178  4811 D SLocation: DuplicateLocationChecker_BatchManager - fused is duplicated last gps location
06-13 06:36:26.997  3178  4811 D SLocation: DuplicateLocationChecker_FilteredLastLocation - fused is duplicated last gps location
06-13 06:36:26.997  3178  4811 D SLocation: SLocationCoreSem - send to coreSem, packet length : 23 / [2, 19, 88, 242, 14, 200, 24, 163, 111, 0, 0, 0, 9, 2, 0, 0, 1, 158, 192, 196, 218, 65, 0]
06-13 06:36:26.997  3178  4811 D SemContextLocationCoreAttribute: setAttribute() mode : 0 action : 23
06-13 06:36:26.997  2198  4119 I sensors-hal: qsh_conn_resp_cb:935, resp_value = 0 for common_info 
06-13 06:36:26.997  3178  4811 D SemContextService: lock : changeParameters
06-13 06:36:26.997  3178  4811 D SemContext.CaeProvider.LocationCoreImpl: setAttribute() mode : 0 action : 23
06-13 06:36:26.997  3178  4811 W CAE     : setCAProperty(ContextAwareService.java:509) - [setProperty 01] Mutex is locked for SLOCATION_RUNNER
06-13 06:36:26.997  2198  2198 I sensors-hal: send_sync_sensor_request:543, takes 1 ms to receive the response with 0
06-13 06:36:26.997  3178  4811 I CAE     : setPropertyValue(SLocationRunner.java:116) - SLocationRunner setProperty header : 2, len : 23
06-13 06:36:26.998  3178  4117 D CAE     : onGetSensorHubData(SensorHubParserProvider.java:92) - onGetSensorHubData Event [event buffer len :38], AP_SLEEP
06-13 06:36:26.998  3178  4117 I CAE     : parse(SensorHubParserProvider.java:188) - buffer size = 38
06-13 06:36:26.998  3178  4121 D SensorService: setSContextDataLocked ints length 8 , byte length 26
06-13 06:36:26.998  3178  4121 D SensorService: setSContextDataLocked 23717c1
06-13 06:36:26.999  2198  2198 I sensors-hal: inject_sensor_data:407, handle 1502 send inject
06-13 06:36:26.999  3178  4117 I CAE     : parse(SensorHubParserProvider.java:199) - 1, 1, 55, 0, 33, 33, 0, 0, 0, 0, 0, 0, 1, -98, -64, -63, -98, 88, 19, 88, -14, 32, -56, 24, -93, 64, 0, 0, 0, 3, 2, 125, 127, 56, 0, 0, 1, -5,
06-13 06:36:26.999  2198  2198 I sensors-hal: sendContextData:290, sensor hal 26, (0xc1, 0x17, 0x37, 0x2)
06-13 06:36:26.999  2198  2198 E sensors-hal: sendContextData:133, slocationcore h 193 m 23 s 55
06-13 06:36:26.999  2198  2198 I sensors-hal: sendUserData:119, slocationcore sendUserData
06-13 06:36:26.999  2198  2198 E sensors-hal: create_send_context_data:64, slocationcore create_send_context_data
06-13 06:36:26.999  2198  2198 I sensors-hal: send_context_data:694, slocationcore, 4986366670857974562, 1320970896291267344, msgid:700, 1
06-13 06:36:26.999  2198  2198 I sensors-hal: send_sync_sensor_request:508, send sync request
06-13 06:36:26.999  2198  2198 I sensors-hal: send_sync_sensor_request:518, send_sync_sensor_request before send_request for slocationcore with SUID low=4986366670857974562 high=1320970896291267344
06-13 06:36:26.999  3178  4117 I CAE     : parse(SLocationRunner.java:88) - SLocationRunner parse start : 3
06-13 06:36:26.999  2198  2198 I sensors-hal: send_sync_sensor_request:537, wait for notification of response
06-13 06:36:26.999  3178  4117 D CAE     : display(ContextProvider.java:375) - ================= SLOCATION_RUNNER =================
06-13 06:36:26.999  3178  4117 I CAE     : display(ContextProvider.java:391) - ExtraDataArray=[1, 1, 55, 0, 33, 33, 0, 0, 0, 0, 0, 0, 1, -98, -64, -63, -98, 88, 19, 88, -14, 32, -56, 24, -93, 64, 0, 0, 0, 3, 2, 125, 127, 56, 0, 0, 1, -5]
06-13 06:36:26.999  3178  4117 I CAE     : parse(SLocationRunner.java:96) - SLocationRunner parse end:38
06-13 06:36:26.999  3178  4114 D SemContextService: Service.updateContext() : service = SLocation Core
06-13 06:36:26.999  2198  4119 I sensors-hal: qsh_conn_resp_cb:935, resp_value = 0 for slocationcore 
06-13 06:36:27.000  2198  4119 I sensors-hal: qsh_conn_event_cb:895, event[0] sensor:slocationcore  Wakeup, msg_id=1025, ts=505451661316
06-13 06:36:27.000  2198  2198 I sensors-hal: send_sync_sensor_request:543, takes 0 ms to receive the response with 0
06-13 06:36:27.000  2198  4119 E sensors-hal: handle_sns_client_event:78, slocationcore_event: msgid:1025
06-13 06:36:27.000  3178  3178 D SemContextManager: onSemContextChanged() : event = SLocation Core
06-13 06:36:27.000  3178  3178 D SLocation: SensorHubWrapper - SemContextChanged type = 47, packet received
06-13 06:36:27.001  3178  4811 W CAE     : setCAProperty(ContextAwareService.java:515) - [setProperty 02] Mutex is unlocked for SLOCATION_RUNNER
06-13 06:36:27.001  3178  4811 D SemContextService: unlock : changeParameters
06-13 06:36:27.001  3178  4811 D SemContextManager:   .changeParameters : listener = X.k@9037122, service=SLocation Core
06-13 06:36:27.001  3178  4811 D SLocation: GeofenceCoreManager - received Extra Data from core, len : 33
06-13 06:36:27.001  3178  4811 D SLocation: ARDistanceGetARDistance - convertSensorHubTimeToElapsedTime 26108353
06-13 06:36:27.002  3178  4811 D SLocation: CommonCoreManager - received Extra Data from core, len : 33
06-13 06:36:27.002  3178  4811 W Settings: Setting airplane_mode_on has moved from android.provider.Settings.System to android.provider.Settings.Global, returning read-only value.
06-13 06:36:27.002  3178  4811 W Settings: Setting airplane_mode_on has moved from android.provider.Settings.System to android.provider.Settings.Global, returning read-only value.
06-13 06:36:27.002  3178  4811 D SLocation: FilteredLastLocation - notify all last locations, loc : 3
06-13 06:36:27.003  3178  4121 D SensorService: setSContextDataLocked ints length 3 , byte length 5
06-13 06:36:27.003  3178  4121 D SensorService: setSContextDataLocked 240b0ec1
06-13 06:36:27.003  2198  2198 I sensors-hal: inject_sensor_data:407, handle 1502 send inject
06-13 06:36:27.003  2198  2198 I sensors-hal: sendContextData:290, sensor hal 5, (0xc1, 0xe, 0xb, 0x24)
06-13 06:36:27.003  2198  2198 I sensors-hal: sendContextData:230, activities 5 c1, 1
06-13 06:36:27.003  2198  2198 I sensors-hal: sendUserData:251, Activities cmd 0xc1 0xe
06-13 06:36:27.003  2198  2198 I sensors-hal: sendUserData:265, Activities system time h 11 m 36 s 26
06-13 06:36:27.003  2198  2198 I sensors-hal: create_send_context_data:80, sending create_send_context_data
06-13 06:36:27.003  2198  2198 I sensors-hal: send_context_data:694, activities, 4914309220830019584, 1320970896291267344, msgid:700, 1
06-13 06:36:27.003  2198  2198 I sensors-hal: send_sync_sensor_request:508, send sync request
06-13 06:36:27.003  2198  2198 I sensors-hal: send_sync_sensor_request:518, send_sync_sensor_request before send_request for activities with SUID low=4914309220830019584 high=1320970896291267344
06-13 06:36:27.003  2198  2198 I sensors-hal: send_sync_sensor_request:537, wait for notification of response
06-13 06:36:27.004  5073 25789 I FrewleTileCacheManagerV: (REDACTED) Fetched %d AP models from cache
06-13 06:36:27.004  2198  4119 I sensors-hal: qsh_conn_resp_cb:935, resp_value = 0 for activities 
06-13 06:36:27.004  2198  2198 I sensors-hal: send_sync_sensor_request:543, takes 0 ms to receive the response with 0
06-13 06:36:27.004  2198  2198 I sensors-hal: sendContextData:114, common_info 5
06-13 06:36:27.004  2198  2198 I sensors-hal: sendUserData:137, CommonInfo 0xc1 0xe 0xb 0x24
06-13 06:36:27.004  2198  2198 I sensors-hal: create_send_context_data:70, sending create_send_context_data
06-13 06:36:27.004  2198  2198 I sensors-hal: send_context_data:694, common_info, 4914309147815575552, 1320970896291267344, msgid:700, 1
06-13 06:36:27.004  2198  2198 I sensors-hal: send_sync_sensor_request:508, send sync request
06-13 06:36:27.004  2198  2198 I sensors-hal: send_sync_sensor_request:518, send_sync_sensor_request before send_request for common_info with SUID low=4914309147815575552 high=1320970896291267344
06-13 06:36:27.004  2198  2198 I sensors-hal: send_sync_sensor_request:537, wait for notification of response
06-13 06:36:27.005  2198  4119 I sensors-hal: qsh_conn_resp_cb:935, resp_value = 0 for common_info 
06-13 06:36:27.005  2198  2198 I sensors-hal: send_sync_sensor_request:543, takes 0 ms to receive the response with 0
06-13 06:36:27.005  3178  4117 D CAE     : onGetSensorHubData(SensorHubParserProvider.java:92) - onGetSensorHubData Event [event buffer len :10], AP_SLEEP
06-13 06:36:27.006  3178  4117 I CAE     : parse(SensorHubParserProvider.java:188) - buffer size = 10
06-13 06:36:27.006  3178  4117 I CAE     : parse(SensorHubParserProvider.java:199) - 1, 1, 55, 0, 5, 2, 34, 0, 0, 0,
06-13 06:36:27.006  3178  4117 I CAE     : parse(SLocationRunner.java:88) - SLocationRunner parse start : 3
06-13 06:36:27.006  3178  4117 D CAE     : display(ContextProvider.java:375) - ================= SLOCATION_RUNNER =================
06-13 06:36:27.006  3178  4117 I CAE     : display(ContextProvider.java:391) - ExtraDataArray=[1, 1, 55, 0, 5, 2, 34, 0, 0, 0]
06-13 06:36:27.006  3178  4117 I CAE     : parse(SLocationRunner.java:96) - SLocationRunner parse end:10
06-13 06:36:27.007  3178  4114 D SemContextService: Service.updateContext() : service = SLocation Core
06-13 06:36:27.007  3178  3178 D SemContextManager: onSemContextChanged() : event = SLocation Core
06-13 06:36:27.007  3178  3178 D SLocation: SensorHubWrapper - SemContextChanged type = 47, packet received
06-13 06:36:27.007  3178  4121 D SensorService: setSContextDataLocked ints length 3 , byte length 5
06-13 06:36:27.007  3178  4811 D SLocation: GeofenceCoreManager - received Extra Data from core, len : 5
06-13 06:36:27.007  3178  4811 D SLocation: GeofenceCoreManager - handleCommandCallback - UNKNOWN_CALLBACK 34 SUCCESS
06-13 06:36:27.007  3178  4121 D SensorService: setSContextDataLocked 240b0ec1
06-13 06:36:27.007  3178  4811 D SLocation: ARDistanceLibManager - command callback received - CURRENT_LOCATION_REQUEST_DISTANCE ERROR CODE : ERROR_NONE
06-13 06:36:27.008  3178  4811 D SLocation: CommonCoreManager - received Extra Data from core, len : 5
06-13 06:36:27.008  2198  2198 I sensors-hal: inject_sensor_data:407, handle 1502 send inject
06-13 06:36:27.008  2198  2198 I sensors-hal: sendContextData:290, sensor hal 5, (0xc1, 0xe, 0xb, 0x24)
06-13 06:36:27.008  2198  2198 I sensors-hal: sendContextData:230, activities 5 c1, 1
06-13 06:36:27.008  2198  2198 I sensors-hal: sendUserData:251, Activities cmd 0xc1 0xe
06-13 06:36:27.008  2198  2198 I sensors-hal: sendUserData:265, Activities system time h 11 m 36 s 27
06-13 06:36:27.008  2198  2198 I sensors-hal: create_send_context_data:80, sending create_send_context_data
06-13 06:36:27.008  2198  2198 I sensors-hal: send_context_data:694, activities, 4914309220830019584, 1320970896291267344, msgid:700, 1
06-13 06:36:27.008  2198  2198 I sensors-hal: send_sync_sensor_request:508, send sync request
06-13 06:36:27.008  2198  2198 I sensors-hal: send_sync_sensor_request:518, send_sync_sensor_request before send_request for activities with SUID low=4914309220830019584 high=1320970896291267344
06-13 06:36:27.008  2198  2198 I sensors-hal: send_sync_sensor_request:537, wait for notification of response
06-13 06:36:27.008  2198  4119 I sensors-hal: qsh_conn_resp_cb:935, resp_value = 0 for activities 
06-13 06:36:27.009  2198  2198 I sensors-hal: send_sync_sensor_request:543, takes 0 ms to receive the response with 0
06-13 06:36:27.009  2198  2198 I sensors-hal: sendContextData:114, common_info 5
06-13 06:36:27.009  2198  2198 I sensors-hal: sendUserData:137, CommonInfo 0xc1 0xe 0xb 0x24
06-13 06:36:27.009  2198  2198 I sensors-hal: create_send_context_data:70, sending create_send_context_data
06-13 06:36:27.009  2198  2198 I sensors-hal: send_context_data:694, common_info, 4914309147815575552, 1320970896291267344, msgid:700, 1
06-13 06:36:27.009  2198  2198 I sensors-hal: send_sync_sensor_request:508, send sync request
06-13 06:36:27.009  2198  2198 I sensors-hal: send_sync_sensor_request:518, send_sync_sensor_request before send_request for common_info with SUID low=4914309147815575552 high=1320970896291267344
06-13 06:36:27.009  2198  2198 I sensors-hal: send_sync_sensor_request:537, wait for notification of response
06-13 06:36:27.009  2198  4119 I sensors-hal: qsh_conn_resp_cb:935, resp_value = 0 for common_info 
06-13 06:36:27.009  2198  2198 I sensors-hal: send_sync_sensor_request:543, takes 0 ms to receive the response with 0
06-13 06:36:27.009  3178  4117 D CAE     : onGetSensorHubData(SensorHubParserProvider.java:92) - onGetSensorHubData Event [event buffer len :10], AP_SLEEP
06-13 06:36:27.010  3178  4117 I CAE     : parse(SensorHubParserProvider.java:188) - buffer size = 10
06-13 06:36:27.010  3178  4117 I CAE     : parse(SensorHubParserProvider.java:199) - 1, 1, 55, 0, 5, 2, 2, 0, 0, 0,
06-13 06:36:27.010  3178  4117 I CAE     : parse(SLocationRunner.java:88) - SLocationRunner parse start : 3
06-13 06:36:27.010  3178  4117 D CAE     : display(ContextProvider.java:375) - ================= SLOCATION_RUNNER =================
06-13 06:36:27.010  3178  4117 I CAE     : display(ContextProvider.java:391) - ExtraDataArray=[1, 1, 55, 0, 5, 2, 2, 0, 0, 0]
06-13 06:36:27.010  3178  4117 I CAE     : parse(SLocationRunner.java:96) - SLocationRunner parse end:10
06-13 06:36:27.011  3178  4114 D SemContextService: Service.updateContext() : service = SLocation Core
06-13 06:36:27.011  5073 25789 I SemanticLocation: [InfMgr] No location reports after filtering [CONTEXT service_id=173 ]
06-13 06:36:27.011  3178  3178 D SemContextManager: onSemContextChanged() : event = SLocation Core
06-13 06:36:27.011  3178  3178 D SLocation: SensorHubWrapper - SemContextChanged type = 47, packet received
06-13 06:36:27.011  3178  4811 D SLocation: GeofenceCoreManager - received Extra Data from core, len : 5
06-13 06:36:27.011  3178  4811 D SLocation: GeofenceCoreManager - handleCommandCallback - UNKNOWN_CALLBACK 2 SUCCESS
06-13 06:36:27.012  3178  4811 D SLocation: CommonCoreManager - received Extra Data from core, len : 5
06-13 06:36:27.012  3178  4811 D SLocation: CommonCoreManager - handleCommandCallback - FUNC_TYPE : SET_LOCATION  ERROR_CODE : ERROR_NONE
06-13 06:36:27.105  4747  4894 D AppOpsPrivacyItemMonitor: showLocationSystemApps  AppOpItem(Op code=1, UID=10259, AttributionTag=location_accuracy, Package name=com.google.android.gms, Paused=false)false)false)false)false)false)false)false)false)false)false)false)false)false)false)false)false)false)false)false)false)false)false)false)false)false)false)false)false)false)false)false)false)false)false)false)false)false)false)false)false)false)false)false)false)false)false)false)false)false)false)false)false)false)false)false)false)false)false)false)false)false)false)false)false)false)false)
06-13 06:36:27.109  4747  4894 D AppOpsPrivacyItemMonitor: showLocationSystemApps  AppOpItem(Op code=1, UID=5013, AttributionTag=null, Package name=com.sec.location.nsflp2, Paused=false)false)false)false)false)false)false)false)false)false)false)false)false)false)false)false)false)false)false)false)false)false)false)false)false)false)false)false)false)false)false)false)false)false)false)false)false)false)false)false)false)false)false)false)false)false)false)false)false)false)false)false)false)false)false)false)false)false)false)false)false)false)false)false)false)
06-13 06:36:27.112  4747  4894 D AppOpsPrivacyItemMonitor: showLocationSystemApps  AppOpItem(Op code=1, UID=1000, AttributionTag=SLocationService, Package name=android, Paused=false)false)false)false)false)false)false)false)false)false)false)false)false)false)false)false)false)false)false)false)false)false)false)false)false)false)false)false)false)false)false)false)false)false)false)false)false)false)false)false)false)false)false)false)false)false)false)false)false)false)false)false)false)false)false)false)false)false)false)false)false)false)false)false)false)
06-13 06:36:27.116  4747  4894 D AppOpsPrivacyItemMonitor: showLocationSystemApps  AppOpItem(Op code=1, UID=10290, AttributionTag=null, Package name=com.att.iqi, Paused=false)false)false)false)false)false)false)false)false)false)false)false)false)false)false)false)false)false)false)false)false)false)false)false)false)false)false)false)false)false)false)false)false)false)false)false)false)false)false)false)false)false)false)false)false)false)false)false)false)false)false)false)false)false)false)false)false)false)false)false)false)false)false)false)false)
06-13 06:36:27.118  4747  4894 D AppOpsPrivacyItemMonitor: showLocationSystemApps  AppOpItem(Op code=1, UID=10094, AttributionTag=null, Package name=com.samsung.android.mcfds, Paused=false)false)false)
06-13 06:36:27.127  4747  4747 D AiAgentEffect: onPrivacyItemsChanged privacyItems.size = 5
06-13 06:36:27.127  4747  4747 D AiAgentEffect: onPrivacyItemsChanged privacyItems isEmpty or found item is null
06-13 06:36:27.145  2198  2198 I sensors-hal: set_config:60, sample_period_ns is adjusted to 200000000 based on min/max delay_ns
06-13 06:36:27.145  2198  2198 I sensors-hal: batch:363, android.sensor.pressure/61, period=200000000, max_latency=0 request completed
06-13 06:36:27.146 18470 18602 D SensorManager: unregisterListener
06-13 06:36:27.331  2198 22209 I sensors-hal: handle_sns_client_event:375, [0][33387] accel_sample [ 3.711, -1.211,  8.999] 26320670835534
06-13 06:36:27.538  3178  5372 D SemContextService: lock : requestToUpdate
06-13 06:36:27.539  3178  5372 W CAE     : setCAProperty(ContextAwareService.java:509) - [setProperty 01] Mutex is locked for CH_LOC_TRIGGER
06-13 06:36:27.541  3178  4121 D SensorService: setSContextDataLocked ints length 2 , byte length 4
06-13 06:36:27.541  3178  4121 D SensorService: setSContextDataLocked 3db8
06-13 06:36:27.541  2198  2198 I sensors-hal: inject_sensor_data:407, handle 1502 send inject
06-13 06:36:27.541  2198  2198 I sensors-hal: sendContextData:290, sensor hal 4, (0xb8, 0x3d, 0x0, 0x0)
06-13 06:36:27.541  2198  2198 I sensors-hal: sendContextData:131, change_location_trigger 4,184
06-13 06:36:27.541  2198  2198 I sensors-hal: sendUserData:118, change_location_trigger h 184 m 61 s 0
06-13 06:36:27.541  2198  2198 I sensors-hal: create_send_context_data:66, change_location_trigger create_send_context_data
06-13 06:36:27.541  2198  2198 I sensors-hal: send_context_data:694, change_location_trigger, -244018566922240, 1320970896291267344, msgid:700, 1
06-13 06:36:27.541  2198  2198 I sensors-hal: send_sync_sensor_request:508, send sync request
06-13 06:36:27.541  2198  2198 I sensors-hal: send_sync_sensor_request:518, send_sync_sensor_request before send_request for change_location_trigger with SUID low=18446500055142629376 high=1320970896291267344
06-13 06:36:27.542  2198  2198 I sensors-hal: send_sync_sensor_request:537, wait for notification of response
06-13 06:36:27.542  2198  4119 I sensors-hal: qsh_conn_resp_cb:935, resp_value = 0 for change_location_trigger 
06-13 06:36:27.542  2198  2198 I sensors-hal: send_sync_sensor_request:543, takes 0 ms to receive the response with 0
06-13 06:36:27.543  3178  5372 W CAE     : setCAProperty(ContextAwareService.java:515) - [setProperty 02] Mutex is unlocked for CH_LOC_TRIGGER
06-13 06:36:27.543  3178  5372 D SemContextService:     .requestToUpdate() : service = Location Change Trigger
06-13 06:36:27.543  3178  5372 D SemContextService: unlock : requestToUpdate
06-13 06:36:27.543  3178  5372 D SemContextManager:   .requestToUpdate : listener = com.android.server.location.nsflp.NSLocationMonitor$5@619f600, service=Location Change Trigger
06-13 06:36:27.544  5445 13084 I NewStopController_FLP: StateChecker, check stationary message
06-13 06:36:27.546  2198  4119 I sensors-hal: qsh_conn_event_cb:895, event[0] sensor:change_location_trigger  Wakeup, msg_id=1025, ts=505462145464
06-13 06:36:27.546  2198  4119 I sensors-hal: handle_sns_client_event:85, change_location_trigger_event: msgid:1025
06-13 06:36:27.546  2198  4119 I sensors-hal: handle_sns_client_event:108, change_location_trigger_event: 255, 255
06-13 06:36:27.550  3178  4121 D SensorService: setSContextDataLocked ints length 3 , byte length 5
06-13 06:36:27.550  3178  4121 D SensorService: setSContextDataLocked 240b0ec1
06-13 06:36:27.550  2198  2198 I sensors-hal: inject_sensor_data:407, handle 1502 send inject
06-13 06:36:27.550  2198  2198 I sensors-hal: sendContextData:290, sensor hal 5, (0xc1, 0xe, 0xb, 0x24)
06-13 06:36:27.550  2198  2198 I sensors-hal: sendContextData:230, activities 5 c1, 1
06-13 06:36:27.550  2198  2198 I sensors-hal: sendUserData:251, Activities cmd 0xc1 0xe
06-13 06:36:27.550  2198  2198 I sensors-hal: sendUserData:265, Activities system time h 11 m 36 s 27
06-13 06:36:27.550  2198  2198 I sensors-hal: create_send_context_data:80, sending create_send_context_data
06-13 06:36:27.551  2198  2198 I sensors-hal: send_context_data:694, activities, 4914309220830019584, 1320970896291267344, msgid:700, 1
06-13 06:36:27.551  2198  2198 I sensors-hal: send_sync_sensor_request:508, send sync request
06-13 06:36:27.551  2198  2198 I sensors-hal: send_sync_sensor_request:518, send_sync_sensor_request before send_request for activities with SUID low=4914309220830019584 high=1320970896291267344
06-13 06:36:27.551  2198  2198 I sensors-hal: send_sync_sensor_request:537, wait for notification of response
06-13 06:36:27.552  2198  4119 I sensors-hal: qsh_conn_resp_cb:935, resp_value = 0 for activities 
06-13 06:36:27.552  2198  2198 I sensors-hal: send_sync_sensor_request:543, takes 1 ms to receive the response with 0
06-13 06:36:27.552  2198  2198 I sensors-hal: sendContextData:114, common_info 5
06-13 06:36:27.552  2198  2198 I sensors-hal: sendUserData:137, CommonInfo 0xc1 0xe 0xb 0x24
06-13 06:36:27.552  2198  2198 I sensors-hal: create_send_context_data:70, sending create_send_context_data
06-13 06:36:27.552  2198  2198 I sensors-hal: send_context_data:694, common_info, 4914309147815575552, 1320970896291267344, msgid:700, 1
06-13 06:36:27.552  2198  2198 I sensors-hal: send_sync_sensor_request:508, send sync request
06-13 06:36:27.552  2198  2198 I sensors-hal: send_sync_sensor_request:518, send_sync_sensor_request before send_request for common_info with SUID low=4914309147815575552 high=1320970896291267344
06-13 06:36:27.552  2198  2198 I sensors-hal: send_sync_sensor_request:537, wait for notification of response
06-13 06:36:27.553  2198  4119 I sensors-hal: qsh_conn_resp_cb:935, resp_value = 0 for common_info 
06-13 06:36:27.553  2198  2198 I sensors-hal: send_sync_sensor_request:543, takes 0 ms to receive the response with 0
06-13 06:36:27.554  3178  4117 D CAE     : onGetSensorHubData(SensorHubParserProvider.java:92) - onGetSensorHubData Event [event buffer len :15], AP_SLEEP
06-13 06:36:27.554  3178  4117 I CAE     : parse(SensorHubParserProvider.java:188) - buffer size = 15
06-13 06:36:27.554  3178  4117 I CAE     : parse(SensorHubParserProvider.java:199) - 1, 1, 61, -1, 0, 2, 1, 0, 0, 0, 1, 0, 0, 0, 0,
06-13 06:36:27.554  3178  4117 D CAE     : display(ContextProvider.java:375) - ================= CH_LOC_TRIGGER =================
06-13 06:36:27.555  3178  4117 I CAE     : display(ContextProvider.java:391) - duration=[1], property=[1], result=[2], reserved=[0]
06-13 06:36:27.555  3178  4114 D SemContextService: Service.updateContext() : service = Location Change Trigger
06-13 06:36:27.556  3178  4165 D SemContextManager: onSemContextChanged() : event = Location Change Trigger
06-13 06:36:27.556  3178  4165 D NSLocationMonitor: onSemContextChanged, activity : 1 result : 2 movement : 1
06-13 06:36:27.666  2198 24754 I sensors-hal: handle_sns_client_event:422, [0][26447] gyro_sample_cal(cal_available:1)(3) [ 0.003,-0.005, 0.001] bias[ 0.004,-0.001,-0.001] 26321007882773
06-13 06:36:27.782  2198 24770 I sensors-hal: handle_sns_std_sensor_event:158, [1436] Pressure 1007.907, cal 0.561, sw_offset 0.000 (lsb(bit) 0x79 0x7b 0x62)
06-13 06:36:27.952  2197  4068 W android.hardware.gnss-aidl-service-qti: getIonoScale:unsupported signal type 262144
06-13 06:36:27.958  3178  4164 D GnssLocationProvider_ex: SV Count : 22 / 36      (PRN, Constellation, Type, SNR, Used)
06-13 06:36:27.958  3178  4164 D GnssLocationProvider_ex: (3, GPS, L1, 18.5, 0) (6, GPS, L1, 23.5, 1) (14, GPS, L1, 15.5, 1) (19, GPS, L1, 20.1, 1) (22, GPS, L1, 22.7, 1) (30, GPS, L1, 21.4, 0) 
06-13 06:36:27.958  3178  4164 D GnssLocationProvider_ex: (22, GLONASS, L1, 18.2, 0) (13, GLONASS, L1, 18.3, 0) (12, GLONASS, L1, 20.8, 1) (24, GLONASS, L1, 21.6, 1) (23, GLONASS, L1, 17.3, 1) (34, BEIDOU, L1, 24.6, 1) 
06-13 06:36:27.958  3178  4164 D GnssLocationProvider_ex: (25, BEIDOU, L1, 22.7, 1) (2, GALILEO, L1, 22.0, 1) (14, GALILEO, L1, 24.6, 0) (15, GALILEO, L1, 15.3, 1) (30, GALILEO, L1, 22.8, 1) (34, GALILEO, L1, 19.1, 1) 
06-13 06:36:27.958  3178  4164 D GnssLocationProvider_ex: (36, GALILEO, L1, 17.1, 1) (3, GPS, L5, 18.2, 0) (6, GPS, L5, 22.2, 1) (14, GPS, L5, 15.7, 0) (24, GPS, L5, 20.2, 0) (30, GPS, L5, 8.3, 0) 
06-13 06:36:27.958  3178  4164 D GnssLocationProvider_ex: (2, GALILEO, L5, 17.9, 0) (14, GALILEO, L5, 14.2, 0) (30, GALILEO, L5, 13.7, 0) (34, GALILEO, L5, 17.6, 1) (36, GALILEO, L5, 18.1, 1) (24, BEIDOU, L5, 21.3, 1) 
06-13 06:36:27.958  3178  4164 D GnssLocationProvider_ex: (25, BEIDOU, L5, 21.6, 1) (34, BEIDOU, L5, 19.5, 1) (23, BEIDOU, L1, 16.1, 0) (25, BEIDOU, L1, 24.4, 1) (34, BEIDOU, L1, 25.3, 1) (38, BEIDOU, L1, 13.3, 0) 
06-13 06:36:27.958  5445  5584 I GnssEngineManager_FLP: updateSatelliteStatus, top4=24, top6=23, visibleSv=36, usedSv=22, usedL5Sv=6 (usedGps=5, usedGlo=3, usedBds=7, usedGal=7)
06-13 06:36:27.963  3178  5372 D GnssMeasCbJni: gnssMeasurementCb
06-13 06:36:27.970  3178  4164 D GnssLocationProvider: reportLocation
06-13 06:36:27.973  5445  5584 I GnssEngineManager_FLP: onGpsLocationChanged, provider=gps / isMock=false / speed=0.0 / time=1781350588000 / elapsed=26321298986566
06-13 06:36:27.973  5445  5584 I NewStopController_FLP: isAvailableLastLoc, KeepStationary : false , timeGap : 27 , mStraightFixCount : 0
06-13 06:36:27.973  5445  5584 I NewStopController_FLP: onChangedGlpLocation, isGpsStopped= false, isReportingLL= false, isAvailableLastLoc : true
06-13 06:36:27.978  5073  7439 I FusedLocation: (REDACTED) location delivery to %s blocked - too close
06-13 06:36:27.980  5073  7439 I FusedLocation: (REDACTED) location delivery to %s blocked - too fast
06-13 06:36:27.982 14814 15024 I FrewleTileCacheManagerV: (REDACTED) Fetched %d AP models from cache
06-13 06:36:27.984  5073  7439 I FusedLocation: (REDACTED) location delivery to %s blocked - too close
06-13 06:36:27.984  5073  7439 I FusedLocation: (REDACTED) location delivery to %s blocked - too fast
06-13 06:36:27.985  3178  4811 D SLocation: PositionManager - Passive handleLocationChanged [G, A : 9.94, T : 1781350588000, ET : 26321298, E : SH, h : 23/28]
06-13 06:36:27.985  5073  7439 I FusedLocation: (REDACTED) location delivery to %s blocked - too fast
06-13 06:36:27.985  5073  7439 I FusedLocation: (REDACTED) location delivery to %s blocked - too close
06-13 06:36:27.985  3178  4811 D SLocation: PositionManager - receive gps location
06-13 06:36:27.986  3178  4811 D SLocation: LocationBuffer - receivedLocation - op[interval(min 60000, max 300000), waitTime 36000000, numOfUpdates 20, minDistance 200.0]dist : 0.047218177 diffTime : 41990 filtered Location
06-13 06:36:27.988  3178  4811 D SLocation: BatchManager - received batch location buffered = false
06-13 06:36:27.989  3178  6519 E AppOps  : Bad call made by uid 1001. Package "com.android.phone" does not belong to uid 10290.
06-13 06:36:27.989  3178  4811 D SLocation: LastLocations - update latest location [G, A : 9.94, T : 1781350588000, ET : 26321298, E : SH, h : 23/28]
06-13 06:36:27.989  3178  6519 E AppOps  : Cannot noteOperation
06-13 06:36:27.989  3178  6519 E AppOps  : java.lang.SecurityException: Specified package "com.android.phone" under uid 10290 but it is not
06-13 06:36:27.989  3178  6519 E AppOps  : 	at com.android.server.appop.AppOpsService.verifyAndGetBypass(qb/109837446 568d72778742b68b4c2ea42a8520697fc0125bbdaf94f2d1f0d4a4d88a0e584b:63)
06-13 06:36:27.989  3178  6519 E AppOps  : 	at com.android.server.appop.AppOpsService.noteOperationUnchecked(qb/109837446 568d72778742b68b4c2ea42a8520697fc0125bbdaf94f2d1f0d4a4d88a0e584b:65)
06-13 06:36:27.989  3178  6519 E AppOps  : 	at com.android.server.appop.AppOpsService.-$$Nest$mnoteOperationImpl(qb/109837446 568d72778742b68b4c2ea42a8520697fc0125bbdaf94f2d1f0d4a4d88a0e584b:89)
06-13 06:36:27.989  3178  6519 E AppOps  : 	at com.android.server.appop.AppOpsService$CheckOpsDelegateDispatcher$$ExternalSyntheticLambda4.apply(qb/109837446 568d72778742b68b4c2ea42a8520697fc0125bbdaf94f2d1f0d4a4d88a0e584b:65)
06-13 06:36:27.989  3178  6519 E AppOps  : 	at com.android.server.policy.AppOpsPolicy.noteOperation(qb/109837446 568d72778742b68b4c2ea42a8520697fc0125bbdaf94f2d1f0d4a4d88a0e584b:35)
06-13 06:36:27.989  3178  6519 E AppOps  : 	at com.android.server.appop.AppOpsService$CheckOpsDelegateDispatcher.noteOperation(qb/109837446 568d72778742b68b4c2ea42a8520697fc0125bbdaf94f2d1f0d4a4d88a0e584b:66)
06-13 06:36:27.989  3178  6519 E AppOps  : 	at com.android.server.appop.AppOpsService.noteOperation(qb/109837446 568d72778742b68b4c2ea42a8520697fc0125bbdaf94f2d1f0d4a4d88a0e584b:20)
06-13 06:36:27.989  3178  6519 E AppOps  : 	at com.android.internal.app.IAppOpsService$Stub.onTransact(IAppOpsService.java:592)
06-13 06:36:27.989  3178  6519 E AppOps  : 	at android.os.Binder.execTransactInternal(Binder.java:1514)
06-13 06:36:27.989  3178  6519 E AppOps  : 	at android.os.Binder.execTransact(Binder.java:1454)
06-13 06:36:27.990  5445  5584 I GmsPassiveListener_FLP: onGmsLocationChanged, provider=fused / speed=0.0022987097 / time=1781350587946 / elapsed=26321298986566
06-13 06:36:27.990  3178  4811 D SLocation: FilteredLastLocation - notify all last locations, loc : 3
06-13 06:36:27.990  3178  4811 D SLocation: PositionManager - Passive handleLocationChanged [F, A : 9.94, T : 1781350587946, ET : 26321298, h : 23/28]
06-13 06:36:27.990  3178  4811 D SLocation: PositionManager - receive fused location
06-13 06:36:27.990  3178  4811 D SLocation: DuplicateLocationChecker_GeofenceLocationFilter - fused is duplicated last fused location
06-13 06:36:27.990  3178  4811 D SLocation: DuplicateLocationChecker_BatchManager - fused is duplicated last gps location
06-13 06:36:27.990  3178  4811 D SLocation: DuplicateLocationChecker_FilteredLastLocation - fused is duplicated last gps location
06-13 06:36:27.991  2198  2198 I sensors-hal: flush:383, android.sensor.pressure/61
06-13 06:36:27.991  2198  2198 I sensors-hal: send_sync_sensor_request:508, send sync request
06-13 06:36:27.991  2198  2198 I sensors-hal: send_sync_sensor_request:518, send_sync_sensor_request before send_request for pressure with SUID low=6651504447997676721 high=24534046050247843
06-13 06:36:27.991  2198  2198 I sensors-hal: send_sync_sensor_request:537, wait for notification of response
06-13 06:36:27.992  2198 24770 I sensors-hal: qsh_conn_resp_cb:935, resp_value = 0 for pressure 
06-13 06:36:27.992  2198  2198 I sensors-hal: send_sync_sensor_request:543, takes 0 ms to receive the response with 0
06-13 06:36:27.992  2198  2198 I sensors-hal: flush:389, android.sensor.pressure/61 completed
06-13 06:36:27.992 18470 18602 D SensorManager: registerListener :: 61, bmp5 Pressure Sensor Non-wakeup, 200000, 0, 
06-13 06:36:28.022  3178  4162 W DeviceStorageMonitorService: updateBroadcasts(/data) oldLevel:0, newLevel:0, seq:1
06-13 06:36:28.024  3178  4162 D DeviceStorageMonitorService: Available File Node Number is [12076704]
06-13 06:36:28.025  3178  4162 W DeviceStorageMonitorService: updateBroadcasts_filenode(/data) fn_oldLevel:0, fn_newLevel:0, seq:1
06-13 06:36:28.093  2982  4413 D LOWI-9.0.1.74: [LOWI-Scan] wait_event:Wait done with Cmd 34
06-13 06:36:28.093  2982  4413 D LOWI-9.0.1.74: [LOWI-Scan] do_listen_events: Rcvd valid Netlink Cmd 34 Err 0
06-13 06:36:28.093  2982  4413 D LOWI-9.0.1.74: [LOWI-Scan]  -- associated
06-13 06:36:28.094  2982  4413 D LOWI-9.0.1.74: [LOWI-Scan] 
06-13 06:36:28.094  3178  6519 D WifiNl80211Manager: Scan result ready event
06-13 06:36:28.094  2982  4413 D LOWI-9.0.1.74: [LOWI-Scan] BSS f0:09:0d:**:**:01 FREQ: 5220, cFreq1[40:80:160] = [5230:5210:5210] cFreq2 = 5250 SSID Pifi_5G, RSSI(dBM): -58, 11mcRanging: No, Country Code = US 
06-13 06:36:28.094  2982  4413 D LOWI-9.0.1.74: [LOWI-Scan] 
06-13 06:36:28.094  2982  4413 D LOWI-9.0.1.74: [LOWI-Scan] adjust_age:AP AGE upper limit reached. Dont store
06-13 06:36:28.094  2982  4413 D LOWI-9.0.1.74: [LOWI-Scan] BSS f2:09:0d:**:**:02 FREQ: 2427, cFreq1[40:80:160] = [2427:0:0] cFreq2 = 0 SSID PifiSH, RSSI(dBM): -49, 11mcRanging: No, Country Code = US 
06-13 06:36:28.094  2982  4413 D LOWI-9.0.1.74: [LOWI-Scan] 
06-13 06:36:28.094  2982  4413 D LOWI-9.0.1.74: [LOWI-Scan] BSS 60:d8:a4:**:**:9c FREQ: 2437, cFreq1[40:80:160] = [0:0:0] cFreq2 = 0 SSID Pifi-Max, RSSI(dBM): -36, 11mcRanging: No, Country Code = US
06-13 06:36:28.094  2982  4413 D LOWI-9.0.1.74: [LOWI-Scan] 
06-13 06:36:28.094  2982  4413 D LOWI-9.0.1.74: [LOWI-Scan] BSS f0:09:0d:**:**:02 FREQ: 2427, cFreq1[40:80:160] = [2427:0:0] cFreq2 = 0 SSID Pifi, RSSI(dBM): -54, 11mcRanging: No, Country Code = US 
06-13 06:36:28.094  2982  4413 D LOWI-9.0.1.74: [LOWI-Scan] 
06-13 06:36:28.094  2982  4413 D LOWI-9.0.1.74: [LOWI-Scan] BSS 40:4c:77:**:**:10 FREQ: 2437, cFreq1[40:80:160] = [0:0:0] cFreq2 = 0 SSID XFSETUP-10BD, RSSI(dBM): -63, 11mcRanging: No, Country Code = US 
06-13 06:36:28.095  2982  4413 D LOWI-9.0.1.74: [LOWI-Scan] 
06-13 06:36:28.095  2982  4413 D LOWI-9.0.1.74: [LOWI-Scan] BSS 82:da:c2:**:**:fd FREQ: 2462, cFreq1[40:80:160] = [0:0:0] cFreq2 = 0 SSID KeThaBiggest, RSSI(dBM): -78, 11mcRanging: No, Country Code = US
06-13 06:36:28.095  2982  4413 D LOWI-9.0.1.74: [LOWI-Scan] 
06-13 06:36:28.096  2982  4413 D LOWI-9.0.1.74: [LOWI-Scan] adjust_age:AP AGE upper limit reached. Dont store
06-13 06:36:28.096  2982  4413 D LOWI-9.0.1.74: [LOWI-Scan] BSS 54:b2:03:**:**:b8 FREQ: 2462, cFreq1[40:80:160] = [0:0:0] cFreq2 = 0 SSID Love1705, RSSI(dBM): -84, 11mcRanging: No, Country Code = US 
06-13 06:36:28.096  2982  4413 D LOWI-9.0.1.74: [LOWI-Scan] 
06-13 06:36:28.096  2982  4413 D LOWI-9.0.1.74: [LOWI-Scan] BSS 40:4c:77:**:**:11 FREQ: 5785, cFreq1[40:80:160] = [5795:5775:0] cFreq2 = 0 SSID XFSETUP-10BD, RSSI(dBM): -82, 11mcRanging: No, Country Code = US 
06-13 06:36:28.096  2982  4413 D LOWI-9.0.1.74: [LOWI-Scan] 
06-13 06:36:28.096  2982  4413 D LOWI-9.0.1.74: [LOWI-Scan] BSS 4a:4c:77:**:**:11 FREQ: 5785, cFreq1[40:80:160] = [5795:5775:0] cFreq2 = 0 SSID xfinitywifi, RSSI(dBM): -82, 11mcRanging: No, Country Code = US 
06-13 06:36:28.096  2982  4413 D LOWI-9.0.1.74: [LOWI-Scan] 
06-13 06:36:28.097  2982  4413 D LOWI-9.0.1.74: [LOWI-Scan] BSS 62:d8:a4:**:**:f9 FREQ: 5500, cFreq1[40:80:160] = [5510:5530:0] cFreq2 = 0 SSID , RSSI(dBM): -34, 11mcRanging: No, Country Code = US 
06-13 06:36:28.097  2982  4413 D LOWI-9.0.1.74: [LOWI-Scan] 
06-13 06:36:28.097  2982  4413 D LOWI-9.0.1.74: [LOWI-Scan] BSS 60:d8:a4:**:**:9d FREQ: 5500, cFreq1[40:80:160] = [5510:5530:0] cFreq2 = 0 SSID Pifi-Max, RSSI(dBM): -34, 11mcRanging: No, Country Code = US 
06-13 06:36:28.097  2982  4413 D LOWI-9.0.1.74: [LOWI-Scan] 
06-13 06:36:28.097  2982  4413 D LOWI-9.0.1.74: [LOWI-Scan] BSS 5a:4c:77:**:**:11 FREQ: 5785, cFreq1[40:80:160] = [5795:5775:0] cFreq2 = 0 SSID , RSSI(dBM): -82, 11mcRanging: No, Country Code = US 
06-13 06:36:28.097  2982  4413 D LOWI-9.0.1.74: [LOWI-Scan] 
06-13 06:36:28.097  2982  4413 D LOWI-9.0.1.74: [LOWI-Scan] adjust_age:AP AGE upper limit reached. Dont store
06-13 06:36:28.097  2982  4413 D LOWI-9.0.1.74: [LOWI-Scan] BSS 12:36:aa:**:**:b6 FREQ: 5785, cFreq1[40:80:160] = [5795:5775:0] cFreq2 = 0 SSID joyce, RSSI(dBM): -86, 11mcRanging: No, Country Code = US 
06-13 06:36:28.098  2982  4413 D LOWI-9.0.1.74: [LOWI-Scan] 
06-13 06:36:28.098  2982  4413 D LOWI-9.0.1.74: [LOWI-Scan] adjust_age:AP AGE upper limit reached. Dont store
06-13 06:36:28.098  2982  4413 D LOWI-9.0.1.74: [LOWI-Scan] BSS 12:36:aa:**:**:b0 FREQ: 5785, cFreq1[40:80:160] = [5795:5775:0] cFreq2 = 0 SSID xfinitywifi, RSSI(dBM): -86, 11mcRanging: No, Country Code = US 
06-13 06:36:28.098  2982  4413 D LOWI-9.0.1.74: [LOWI-Scan] 
06-13 06:36:28.098  2982  4413 D LOWI-9.0.1.74: [LOWI-Scan] BSS 12:36:aa:**:**:b5 FREQ: 2412, cFreq1[40:80:160] = [2412:0:0] cFreq2 = 0 SSID joyce, RSSI(dBM): -70, 11mcRanging: No, Country Code = US
06-13 06:36:28.098  2982  4413 D LOWI-9.0.1.74: [LOWI-Scan] 
06-13 06:36:28.098  2982  4413 D LOWI-9.0.1.74: [LOWI-Scan] adjust_age:AP AGE upper limit reached. Dont store
06-13 06:36:28.098  2982  4413 D LOWI-9.0.1.74: [LOWI-Scan] BSS 82:da:c2:**:**:fa FREQ: 2462, cFreq1[40:80:160] = [0:0:0] cFreq2 = 0 SSID , RSSI(dBM): -80, 11mcRanging: No, Country Code = US
06-13 06:36:28.099  2982  4413 D LOWI-9.0.1.74: [LOWI-Scan] 
06-13 06:36:28.099  2982  4413 D LOWI-9.0.1.74: [LOWI-Scan] adjust_age:AP AGE upper limit reached. Dont store
06-13 06:36:28.099  2982  4413 D LOWI-9.0.1.74: [LOWI-Scan] BSS 6a:b2:03:**:**:b8 FREQ: 2462, cFreq1[40:80:160] = [0:0:0] cFreq2 = 0 SSID , RSSI(dBM): -82, 11mcRanging: No, Country Code = US 
06-13 06:36:28.099  2982  4413 D LOWI-9.0.1.74: [LOWI-Scan] 
06-13 06:36:28.099  2982  4413 D LOWI-9.0.1.74: [LOWI-Scan] adjust_age:AP AGE upper limit reached. Dont store
06-13 06:36:28.099  2982  4413 D LOWI-9.0.1.74: [LOWI-Scan] BSS 12:36:aa:**:**:b1 FREQ: 2412, cFreq1[40:80:160] = [2412:0:0] cFreq2 = 0 SSID , RSSI(dBM): -70, 11mcRanging: No, Country Code = US
06-13 06:36:28.100  2982  4413 D LOWI-9.0.1.74: [LOWI-Scan] 
06-13 06:36:28.100  2982  4413 D LOWI-9.0.1.74: [LOWI-Scan] BSS 56:4c:77:**:**:10 FREQ: 2437, cFreq1[40:80:160] = [0:0:0] cFreq2 = 0 SSID , RSSI(dBM): -63, 11mcRanging: No, Country Code = US 
06-13 06:36:28.100  2982  4413 D LOWI-9.0.1.74: [LOWI-Scan] 
06-13 06:36:28.100  2982  4413 D LOWI-9.0.1.74: [LOWI-Scan] adjust_age:AP AGE upper limit reached. Dont store
06-13 06:36:28.100  2982  4413 D LOWI-9.0.1.74: [LOWI-Scan] BSS 5a:4c:77:**:**:10 FREQ: 2437, cFreq1[40:80:160] = [0:0:0] cFreq2 = 0 SSID , RSSI(dBM): -62, 11mcRanging: No, Country Code = US 
06-13 06:36:28.100  2982  4413 D LOWI-9.0.1.74: [LOWI-Scan] 
06-13 06:36:28.100  3178  6519 D WifiNative: Scan result ready event
06-13 06:36:28.100  2982  4413 D LOWI-9.0.1.74: [LOWI-Scan] adjust_age:AP AGE upper limit reached. Dont store
06-13 06:36:28.100  2982  4413 D LOWI-9.0.1.74: [LOWI-Scan] BSS 82:da:c2:**:**:f8 FREQ: 5220, cFreq1[40:80:160] = [5230:5210:0] cFreq2 = 0 SSID xfinitywifi, RSSI(dBM): -84, 11mcRanging: No, Country Code = US
06-13 06:36:28.100  2982  4413 D LOWI-9.0.1.74: [LOWI-Scan] 
06-13 06:36:28.100  2982  4413 D LOWI-9.0.1.74: [LOWI-Scan] adjust_age:AP AGE upper limit reached. Dont store
06-13 06:36:28.100  2982  4413 D LOWI-9.0.1.74: [LOWI-Scan] BSS 82:da:c2:**:**:fb FREQ: 5220, cFreq1[40:80:160] = [5230:5210:0] cFreq2 = 0 SSID , RSSI(dBM): -85, 11mcRanging: No, Country Code = US
06-13 06:36:28.100  2982  4413 D LOWI-9.0.1.74: [LOWI-Scan] 
06-13 06:36:28.100  2982  4413 D LOWI-9.0.1.74: [LOWI-Scan] adjust_age:AP AGE upper limit reached. Dont store
06-13 06:36:28.100  2982  4413 D LOWI-9.0.1.74: [LOWI-Scan] BSS 82:da:c2:**:**:fe FREQ: 5220, cFreq1[40:80:160] = [5230:5210:0] cFreq2 = 0 SSID KeThaBiggest, RSSI(dBM): -84, 11mcRanging: No, Country Code = US
06-13 06:36:28.100  2982  4413 D LOWI-9.0.1.74: [LOWI-Scan] 
06-13 06:36:28.100  2982  4413 D LOWI-9.0.1.74: [LOWI-Scan] adjust_age:AP AGE upper limit reached. Dont store
06-13 06:36:28.100  2982  4413 D LOWI-9.0.1.74: [LOWI-Scan] BSS 12:36:aa:**:**:b2 FREQ: 2412, cFreq1[40:80:160] = [2412:0:0] cFreq2 = 0 SSID , RSSI(dBM): -68, 11mcRanging: No, Country Code = US
06-13 06:36:28.100  2982  4413 D LOWI-9.0.1.74: [LOWI-Scan] 
06-13 06:36:28.100  2982  4413 D LOWI-9.0.1.74: [LOWI-Scan] BSS 46:4c:77:**:**:10 FREQ: 2437, cFreq1[40:80:160] = [0:0:0] cFreq2 = 0 SSID , RSSI(dBM): -63, 11mcRanging: No, Country Code = US 
06-13 06:36:28.100  2982  4413 D LOWI-9.0.1.74: [LOWIDiagLog] Log: lowiMeasResult->request: invalid null argument
06-13 06:36:28.100  2982  4413 I LOWI-9.0.1.74: [LOWI-Scan] lowi_close_record:Scan done in 26269582ms, 25 APs in scan results
06-13 06:36:28.100  2982  4413 D LOWI-9.0.1.74: [LOWI-Scan] WipsScanUsingNL: passive scan cached 0, took 6688 ms, err 0
06-13 06:36:28.100  2982  4413 D LOWI-9.0.1.74: [LOWI-Scan] lowi_proc_req_passive_scan_with_live_meas - No WLAN Frames to be parsed
06-13 06:36:28.100  2982  4413 D LOWI-9.0.1.74: [LOWIScanResultReceiver] Send scan meas to listener
06-13 06:36:28.100  2982  4413 D LOWI-9.0.1.74: [LOWIScanResultReceiver] Enter passive listening mode
06-13 06:36:28.100  2982  4413 D LOWI-9.0.1.74: [LOWIWifiDriverInterface] getMeasurements - Passive listening mode
06-13 06:36:28.101  2982  4413 D LOWI-9.0.1.74: [LOWI-Scan] WipsScanUsingNL:wait -1 sec for netlink message
06-13 06:36:28.101  2982  3006 D LOWI-9.0.1.74: [LOWIEventReceiver] handleEvent:FROM:NA, TO:NA, REQ:NA, IREQ:NA, REQ_ID:0, RESP:NA, INFO:NA
06-13 06:36:28.101  2982  3006 D LOWI-9.0.1.74: [LOWIBackgroundScanMgr] isRspForBgScanMgr: evt(LOWI_NO_EVT) - not handled
06-13 06:36:28.101  2982  3006 D LOWI-9.0.1.74: [LOWIScheduler] manageMsg: NULL results or NULL request in results
06-13 06:36:28.101  2982  3006 D LOWI-9.0.1.74: [LOWIController] Measurements received
06-13 06:36:28.101  2982  3006 D LOWI-9.0.1.74: [LOWICacheManager] putInCache:Num of Meas to add: 25
06-13 06:36:28.104  2982  3006 D LOWI-9.0.1.74: [LOWIController] processMeasurementResults: No current Request. Cache measurements
06-13 06:36:28.105  2982  3006 D LOWI-9.0.1.74: [LOWIController] sendAsyncScanResponse: Request FreeWifiScanObserver_5 is from a different client.
06-13 06:36:28.105  2982  3006 D LOWI-9.0.1.74: [LOWIController] generateResponse: Type (ASYNC_DISCOVERY_SCAN_RESULTS) ScanStatus (1) request FreeWifiScanObserver_5
06-13 06:36:28.105  2982  3006 D LOWI-9.0.1.74: [LOWIEventDispatcher] sendResponse - originator = FreeWifiScanObserver
06-13 06:36:28.105  2982  3006 D LOWI-9.0.1.74: [LOWIUtils] injectScanMeasurements - num of APs = 25
06-13 06:36:28.106  2982  3006 I LOWI-9.0.1.74: [LOWIUtils] responseToOutPostcard - TO: FreeWifiScanObserver, FROM:   LOWI-SERVER, RESP:  LOWI_ASYNC_DISCOVERY_SCAN_RESULTS
06-13 06:36:28.108  2982  3006 D LOWI-9.0.1.74: [LOWIControllerExtn] sendLOWILpDiscoveryScanResponse: Not a discovery scan response
06-13 06:36:28.109  2198  2198 I sensors-hal: set_config:60, sample_period_ns is adjusted to 200000000 based on min/max delay_ns
06-13 06:36:28.109  2198  2198 I sensors-hal: batch:363, android.sensor.pressure/61, period=200000000, max_latency=0 request completed
06-13 06:36:28.110 18470 18602 D SensorManager: unregisterListener
06-13 06:36:28.112  3178  4135 D WificondScannerImpl: Filtering out 12 scan results.
06-13 06:36:28.114  3178  4135 I WifiScanner: onFullResults
06-13 06:36:28.114  5073  5112 I WifiScanner: onFullResults
06-13 06:36:28.116  3178  4135 I WifiScanner: onFullResults
06-13 06:36:28.116  3178  4135 I WifiScanner: onFullResults
06-13 06:36:28.116  5073  5112 I WifiScanner: onFullResults
06-13 06:36:28.117  5073  5105 I WifiScanner: onFullResults
06-13 06:36:28.117 14814 11576 I WifiScanner: onFullResults
06-13 06:36:28.118  5073 12510 I WifiScanner: onFullResults
06-13 06:36:28.121  3178  4811 I SLocation: ReceiverPairWithWifi - handle Wifi Scans ID = 18
06-13 06:36:28.122  3178  4131 D PasspointManager: ANQP entry not found for: 60:d8:a4:8a:bf:9d:<Pifi-Max>
06-13 06:36:28.122  3178  4811 I SLocation: ReceiverPairWithWifi - force set enter id=18 by wifi scan
06-13 06:36:28.122  3178  4131 D PasspointManager: ANQP entry not found for: 60:d8:a4:8a:bf:9c:<Pifi-Max>
06-13 06:36:28.122  3178  4811 D SLocation: ReceiverPair - ignore direction of location due to wifi, id = 18, reason = 500
06-13 06:36:28.122  3178  4811 D SLocation: ReceiverPair - handleWifiScan - wifi scanned enter
06-13 06:36:28.122  3178  4811 D SLocation: ReceiverPair - ignore direction of location due to wifi, id = 19, reason = 500
06-13 06:36:28.123  2197  2255 I LocSvc_api_v02: ---> locClientSendReq line 2462 QMI_LOC_INJECT_WIFI_AP_DATA_REQ_V02
06-13 06:36:28.125  3178  4229 D SemWifiScanPool: countryCode: US, count: 13, totalSamples: 13, rate: 100.0%
06-13 06:36:28.126  3178  4229 V SemWifiScanPool: updateScanResult, full scan:13 configKeys: 13 notifyconfigKeys: 12 pool_bssid:25 pool_configKeys:17
06-13 06:36:28.126  3178  4229 D WifiConnectivityMonitor: onScanResultUpdated
06-13 06:36:28.127  3178  4229 D WifiConnectivityMonitor: mMaxScannedCountryCode : US
06-13 06:36:28.128  2197  4068 I LocSvc_ApiV02: <--- globalRespCb line 355 QMI_LOC_INJECT_WIFI_AP_DATA_REQ_V02
06-13 06:36:28.134  2200  4360 D QCALOG  : [LOWI-WIFIHAL-2.1.1.27] printWiFiHalRequest: Request_id: 1240, numBssids : 6
06-13 06:36:28.134  2200  4360 D QCALOG  : [LOWI-WIFIHAL-2.1.1.27] wifiNodeParamChecking: Request_id: 1240, numBssids : 6
06-13 06:36:28.134  2200  4360 D QCALOG  : [LOWIUtils] requestToOutPostcard - Added a node card to the main card
06-13 06:36:28.134  2200  4360 D QCALOG  : [LOWIUtils] requestToOutPostcard - Added a node card to the main card
06-13 06:36:28.134  2200  4360 D QCALOG  : [LOWIUtils] requestToOutPostcard - Added a node card to the main card
06-13 06:36:28.134  2200  4360 D QCALOG  : [LOWIUtils] requestToOutPostcard - Added a node card to the main card
06-13 06:36:28.134  2200  4360 D QCALOG  : [LOWIUtils] requestToOutPostcard - Added a node card to the main card
06-13 06:36:28.134  2200  4360 D QCALOG  : [LOWIUtils] requestToOutPostcard - Added a node card to the main card
06-13 06:36:28.135  2200  4360 D QCALOG  : [LOWI-WIFIHAL-2.1.1.27] printLowiRequest: Request_id: 242, numBssids: 6
06-13 06:36:28.135  2200  4360 D QCALOG  : [LOWI-WIFIHAL-2.1.1.27] printLowiRequest: freq(5500)MHz, band_center_freq1(5530)MHz, band_center_freq2(0)MHz, rttType(RTT2), bwType(BW_80MHZ), pktsPerMeas(2)
06-13 06:36:28.135  2200  4360 D QCALOG  : [LOWI-WIFIHAL-2.1.1.27] printLowiRequest: periodic(0), burstPeriod(0) ms, numBursts(0), numRetries(3)
06-13 06:36:28.135  2200  4360 D QCALOG  : [LOWI-WIFIHAL-2.1.1.27] printLowiRequest: LCI Req(0x1) Civic(0x1) Bursts Exp(0) Burst Duration(9) Burst Period(0)
06-13 06:36:28.135  2200  4360 D QCALOG  : [LOWI-WIFIHAL-2.1.1.27] printLowiRequest: freq(5500)MHz, band_center_freq1(5530)MHz, band_center_freq2(0)MHz, rttType(RTT2), bwType(BW_80MHZ), pktsPerMeas(2)
06-13 06:36:28.135  2200  4360 D QCALOG  : [LOWI-WIFIHAL-2.1.1.27] printLowiRequest: periodic(0), burstPeriod(0) ms, numBursts(0), numRetries(3)
06-13 06:36:28.135  2200  4360 D QCALOG  : [LOWI-WIFIHAL-2.1.1.27] printLowiRequest: LCI Req(0x1) Civic(0x1) Bursts Exp(0) Burst Duration(9) Burst Period(0)
06-13 06:36:28.135  2200  4360 D QCALOG  : [LOWI-WIFIHAL-2.1.1.27] printLowiRequest: freq(5220)MHz, band_center_freq1(5210)MHz, band_center_freq2(5250)MHz, rttType(RTT2), bwType(BW_160MHZ), pktsPerMeas(2)
06-13 06:36:28.135  2200  4360 D QCALOG  : [LOWI-WIFIHAL-2.1.1.27] printLowiRequest: periodic(0), burstPeriod(0) ms, numBursts(0), numRetries(3)
06-13 06:36:28.135  2200  4360 D QCALOG  : [LOWI-WIFIHAL-2.1.1.27] printLowiRequest: LCI Req(0x1) Civic(0x1) Bursts Exp(0) Burst Duration(9) Burst Period(0)
06-13 06:36:28.135  2200  4360 D QCALOG  : [LOWI-WIFIHAL-2.1.1.27] printLowiRequest: freq(5785)MHz, band_center_freq1(5775)MHz, band_center_freq2(0)MHz, rttType(RTT2), bwType(BW_80MHZ), pktsPerMeas(2)
06-13 06:36:28.135  2200  4360 D QCALOG  : [LOWI-WIFIHAL-2.1.1.27] printLowiRequest: periodic(0), burstPeriod(0) ms, numBursts(0), numRetries(3)
06-13 06:36:28.135  2200  4360 D QCALOG  : [LOWI-WIFIHAL-2.1.1.27] printLowiRequest: LCI Req(0x1) Civic(0x1) Bursts Exp(0) Burst Duration(9) Burst Period(0)
06-13 06:36:28.135  2200  4360 D QCALOG  : [LOWI-WIFIHAL-2.1.1.27] printLowiRequest: freq(5785)MHz, band_center_freq1(5775)MHz, band_center_freq2(0)MHz, rttType(RTT2), bwType(BW_80MHZ), pktsPerMeas(2)
06-13 06:36:28.135  2200  4360 D QCALOG  : [LOWI-WIFIHAL-2.1.1.27] printLowiRequest: periodic(0), burstPeriod(0) ms, numBursts(0), numRetries(3)
06-13 06:36:28.135  2200  4360 D QCALOG  : [LOWI-WIFIHAL-2.1.1.27] printLowiRequest: LCI Req(0x1) Civic(0x1) Bursts Exp(0) Burst Duration(9) Burst Period(0)
06-13 06:36:28.135  2200  4360 D QCALOG  : [LOWI-WIFIHAL-2.1.1.27] printLowiRequest: freq(5785)MHz, band_center_freq1(5775)MHz, band_center_freq2(0)MHz, rttType(RTT2), bwType(BW_80MHZ), pktsPerMeas(2)
06-13 06:36:28.135  2200  4360 D QCALOG  : [LOWI-WIFIHAL-2.1.1.27] printLowiRequest: periodic(0), burstPeriod(0) ms, numBursts(0), numRetries(3)
06-13 06:36:28.135  2200  4360 D QCALOG  : [LOWI-WIFIHAL-2.1.1.27] printLowiRequest: LCI Req(0x1) Civic(0x1) Bursts Exp(0) Burst Duration(9) Burst Period(0)
06-13 06:36:28.135  2982  3005 D LOWI-9.0.1.74: [MqClientIpcReciver] FROM: 73fd882c00-LC
06-13 06:36:28.135  2982  3005 D LOWI-9.0.1.74: [MqClientIpcReciver] REQ:  LOWI_PERIODIC_RANGING_SCAN
06-13 06:36:28.135  2982  3005 D LOWI-9.0.1.74: [MqClientIpcReciver] TX-ID:  242
06-13 06:36:28.135  2982  3006 D LOWI-9.0.1.74: [LOWIEventReceiver] handleEvent:FROM:73fd882c00-LC, TO:LOWI-SERVER, REQ:LOWI_PERIODIC_RANGING_SCAN, IREQ:NA, REQ_ID:242, RESP:NA, INFO:NA
06-13 06:36:28.135  2982  3006 I LOWI-9.0.1.74: [LOWIUtils] inPostcardToRequest - FROM: 73fd882c00-LC, TO:   LOWI-SERVER, REQ:  LOWI_PERIODIC_RANGING_SCAN
06-13 06:36:28.135  2982  3006 D LOWI-9.0.1.74: [LOWIUtils] parseRangReqInfo - Request id(242) REQ_TIMEOUT(0) RANGING_SCAN_REPORT_TYPE(2), NUM_OF_NODES(6)
06-13 06:36:28.135  2982  3006 D LOWI-9.0.1.74: [LOWIUtils] parseRangScanParams - 62:d8:a4:**:**:f9 FREQ(5500 - 5530, 0) NODE_TYPE(1) RTT Type(1) BW(2) PREAMBLE(2) PKTS_PER_MEAS(2) RETRIES_PER_MEAS(3) PHYMODE(-1)
06-13 06:36:28.135  2982  3006 D LOWI-9.0.1.74: [LOWIUtils] parseRangScanParams - isRttBgNode 0 tbPeriodicity 0 tbDuration 0 tbMaxSessionExpiry 0
06-13 06:36:28.135  2982  3006 D LOWI-9.0.1.74: [LOWIUtils] parseRangScanParams -  PERIODIC(0) PERIOD(0) COUNT(0)
06-13 06:36:28.135  2982  3006 D LOWI-9.0.1.74: [LOWIUtils] parseRangScanParams - 60:d8:a4:**:**:9d FREQ(5500 - 5530, 0) NODE_TYPE(1) RTT Type(1) BW(2) PREAMBLE(2) PKTS_PER_MEAS(2) RETRIES_PER_MEAS(3) PHYMODE(-1)
06-13 06:36:28.135  2982  3006 D LOWI-9.0.1.74: [LOWIUtils] parseRangScanParams - isRttBgNode 0 tbPeriodicity 0 tbDuration 0 tbMaxSessionExpiry 0
06-13 06:36:28.135  2982  3006 D LOWI-9.0.1.74: [LOWIUtils] parseRangScanParams -  PERIODIC(0) PERIOD(0) COUNT(0)
06-13 06:36:28.135  2982  3006 D LOWI-9.0.1.74: [LOWIUtils] parseRangScanParams - f0:09:0d:**:**:01 FREQ(5220 - 5210, 5250) NODE_TYPE(1) RTT Type(1) BW(3) PREAMBLE(2) PKTS_PER_MEAS(2) RETRIES_PER_MEAS(3) PHYMODE(-1)
06-13 06:36:28.135  2982  3006 D LOWI-9.0.1.74: [LOWIUtils] parseRangScanParams - isRttBgNode 0 tbPeriodicity 0 tbDuration 0 tbMaxSessionExpiry 0
06-13 06:36:28.135  2982  3006 D LOWI-9.0.1.74: [LOWIUtils] parseRangScanParams -  PERIODIC(0) PERIOD(0) COUNT(0)
06-13 06:36:28.135  2982  3006 D LOWI-9.0.1.74: [LOWIUtils] parseRangScanParams - 40:4c:77:**:**:11 FREQ(5785 - 5775, 0) NODE_TYPE(1) RTT Type(1) BW(2) PREAMBLE(2) PKTS_PER_MEAS(2) RETRIES_PER_MEAS(3) PHYMODE(-1)
06-13 06:36:28.135  2982  3006 D LOWI-9.0.1.74: [LOWIUtils] parseRangScanParams - isRttBgNode 0 tbPeriodicity 0 tbDuration 0 tbMaxSessionExpiry 0
06-13 06:36:28.135  2982  3006 D LOWI-9.0.1.74: [LOWIUtils] parseRangScanParams -  PERIODIC(0) PERIOD(0) COUNT(0)
06-13 06:36:28.135  2982  3006 D LOWI-9.0.1.74: [LOWIUtils] parseRangScanParams - 4a:4c:77:**:**:11 FREQ(5785 - 5775, 0) NODE_TYPE(1) RTT Type(1) BW(2) PREAMBLE(2) PKTS_PER_MEAS(2) RETRIES_PER_MEAS(3) PHYMODE(-1)
06-13 06:36:28.135  2982  3006 D LOWI-9.0.1.74: [LOWIUtils] parseRangScanParams - isRttBgNode 0 tbPeriodicity 0 tbDuration 0 tbMaxSessionExpiry 0
06-13 06:36:28.136  2982  3006 D LOWI-9.0.1.74: [LOWIUtils] parseRangScanParams -  PERIODIC(0) PERIOD(0) COUNT(0)
06-13 06:36:28.136  2982  3006 D LOWI-9.0.1.74: [LOWIUtils] parseRangScanParams - 5a:4c:77:**:**:11 FREQ(5785 - 5775, 0) NODE_TYPE(1) RTT Type(1) BW(2) PREAMBLE(2) PKTS_PER_MEAS(2) RETRIES_PER_MEAS(3) PHYMODE(-1)
06-13 06:36:28.136  2982  3006 D LOWI-9.0.1.74: [LOWIUtils] parseRangScanParams - isRttBgNode 0 tbPeriodicity 0 tbDuration 0 tbMaxSessionExpiry 0
06-13 06:36:28.136  2982  3006 D LOWI-9.0.1.74: [LOWIUtils] parseRangScanParams -  PERIODIC(0) PERIOD(0) COUNT(0)
06-13 06:36:28.136  2982  3006 D LOWI-9.0.1.74: [LOWIController] _process: Request 73fd882c00-LC_242 received, type(PERIODIC_RANGING_SCAN)
06-13 06:36:28.136  2982  3006 D LOWI-9.0.1.74: [LOWIBackgroundScanMgr] isReqForBgScanMgr: PERIODIC_RANGING_SCAN - not handled
06-13 06:36:28.136  2982  3006 D LOWI-9.0.1.74: [LOWIScheduler] manageRequest: Received: PERIODIC_RANGING_SCAN
06-13 06:36:28.136  2982  3006 D LOWI-9.0.1.74: [LOWIScheduler] manageRequest: NumPeriodicNodesInDB(0) DBsize(6) mTimerRunning(0)
06-13 06:36:28.136  2982  3006 D LOWI-9.0.1.74: [LOWIScheduler] ****************************** WiFiNode Database *****************************************************************************************
06-13 06:36:28.136  2982  3006 D LOWI-9.0.1.74: [LOWIScheduler] Num of remaining nodes: 6
06-13 06:36:28.136  2982  3006 D LOWI-9.0.1.74: [LOWIScheduler] BSSID             Freq nodeT rttT  BW     pkts cont period       numMeas perCntr retries retCntr ReqId      schId      nodeState                  
06-13 06:36:28.136  2982  3006 D LOWI-9.0.1.74: [LOWIScheduler] 5a:4c:77:**:**:11 5785 AP    RTT2  BW_80  2    0    0            0       0       3       0       242        0          WIFI_NODE_READY_FOR_REQ    
06-13 06:36:28.136  2982  3006 D LOWI-9.0.1.74: [LOWIScheduler] 4a:4c:77:**:**:11 5785 AP    RTT2  BW_80  2    0    0            0       0       3       0       242        0          WIFI_NODE_READY_FOR_REQ    
06-13 06:36:28.136  2982  3006 D LOWI-9.0.1.74: [LOWIScheduler] 40:4c:77:**:**:11 5785 AP    RTT2  BW_80  2    0    0            0       0       3       0       242        0          WIFI_NODE_READY_FOR_REQ    
06-13 06:36:28.136  2982  3006 D LOWI-9.0.1.74: [LOWIScheduler] f0:09:0d:**:**:01 5220 AP    RTT2  BW_160 2    0    0            0       0       3       0       242        0          WIFI_NODE_READY_FOR_REQ    
06-13 06:36:28.136  2982  3006 D LOWI-9.0.1.74: [LOWIScheduler] 60:d8:a4:**:**:9d 5500 AP    RTT2  BW_80  2    0    0            0       0       3       0       242        0          WIFI_NODE_READY_FOR_REQ    
06-13 06:36:28.136  2982  3006 D LOWI-9.0.1.74: [LOWIScheduler] 62:d8:a4:**:**:f9 5500 AP    RTT2  BW_80  2    0    0            0       0       3       0       242        0          WIFI_NODE_READY_FOR_REQ    
06-13 06:36:28.136  2982  3006 D LOWI-9.0.1.74: [LOWIScheduler] ******************************************************************************************************************************************
06-13 06:36:28.136  2982  3006 D LOWI-9.0.1.74: [LOWIScheduler] setupRequest: nodes in wifi req(6) wigig req(0) bg_nodes req(0)
06-13 06:36:28.136  2982  3006 D LOWI-9.0.1.74: [LOWIScheduler] schReqId: 2982-241
06-13 06:36:28.136  2982  3006 D LOWI-9.0.1.74: [LOWIController] isWifiEnabled: mNlWifiStatus 2 mWifiStateEnabled 1
06-13 06:36:28.136  2982  3006 D LOWI-9.0.1.74: [LOWI-ROME-RTT] RomeUnblockRangingThread
06-13 06:36:28.136  2982  4414 D LOWI-9.0.1.74: [LOWI-ROME-RTT] RomeWaitOnActivityOnSocketOrPipe: Ranging thread Received string: Close, request socket shutdown 
06-13 06:36:28.136  2982  4414 D LOWI-9.0.1.74: [LOWIRangingFSM] FSM: Received Event EVENT_RANGING_REQ, Current state: STATE_READY_AND_IDLE
06-13 06:36:28.136  2982  4414 I LOWI-9.0.1.74: [LOWIRangingFSM] Skipping TMR check temporarily 
06-13 06:36:28.136  2982  4414 I LOWI-9.0.1.74: [LOWIRangingFSM] PrepareRangingRequest: AP: 5a:4c:77:**:**:11MHz: 5785 freq1: 5775 freq2: 0 BW: 2 phy mode: LOWI_PHY_MODE_11AC_VHT80    Overwrite chanInfo from cache
06-13 06:36:28.136  2982  4414 D LOWI-9.0.1.74: [LOWIRangingHeliumFSM] validChannelBWPreambleCombo: Valid combo: BW(BW_80MHZ) channel(5785:5775) phy mode(LOWI_PHY_MODE_11AC_VHT80) & preamble(RTT_PREAMBLE_VHT) for AP:5a:4c:77:**:**:11
06-13 06:36:28.136  2982  4414 I LOWI-9.0.1.74: [LOWIRangingFSM] Skipping TMR check temporarily 
06-13 06:36:28.136  2982  4414 I LOWI-9.0.1.74: [LOWIRangingFSM] PrepareRangingRequest: AP: 4a:4c:77:**:**:11MHz: 5785 freq1: 5775 freq2: 0 BW: 2 phy mode: LOWI_PHY_MODE_11AC_VHT80    Overwrite chanInfo from cache
06-13 06:36:28.136  2982  4414 D LOWI-9.0.1.74: [LOWIRangingHeliumFSM] validChannelBWPreambleCombo: Valid combo: BW(BW_80MHZ) channel(5785:5775) phy mode(LOWI_PHY_MODE_11AC_VHT80) & preamble(RTT_PREAMBLE_VHT) for AP:4a:4c:77:**:**:11
06-13 06:36:28.136  2982  4414 I LOWI-9.0.1.74: [LOWIRangingFSM] Skipping TMR check temporarily 
06-13 06:36:28.136  2982  4414 I LOWI-9.0.1.74: [LOWIRangingFSM] PrepareRangingRequest: AP: 40:4c:77:**:**:11MHz: 5785 freq1: 5775 freq2: 0 BW: 2 phy mode: LOWI_PHY_MODE_11AC_VHT80    Overwrite chanInfo from cache
06-13 06:36:28.136  2982  4414 D LOWI-9.0.1.74: [LOWIRangingHeliumFSM] validChannelBWPreambleCombo: Valid combo: BW(BW_80MHZ) channel(5785:5775) phy mode(LOWI_PHY_MODE_11AC_VHT80) & preamble(RTT_PREAMBLE_VHT) for AP:40:4c:77:**:**:11
06-13 06:36:28.137  2982  4414 I LOWI-9.0.1.74: [LOWIRangingFSM] Skipping TMR check temporarily 
06-13 06:36:28.137  2982  4414 I LOWI-9.0.1.74: [LOWIRangingFSM] PrepareRangingRequest: AP: f0:09:0d:**:**:01MHz: 5220 freq1: 5210 freq2: 5250 BW: 3 phy mode: LOWI_PHY_MODE_11AX_HE160    Overwrite chanInfo from cache
06-13 06:36:28.137  2982  4414 D LOWI-9.0.1.74: [LOWIRangingHeliumFSM] validChannelBWPreambleCombo: Valid combo: BW(BW_160MHZ) channel(5220:5210) phy mode(LOWI_PHY_MODE_11AX_HE160) & preamble(RTT_PREAMBLE_VHT) for AP:f0:09:0d:**:**:01
06-13 06:36:28.137  3178  3178 D GnssLocationProvider_ex: receive broadcast intent, action: android.net.wifi.SCAN_RESULTS
06-13 06:36:28.137  2982  4414 I LOWI-9.0.1.74: [LOWIRangingFSM] Skipping TMR check temporarily 
06-13 06:36:28.137  2982  4414 I LOWI-9.0.1.74: [LOWIRangingFSM] PrepareRangingRequest: AP: 60:d8:a4:**:**:9dMHz: 5500 freq1: 5530 freq2: 0 BW: 2 phy mode: LOWI_PHY_MODE_11AC_VHT80    Overwrite chanInfo from cache
06-13 06:36:28.137  2982  4414 D LOWI-9.0.1.74: [LOWIRangingHeliumFSM] validChannelBWPreambleCombo: Valid combo: BW(BW_80MHZ) channel(5500:5530) phy mode(LOWI_PHY_MODE_11AC_VHT80) & preamble(RTT_PREAMBLE_VHT) for AP:60:d8:a4:**:**:9d
06-13 06:36:28.137  2982  4414 I LOWI-9.0.1.74: [LOWIRangingFSM] Skipping TMR check temporarily 
06-13 06:36:28.137  2982  4414 I LOWI-9.0.1.74: [LOWIRangingFSM] PrepareRangingRequest: AP: 62:d8:a4:**:**:f9MHz: 5500 freq1: 5530 freq2: 0 BW: 2 phy mode: LOWI_PHY_MODE_11AC_VHT80    Overwrite chanInfo from cache
06-13 06:36:28.137  2982  4414 D LOWI-9.0.1.74: [LOWIRangingHeliumFSM] validChannelBWPreambleCombo: Valid combo: BW(BW_80MHZ) channel(5500:5530) phy mode(LOWI_PHY_MODE_11AC_VHT80) & preamble(RTT_PREAMBLE_VHT) for AP:62:d8:a4:**:**:f9
06-13 06:36:28.137  2982  4414 D LOWI-9.0.1.74: [LOWIRangingFSM] SendRangingReq: curChIndex: 0, totChs: 3, curAp: 0, totAp: 3
06-13 06:36:28.137  2982  4414 I LOWI-9.0.1.74: [LOWIRangingFSM] SendRangingReq: Starting RTT with 3 APs over 3 channels
06-13 06:36:28.137  2982  4414 D LOWI-9.0.1.74: [LOWIUtils] freqToChBandBit: frequency 5785 channel 157 Band 1
06-13 06:36:28.137  2982  4414 D LOWI-9.0.1.74: [LOWIUtils] freqToChBandBit: frequency 5785 channel 157 Band 1
06-13 06:36:28.137  2982  4414 D LOWI-9.0.1.74: [LOWI-HELIUM-RTT] RomeSendRttReq: PHY Mode(LOWI_PHY_MODE_11AC_VHT80) timeoutPerTarget(50) reportType(RTT_REPORT_AGGREGATE)
06-13 06:36:28.137  4432  4432 I wpa_sslib: cmd: GETNCHOMODE
06-13 06:36:28.138  2982  3006 D LOWI-9.0.1.74: [LOWIController] issueRequest: LOWIRequestOriginator_195428593 sent to driver request - SUCCESS
06-13 06:36:28.138  4432  4432 I wpa_sslib: Response: GETNCHOMODE 0
06-13 06:36:28.138  2982  3006 D LOWI-9.0.1.74: [LOWIScheduler] setupRequest: database updated
06-13 06:36:28.138  2982  3006 D LOWI-9.0.1.74: [LOWIScheduler] ****************************** WiFiNode Database *****************************************************************************************
06-13 06:36:28.138  2982  3006 D LOWI-9.0.1.74: [LOWIScheduler] Num of remaining nodes: 6
06-13 06:36:28.138  2982  3006 D LOWI-9.0.1.74: [LOWIScheduler] BSSID             Freq nodeT rttT  BW     pkts cont period       numMeas perCntr retries retCntr ReqId      schId      nodeState                  
06-13 06:36:28.138  2982  3006 D LOWI-9.0.1.74: [LOWIScheduler] 5a:4c:77:**:**:11 5785 AP    RTT2  BW_80  2    0    0            0       0       3       0       242        195428593  WIFI_NODE_MEAS_IN_PROGRESS 
06-13 06:36:28.138  2982  3006 D LOWI-9.0.1.74: [LOWIScheduler] 4a:4c:77:**:**:11 5785 AP    RTT2  BW_80  2    0    0            0       0       3       0       242        195428593  WIFI_NODE_MEAS_IN_PROGRESS 
06-13 06:36:28.138  2982  3006 D LOWI-9.0.1.74: [LOWIScheduler] 40:4c:77:**:**:11 5785 AP    RTT2  BW_80  2    0    0            0       0       3       0       242        195428593  WIFI_NODE_MEAS_IN_PROGRESS 
06-13 06:36:28.138  2982  3006 D LOWI-9.0.1.74: [LOWIScheduler] f0:09:0d:**:**:01 5220 AP    RTT2  BW_160 2    0    0            0       0       3       0       242        195428593  WIFI_NODE_MEAS_IN_PROGRESS 
06-13 06:36:28.138  2982  3006 D LOWI-9.0.1.74: [LOWIScheduler] 60:d8:a4:**:**:9d 5500 AP    RTT2  BW_80  2    0    0            0       0       3       0       242        195428593  WIFI_NODE_MEAS_IN_PROGRESS 
06-13 06:36:28.138  2982  3006 D LOWI-9.0.1.74: [LOWIScheduler] 62:d8:a4:**:**:f9 5500 AP    RTT2  BW_80  2    0    0            0       0       3       0       242        195428593  WIFI_NODE_MEAS_IN_PROGRESS 
06-13 06:36:28.138  2982  3006 D LOWI-9.0.1.74: [LOWIScheduler] ******************************************************************************************************************************************
06-13 06:36:28.138  2982  3006 D LOWI-9.0.1.74: [LOWIController] Scheduler is managing the msg
06-13 06:36:28.138  2200  4411 I WifiHAL : send_nl_data: sent cld80211 msg of len: 268 to driver
06-13 06:36:28.138  2982  4414 D LOWI-9.0.1.74: [LOWI-ROME-RTT] send_oem_nl_msg: sent cld80211 message with subcmd: 5
06-13 06:36:28.138  2982  4414 D LOWI-9.0.1.74: [LOWIRangingFSM] FSM: New FSM state: STATE_PROCESSING_RANGING_REQ
06-13 06:36:28.138  2982  4414 D LOWI-9.0.1.74: [LOWI-ROME-RTT] RomeWaitOnActivityOnSocketOrPipe: issue timed select: TO: 5 
06-13 06:36:28.139  3178  4480 E AppOps  : Bad call made by uid 1001. Package "com.android.phone" does not belong to uid 10094.
06-13 06:36:28.139  3178  4480 E AppOps  : Cannot noteOperation
06-13 06:36:28.139  3178  4480 E AppOps  : java.lang.SecurityException: Specified package "com.android.phone" under uid 10094 but it is not
06-13 06:36:28.139  3178  4480 E AppOps  : 	at com.android.server.appop.AppOpsService.verifyAndGetBypass(qb/109837446 568d72778742b68b4c2ea42a8520697fc0125bbdaf94f2d1f0d4a4d88a0e584b:63)
06-13 06:36:28.139  3178  4480 E AppOps  : 	at com.android.server.appop.AppOpsService.noteOperationUnchecked(qb/109837446 568d72778742b68b4c2ea42a8520697fc0125bbdaf94f2d1f0d4a4d88a0e584b:65)
06-13 06:36:28.139  3178  4480 E AppOps  : 	at com.android.server.appop.AppOpsService.-$$Nest$mnoteOperationImpl(qb/109837446 568d72778742b68b4c2ea42a8520697fc0125bbdaf94f2d1f0d4a4d88a0e584b:89)
06-13 06:36:28.139  3178  4480 E AppOps  : 	at com.android.server.appop.AppOpsService$CheckOpsDelegateDispatcher$$ExternalSyntheticLambda4.apply(qb/109837446 568d72778742b68b4c2ea42a8520697fc0125bbdaf94f2d1f0d4a4d88a0e584b:65)
06-13 06:36:28.139  3178  4480 E AppOps  : 	at com.android.server.policy.AppOpsPolicy.noteOperation(qb/109837446 568d72778742b68b4c2ea42a8520697fc0125bbdaf94f2d1f0d4a4d88a0e584b:35)
06-13 06:36:28.139  3178  4480 E AppOps  : 	at com.android.server.appop.AppOpsService$CheckOpsDelegateDispatcher.noteOperation(qb/109837446 568d72778742b68b4c2ea42a8520697fc0125bbdaf94f2d1f0d4a4d88a0e584b:66)
06-13 06:36:28.139  3178  4480 E AppOps  : 	at com.android.server.appop.AppOpsService.noteOperation(qb/109837446 568d72778742b68b4c2ea42a8520697fc0125bbdaf94f2d1f0d4a4d88a0e584b:20)
06-13 06:36:28.139  3178  4480 E AppOps  : 	at com.android.internal.app.IAppOpsService$Stub.onTransact(IAppOpsService.java:592)
06-13 06:36:28.139  3178  4480 E AppOps  : 	at android.os.Binder.execTransactInternal(Binder.java:1514)
06-13 06:36:28.139  3178  4480 E AppOps  : 	at android.os.Binder.execTransact(Binder.java:1454)
06-13 06:36:28.141 11111 11258 I [CE]_IndoorLocationManager: onNewScanResults - Update: 6
06-13 06:36:28.141 11111 11258 I [CE]_IndoorLocationManager: detectPoiEntryExit - State: 1
06-13 06:36:28.142 11111 11258 I [CE]_IndoorLocationManager: predict  - Sub-loc index: 0
06-13 06:36:28.142 11111 11258 I [CE]_IndoorLocationManager: identifyIndoorLocation - State: 1 / 0 / 0 / 0 / 0
06-13 06:36:28.145  3178  4266 E SemThroughputPredictor: Null device capabilities passed to throughput predictor
06-13 06:36:28.151  3178  4279 D WifiConnectivityMonitor: MultiNetwork : false || false
06-13 06:36:28.151  3178  4279 D WifiConnectivityMonitor: MultiNetwork legacy (1000) false
06-13 06:36:28.164  3178  4266 I SemWifiIntelligentConnectionManager: HHO config: 2 / T / F / T / T / T / T / F / F / T / T
06-13 06:36:28.164  3178  4266 I SemWifiIntelligentConnectionManager: IWH not enabled: 54:01 / 0 / 3 | F / 2 / T / T / F (1 / 0) | F / F / T / T / F / F / F / T / -1 / F | 0 / T / 92 / true
06-13 06:36:28.241  2200  4411 I WifiHAL : send oem msg of len : 644 to apps
06-13 06:36:28.242  2982  4414 D LOWI-9.0.1.74: [LOWI-ROME-RTT] RomeWaitOnActivityOnSocketOrPipe: timed select over: TO: 5 retVal: 1
06-13 06:36:28.242  2982  4414 D LOWI-9.0.1.74: [LOWI-ROME-RTT] event_handler: Valid data with length 612
06-13 06:36:28.242  2982  4414 D LOWI-9.0.1.74: [LOWI-HELIUM-RTT] storeNLFragment: new fragment group, tokenid(2), adding 604 chars @position 0
06-13 06:36:28.242  2982  4414 D LOWI-9.0.1.74: [LOWI-HELIUM-RTT] RomeNLRecvMessage: The Received OEMSubType: RTT_MSG_SUBTYPE_MEASUREMENT_RSP
06-13 06:36:28.243  2982  4414 D LOWI-9.0.1.74: [LOWI-HELIUM-RTT] RomeNLRecvMessage: The Received RomeMsgType: ROME_RANGING_MEAS_MSG
06-13 06:36:28.243  2982  4414 D LOWI-9.0.1.74: [LOWIRangingFSM] FSM: Received Event EVENT_RANGING_MEAS_RECV, Current state: STATE_PROCESSING_RANGING_REQ
06-13 06:36:28.243  2982  4414 D LOWI-9.0.1.74: [LOWIWifiTlvHandler] processRspHeadTlv: reqId(749) measDone(1) rttStatus(RTT_STATUS_SUCCESS) subtype(RTT_MSG_SUBTYPE_MEASUREMENT_RSP) isFrag(0) fragIdx(0) fragLen(580) tknId(4)
06-13 06:36:28.243  2982  4414 D LOWI-9.0.1.74: [LOWIWifiTlvHandler] checkTlvTag: Processing idx(0) received TLV: wmi_rtt_oem_rsp_head
06-13 06:36:28.243  2982  4414 D LOWI-9.0.1.74: [LOWIWifiTlvHandler] processIfPeerEvtHdrTag: Invalid Tag(33), not added to vector mPeerIdx(0)
06-13 06:36:28.243  2982  4414 D LOWI-9.0.1.74: [LOWIWifiTlvHandler] processIfPerFrmInfoTag: Invalid Tag(33) measurement not added for peer(0)
06-13 06:36:28.243  2982  4414 D LOWI-9.0.1.74: [LOWIWifiTlvHandler] checkTlvTag: Processing idx(1) received TLV: wmi_rtt_oem_measrsp_head
06-13 06:36:28.243  2982  4414 D LOWI-9.0.1.74: [LOWIWifiTlvHandler] processIfPeerEvtHdrTag: Invalid Tag(41), not added to vector mPeerIdx(0)
06-13 06:36:28.243  2982  4414 D LOWI-9.0.1.74: [LOWIWifiTlvHandler] processIfPerFrmInfoTag: Invalid Tag(41) measurement not added for peer(0)
06-13 06:36:28.244  2982  4414 D LOWI-9.0.1.74: [LOWIWifiTlvHandler] checkTlvTag: Processing idx(2) received TLV: loop_start
06-13 06:36:28.244  2982  4414 D LOWI-9.0.1.74: [LOWIWifiTlvHandler] processIfPeerEvtHdrTag: Invalid Tag(16), not added to vector mPeerIdx(0)
06-13 06:36:28.244  2982  4414 D LOWI-9.0.1.74: [LOWIWifiTlvHandler] processIfPerFrmInfoTag: Invalid Tag(16) measurement not added for peer(0)
06-13 06:36:28.244  2982  4414 D LOWI-9.0.1.74: [LOWIWifiTlvHandler] checkTlvTag: Processing idx(3) received TLV: wmi_rtt_oem_per_peer_event_hdr
06-13 06:36:28.244  2982  4414 D LOWI-9.0.1.74: [LOWIWifiTlvHandler] processIfPerFrmInfoTag: Invalid Tag(42) measurement not added for peer(0)
06-13 06:36:28.244  2982  4414 D LOWI-9.0.1.74: [LOWIWifiTlvHandler] checkTlvTag: Processing idx(4) received TLV: WMIRTT_TLV_TAG_ARRAY_UINT8
06-13 06:36:28.244  2982  4414 D LOWI-9.0.1.74: [LOWIWifiTlvHandler] processIfPeerEvtHdrTag: Invalid Tag(18), not added to vector mPeerIdx(0)
06-13 06:36:28.244  2982  4414 D LOWI-9.0.1.74: [LOWIWifiTlvHandler] processIfPerFrmInfoTag: Invalid Tag(18) measurement not added for peer(0)
06-13 06:36:28.244  2982  4414 D LOWI-9.0.1.74: [LOWIWifiTlvHandler] checkTlvTag: Processing idx(5) received TLV: loop_start
06-13 06:36:28.244  2982  4414 D LOWI-9.0.1.74: [LOWIWifiTlvHandler] processIfPeerEvtHdrTag: Invalid Tag(16), not added to vector mPeerIdx(0)
06-13 06:36:28.244  2982  4414 D LOWI-9.0.1.74: [LOWIWifiTlvHandler] processIfPerFrmInfoTag: Invalid Tag(16) measurement not added for peer(0)
06-13 06:36:28.244  2982  4414 D LOWI-9.0.1.74: [LOWIWifiTlvHandler] checkTlvTag: Processing idx(6) received TLV: wmi_rtt_oem_per_frame_info
06-13 06:36:28.244  2982  4414 D LOWI-9.0.1.74: [LOWIWifiTlvHandler] processIfPeerEvtHdrTag: Invalid Tag(43), not added to vector mPeerIdx(0)
06-13 06:36:28.244  2982  4414 D LOWI-9.0.1.74: [LOWIWifiTlvHandler] checkTlvTag: Processing idx(7) received unexpected but valid TLV(loop_end), going to idx(6)
06-13 06:36:28.244  2982  4414 D LOWI-9.0.1.74: [LOWIWifiTlvHandler] checkTlvTag: Processing idx(6) received TLV: wmi_rtt_oem_per_frame_info
06-13 06:36:28.244  2982  4414 D LOWI-9.0.1.74: [LOWIWifiTlvHandler] processIfPeerEvtHdrTag: Invalid Tag(43), not added to vector mPeerIdx(0)
06-13 06:36:28.244  2982  4414 D LOWI-9.0.1.74: [LOWIWifiTlvHandler] checkTlvTag: Processing idx(7) received TLV: loop_end
06-13 06:36:28.244  2982  4414 D LOWI-9.0.1.74: [LOWIWifiTlvHandler] processIfPeerEvtHdrTag: Invalid Tag(17), not added to vector mPeerIdx(0)
06-13 06:36:28.245  2982  4414 D LOWI-9.0.1.74: [LOWIWifiTlvHandler] processIfPerFrmInfoTag: Invalid Tag(17) measurement not added for peer(0)
06-13 06:36:28.245  2982  4414 D LOWI-9.0.1.74: [LOWIWifiTlvHandler] checkTlvTag: Processing idx(8) received unexpected but valid TLV(loop_end), going to idx(3)
06-13 06:36:28.245  2982  4414 D LOWI-9.0.1.74: [LOWIWifiTlvHandler] checkTlvTag: Processing idx(3) received TLV: wmi_rtt_oem_per_peer_event_hdr
06-13 06:36:28.245  2982  4414 D LOWI-9.0.1.74: [LOWIWifiTlvHandler] processIfPerFrmInfoTag: Invalid Tag(42) measurement not added for peer(1)
06-13 06:36:28.245  2982  4414 D LOWI-9.0.1.74: [LOWIWifiTlvHandler] checkTlvTag: Processing idx(4) received TLV: WMIRTT_TLV_TAG_ARRAY_UINT8
06-13 06:36:28.245  2982  4414 D LOWI-9.0.1.74: [LOWIWifiTlvHandler] processIfPeerEvtHdrTag: Invalid Tag(18), not added to vector mPeerIdx(1)
06-13 06:36:28.245  2982  4414 D LOWI-9.0.1.74: [LOWIWifiTlvHandler] processIfPerFrmInfoTag: Invalid Tag(18) measurement not added for peer(1)
06-13 06:36:28.245  2982  4414 D LOWI-9.0.1.74: [LOWIWifiTlvHandler] checkTlvTag: Processing idx(5) received TLV: loop_start
06-13 06:36:28.245  2982  4414 D LOWI-9.0.1.74: [LOWIWifiTlvHandler] processIfPeerEvtHdrTag: Invalid Tag(16), not added to vector mPeerIdx(1)
06-13 06:36:28.245  2982  4414 D LOWI-9.0.1.74: [LOWIWifiTlvHandler] processIfPerFrmInfoTag: Invalid Tag(16) measurement not added for peer(1)
06-13 06:36:28.245  2982  4414 D LOWI-9.0.1.74: [LOWIWifiTlvHandler] checkTlvTag: Processing idx(6) received TLV: wmi_rtt_oem_per_frame_info
06-13 06:36:28.245  2982  4414 D LOWI-9.0.1.74: [LOWIWifiTlvHandler] processIfPeerEvtHdrTag: Invalid Tag(43), not added to vector mPeerIdx(1)
06-13 06:36:28.246  2982  4414 D LOWI-9.0.1.74: [LOWIWifiTlvHandler] checkTlvTag: Processing idx(7) received unexpected but valid TLV(loop_end), going to idx(6)
06-13 06:36:28.246  2982  4414 D LOWI-9.0.1.74: [LOWIWifiTlvHandler] checkTlvTag: Processing idx(6) received TLV: wmi_rtt_oem_per_frame_info
06-13 06:36:28.246  2982  4414 D LOWI-9.0.1.74: [LOWIWifiTlvHandler] processIfPeerEvtHdrTag: Invalid Tag(43), not added to vector mPeerIdx(1)
06-13 06:36:28.246  2982  4414 D LOWI-9.0.1.74: [LOWIWifiTlvHandler] checkTlvTag: Processing idx(7) received TLV: loop_end
06-13 06:36:28.246  2982  4414 D LOWI-9.0.1.74: [LOWIWifiTlvHandler] processIfPeerEvtHdrTag: Invalid Tag(17), not added to vector mPeerIdx(1)
06-13 06:36:28.246  2982  4414 D LOWI-9.0.1.74: [LOWIWifiTlvHandler] processIfPerFrmInfoTag: Invalid Tag(17) measurement not added for peer(1)
06-13 06:36:28.246  2982  4414 D LOWI-9.0.1.74: [LOWIWifiTlvHandler] checkTlvTag: Processing idx(8) received unexpected but valid TLV(loop_end), going to idx(3)
06-13 06:36:28.246  2982  4414 D LOWI-9.0.1.74: [LOWIWifiTlvHandler] checkTlvTag: Processing idx(3) received TLV: wmi_rtt_oem_per_peer_event_hdr
06-13 06:36:28.247  2982  4414 D LOWI-9.0.1.74: [LOWIWifiTlvHandler] processIfPerFrmInfoTag: Invalid Tag(42) measurement not added for peer(2)
06-13 06:36:28.247  2982  4414 D LOWI-9.0.1.74: [LOWIWifiTlvHandler] checkTlvTag: Processing idx(4) received TLV: WMIRTT_TLV_TAG_ARRAY_UINT8
06-13 06:36:28.247  2982  4414 D LOWI-9.0.1.74: [LOWIWifiTlvHandler] processIfPeerEvtHdrTag: Invalid Tag(18), not added to vector mPeerIdx(2)
06-13 06:36:28.247  2982  4414 D LOWI-9.0.1.74: [LOWIWifiTlvHandler] processIfPerFrmInfoTag: Invalid Tag(18) measurement not added for peer(2)
06-13 06:36:28.247  2982  4414 D LOWI-9.0.1.74: [LOWIWifiTlvHandler] checkTlvTag: Processing idx(5) received TLV: loop_start
06-13 06:36:28.247  2982  4414 D LOWI-9.0.1.74: [LOWIWifiTlvHandler] processIfPeerEvtHdrTag: Invalid Tag(16), not added to vector mPeerIdx(2)
06-13 06:36:28.247  2982  4414 D LOWI-9.0.1.74: [LOWIWifiTlvHandler] processIfPerFrmInfoTag: Invalid Tag(16) measurement not added for peer(2)
06-13 06:36:28.247  2982  4414 D LOWI-9.0.1.74: [LOWIWifiTlvHandler] checkTlvTag: Processing idx(6) received TLV: wmi_rtt_oem_per_frame_info
06-13 06:36:28.247  2982  4414 D LOWI-9.0.1.74: [LOWIWifiTlvHandler] processIfPeerEvtHdrTag: Invalid Tag(43), not added to vector mPeerIdx(2)
06-13 06:36:28.247  2982  4414 D LOWI-9.0.1.74: [LOWIWifiTlvHandler] checkTlvTag: Processing idx(7) received unexpected but valid TLV(loop_end), going to idx(6)
06-13 06:36:28.247  2982  4414 D LOWI-9.0.1.74: [LOWIWifiTlvHandler] checkTlvTag: Processing idx(6) received TLV: wmi_rtt_oem_per_frame_info
06-13 06:36:28.247  2982  4414 D LOWI-9.0.1.74: [LOWIWifiTlvHandler] processIfPeerEvtHdrTag: Invalid Tag(43), not added to vector mPeerIdx(2)
06-13 06:36:28.247  2982  4414 D LOWI-9.0.1.74: [LOWIWifiTlvHandler] checkTlvTag: Processing idx(7) received TLV: loop_end
06-13 06:36:28.247  2982  4414 D LOWI-9.0.1.74: [LOWIWifiTlvHandler] processIfPeerEvtHdrTag: Invalid Tag(17), not added to vector mPeerIdx(2)
06-13 06:36:28.247  2982  4414 D LOWI-9.0.1.74: [LOWIWifiTlvHandler] processIfPerFrmInfoTag: Invalid Tag(17) measurement not added for peer(2)
06-13 06:36:28.247  2982  4414 D LOWI-9.0.1.74: [LOWIWifiTlvHandler] checkTlvTag: Processing idx(8) received TLV: loop_end
06-13 06:36:28.247  2982  4414 D LOWI-9.0.1.74: [LOWIWifiTlvHandler] processIfLoopEndTag: mPeerLs(0)...peer list ends
06-13 06:36:28.247  2982  4414 D LOWI-9.0.1.74: [LOWIWifiTlvHandler] processIfPeerEvtHdrTag: Invalid Tag(17), not added to vector mPeerIdx(2)
06-13 06:36:28.247  2982  4414 D LOWI-9.0.1.74: [LOWIWifiTlvHandler] processIfPerFrmInfoTag: Invalid Tag(17) measurement not added for peer(2)
06-13 06:36:28.247  2982  4414 D LOWI-9.0.1.74: [LOWIWifiTlvHandler] printBssidInfo: Peer 0 of 3,  numMeas = 2
06-13 06:36:28.247  2982  4414 D LOWI-9.0.1.74: [LOWIWifiTlvHandler] printBssidInfo: Peer 1 of 3,  numMeas = 2
06-13 06:36:28.247  2982  4414 D LOWI-9.0.1.74: [LOWIWifiTlvHandler] printBssidInfo: Peer 2 of 3,  numMeas = 2
06-13 06:36:28.247  2982  4414 D LOWI-9.0.1.74: [LOWI-HELIUM-RTT] printMeasRspHeadInfo: info(0x300002) channel_info(0x1699) rprtType(2) rttMeasType(0) rprtStatusV3(0) tmStart(0) numAPs(3) destMac(00:00:00:**:**:00) channelInfo(5785)
06-13 06:36:28.247  2982  4414 D LOWI-9.0.1.74: [LOWI-HELIUM-RTT] printPerPeerInfo: peerMac(5a:4c:77:**:**:11) burstIdx(0) numIEs(0) numMeasThisAP(2)rttMeasType(1) isQtiPeer(0) tmrSubType(0) isLastRespForPeer (0) securityMode(0) numFrmAttempted(2) actualBurstDur(11) actualNumFrmPerBur(2) actualBurstExp(0) retryAfterDur(0) measStartTSF(716187657) control(0x102) result_info_1(0xb0002)result_info_2(0x2) result_info_3(0x0) measStartTSF_field(0x2ab02809)
06-13 06:36:28.247  2982  4414 D LOWI-9.0.1.74: [LOWI-HELIUM-RTT] printPerPeerInfo: 11az params: i2r_lmr_feedback:0 ranging_priority:0 r2i_toa_type:0 i2r_toa_type:0 format_and_bw:0 imdt_r2i_feedback:0 imdt_i2r_feedback:0 max_i2r_repetition:0 max_r2i_repetition:0 device_class:0 full_bw_ul_mumimo:0 max_r2i_sts_le_80mhz:0 max_r2i_sts_gr_80mhz:0 max_r2i_ltf_total:0 max_i2r_sts_le_80mhz:0 max_i2r_sts_gr_80mhz:0 max_i2r_ltf_total:0 min_time_between_measurements:0 tb_max_session_expiry 0
06-13 06:36:28.247  2982  4414 D LOWI-9.0.1.74: [LOWI-P2P-RTT] p2pIsStored: Bad inputs
06-13 06:36:28.248  2982  4414 D LOWI-9.0.1.74: [LOWI-HELIUM-RTT] printPerFrameInfo: tx_rate_info1(0x10003) tx_rate_info2(0x41) rx_rate_info1(0x30000) rx_rate_info2(0x41) max_tod_toa_error(0x0)
06-13 06:36:28.248  2982  4414 D LOWI-9.0.1.74: [LOWI-HELIUM-RTT] printPerFrameInfo: rssi(1684300900) T1.time32(0x0) T1.time0(0x0) T2.time32(0x0) T2.time0(0x0) T3_del(0x0) T4_del(0x63ac0cc) txPreamble(0x3) txBw(0x0) txRateMcsIdx(0x0)txSTS(0x0) txNREP(0x0) txBitRate(0x41) rxPreamble(0x0) rxBw(0x0) invalidFACBit(0x0) rxRateMcsIdx(0x0) rxBitRate(0x41) chainMask(0x3) maxTodError(0x0)maxToaError(0x0) useTxChainNo(0x1) useRxChainNo(0x0) rxSTS(0x0) rxNREP(0x0) r2iNDPIntegrityCheck(0x0)
06-13 06:36:28.248  2982  4414 D LOWI-9.0.1.74: [LOWI-HELIUM-RTT] processPerFrameInfo: RTT V2 Performed - Raw RSSI(0x0), toa - tod = 0x63ac0cc(pre-offset), RTT(104513740 psecs), RSSI(0) 
06-13 06:36:28.248  2982  4414 D LOWI-9.0.1.74: [LOWI-HELIUM-RTT] printPerFrameInfo: tx_rate_info1(0x10003) tx_rate_info2(0x41) rx_rate_info1(0x30000) rx_rate_info2(0x41) max_tod_toa_error(0x0)
06-13 06:36:28.248  2982  4414 D LOWI-9.0.1.74: [LOWI-HELIUM-RTT] printPerFrameInfo: rssi(1684300900) T1.time32(0x0) T1.time0(0x0) T2.time32(0x0) T2.time0(0x0) T3_del(0x0) T4_del(0x63708a6) txPreamble(0x3) txBw(0x0) txRateMcsIdx(0x0)txSTS(0x0) txNREP(0x0) txBitRate(0x41) rxPreamble(0x0) rxBw(0x0) invalidFACBit(0x0) rxRateMcsIdx(0x0) rxBitRate(0x41) chainMask(0x3) maxTodError(0x0)maxToaError(0x0) useTxChainNo(0x1) useRxChainNo(0x0) rxSTS(0x0) rxNREP(0x0) r2iNDPIntegrityCheck(0x0)
06-13 06:36:28.248  2982  4414 D LOWI-9.0.1.74: [LOWI-HELIUM-RTT] processPerFrameInfo: RTT V2 Performed - Raw RSSI(0x0), toa - tod = 0x63708a6(pre-offset), RTT(104269990 psecs), RSSI(0) 
06-13 06:36:28.248  2982  4414 D LOWI-9.0.1.74: [LOWI-HELIUM-RTT] printPerPeerInfo: peerMac(4a:4c:77:**:**:11) burstIdx(0) numIEs(0) numMeasThisAP(2)rttMeasType(1) isQtiPeer(0) tmrSubType(0) isLastRespForPeer (0) securityMode(0) numFrmAttempted(2) actualBurstDur(4) actualNumFrmPerBur(2) actualBurstExp(0) retryAfterDur(0) measStartTSF(716187657) control(0x102) result_info_1(0x40002)result_info_2(0x2) result_info_3(0x0) measStartTSF_field(0x2ab02809)
06-13 06:36:28.248  2982  4414 D LOWI-9.0.1.74: [LOWI-HELIUM-RTT] printPerPeerInfo: 11az params: i2r_lmr_feedback:0 ranging_priority:0 r2i_toa_type:0 i2r_toa_type:0 format_and_bw:0 imdt_r2i_feedback:0 imdt_i2r_feedback:0 max_i2r_repetition:0 max_r2i_repetition:0 device_class:0 full_bw_ul_mumimo:0 max_r2i_sts_le_80mhz:0 max_r2i_sts_gr_80mhz:0 max_r2i_ltf_total:0 max_i2r_sts_le_80mhz:0 max_i2r_sts_gr_80mhz:0 max_i2r_ltf_total:0 min_time_between_measurements:0 tb_max_session_expiry 0
06-13 06:36:28.248  2982  4414 D LOWI-9.0.1.74: [LOWI-P2P-RTT] p2pIsStored: Bad inputs
06-13 06:36:28.248  2982  4414 D LOWI-9.0.1.74: [LOWI-HELIUM-RTT] printPerFrameInfo: tx_rate_info1(0x10003) tx_rate_info2(0x41) rx_rate_info1(0x30000) rx_rate_info2(0x41) max_tod_toa_error(0x0)
06-13 06:36:28.248  2982  4414 D LOWI-9.0.1.74: [LOWI-HELIUM-RTT] printPerFrameInfo: rssi(1684300900) T1.time32(0x0) T1.time0(0x0) T2.time32(0x0) T2.time0(0x0) T3_del(0x0) T4_del(0x63754f1) txPreamble(0x3) txBw(0x0) txRateMcsIdx(0x0)txSTS(0x0) txNREP(0x0) txBitRate(0x41) rxPreamble(0x0) rxBw(0x0) invalidFACBit(0x0) rxRateMcsIdx(0x0) rxBitRate(0x41) chainMask(0x3) maxTodError(0x0)maxToaError(0x0) useTxChainNo(0x1) useRxChainNo(0x0) rxSTS(0x0) rxNREP(0x0) r2iNDPIntegrityCheck(0x0)
06-13 06:36:28.248  2982  4414 D LOWI-9.0.1.74: [LOWI-HELIUM-RTT] processPerFrameInfo: RTT V2 Performed - Raw RSSI(0x0), toa - tod = 0x63754f1(pre-offset), RTT(104289521 psecs), RSSI(0) 
06-13 06:36:28.248  2982  4414 D LOWI-9.0.1.74: [LOWI-HELIUM-RTT] printPerFrameInfo: tx_rate_info1(0x10003) tx_rate_info2(0x41) rx_rate_info1(0x30000) rx_rate_info2(0x41) max_tod_toa_error(0x0)
06-13 06:36:28.248  2982  4414 D LOWI-9.0.1.74: [LOWI-HELIUM-RTT] printPerFrameInfo: rssi(1684300900) T1.time32(0x0) T1.time0(0x0) T2.time32(0x0) T2.time0(0x0) T3_del(0x0) T4_del(0x63453e7) txPreamble(0x3) txBw(0x0) txRateMcsIdx(0x0)txSTS(0x0) txNREP(0x0) txBitRate(0x41) rxPreamble(0x0) rxBw(0x0) invalidFACBit(0x0) rxRateMcsIdx(0x0) rxBitRate(0x41) chainMask(0x3) maxTodError(0x0)maxToaError(0x0) useTxChainNo(0x1) useRxChainNo(0x0) rxSTS(0x0) rxNREP(0x0) r2iNDPIntegrityCheck(0x0)
06-13 06:36:28.248  2982  4414 D LOWI-9.0.1.74: [LOWI-HELIUM-RTT] processPerFrameInfo: RTT V2 Performed - Raw RSSI(0x0), toa - tod = 0x63453e7(pre-offset), RTT(104092647 psecs), RSSI(0) 
06-13 06:36:28.248  2982  4414 D LOWI-9.0.1.74: [LOWI-HELIUM-RTT] printPerPeerInfo: peerMac(40:4c:77:**:**:11) burstIdx(0) numIEs(0) numMeasThisAP(2)rttMeasType(1) isQtiPeer(0) tmrSubType(0) isLastRespForPeer (0) securityMode(0) numFrmAttempted(2) actualBurstDur(8) actualNumFrmPerBur(2) actualBurstExp(0) retryAfterDur(0) measStartTSF(716187657) control(0x102) result_info_1(0x80002)result_info_2(0x2) result_info_3(0x0) measStartTSF_field(0x2ab02809)
06-13 06:36:28.248  2982  4414 D LOWI-9.0.1.74: [LOWI-HELIUM-RTT] printPerPeerInfo: 11az params: i2r_lmr_feedback:0 ranging_priority:0 r2i_toa_type:0 i2r_toa_type:0 format_and_bw:0 imdt_r2i_feedback:0 imdt_i2r_feedback:0 max_i2r_repetition:0 max_r2i_repetition:0 device_class:0 full_bw_ul_mumimo:0 max_r2i_sts_le_80mhz:0 max_r2i_sts_gr_80mhz:0 max_r2i_ltf_total:0 max_i2r_sts_le_80mhz:0 max_i2r_sts_gr_80mhz:0 max_i2r_ltf_total:0 min_time_between_measurements:0 tb_max_session_expiry 0
06-13 06:36:28.248  2982  4414 D LOWI-9.0.1.74: [LOWI-P2P-RTT] p2pIsStored: Bad inputs
06-13 06:36:28.248  2982  4414 D LOWI-9.0.1.74: [LOWI-HELIUM-RTT] printPerFrameInfo: tx_rate_info1(0x10003) tx_rate_info2(0x41) rx_rate_info1(0x30000) rx_rate_info2(0x41) max_tod_toa_error(0x0)
06-13 06:36:28.248  2982  4414 D LOWI-9.0.1.74: [LOWI-HELIUM-RTT] printPerFrameInfo: rssi(1684300900) T1.time32(0x0) T1.time0(0x0) T2.time32(0x0) T2.time0(0x0) T3_del(0x0) T4_del(0x63ab7a4) txPreamble(0x3) txBw(0x0) txRateMcsIdx(0x0)txSTS(0x0) txNREP(0x0) txBitRate(0x41) rxPreamble(0x0) rxBw(0x0) invalidFACBit(0x0) rxRateMcsIdx(0x0) rxBitRate(0x41) chainMask(0x3) maxTodError(0x0)maxToaError(0x0) useTxChainNo(0x1) useRxChainNo(0x0) rxSTS(0x0) rxNREP(0x0) r2iNDPIntegrityCheck(0x0)
06-13 06:36:28.248  2982  4414 D LOWI-9.0.1.74: [LOWI-HELIUM-RTT] processPerFrameInfo: RTT V2 Performed - Raw RSSI(0x0), toa - tod = 0x63ab7a4(pre-offset), RTT(104511396 psecs), RSSI(0) 
06-13 06:36:28.248  2982  4414 D LOWI-9.0.1.74: [LOWI-HELIUM-RTT] printPerFrameInfo: tx_rate_info1(0x10003) tx_rate_info2(0x41) rx_rate_info1(0x30000) rx_rate_info2(0x41) max_tod_toa_error(0x0)
06-13 06:36:28.248  2982  4414 D LOWI-9.0.1.74: [LOWI-HELIUM-RTT] printPerFrameInfo: rssi(1684300900) T1.time32(0x0) T1.time0(0x0) T2.time32(0x0) T2.time0(0x0) T3_del(0x0) T4_del(0x636ddec) txPreamble(0x3) txBw(0x0) txRateMcsIdx(0x0)txSTS(0x0) txNREP(0x0) txBitRate(0x41) rxPreamble(0x0) rxBw(0x0) invalidFACBit(0x0) rxRateMcsIdx(0x0) rxBitRate(0x41) chainMask(0x3) maxTodError(0x0)maxToaError(0x0) useTxChainNo(0x1) useRxChainNo(0x0) rxSTS(0x0) rxNREP(0x0) r2iNDPIntegrityCheck(0x0)
06-13 06:36:28.248  2982  4414 D LOWI-9.0.1.74: [LOWI-HELIUM-RTT] processPerFrameInfo: RTT V2 Performed - Raw RSSI(0x0), toa - tod = 0x636ddec(pre-offset), RTT(104259052 psecs), RSSI(0) 
06-13 06:36:28.248  2982  4414 I LOWI-9.0.1.74: [LOWIRangingHeliumFSM] SendReqToFwOrRespToUser: All ranging measurements completed.Send response to client
06-13 06:36:28.248  2982  4414 D LOWI-9.0.1.74: [LOWIRangingFSM] SendRangingReq: curChIndex: 1, totChs: 3, curAp: 0, totAp: 1
06-13 06:36:28.248  2982  4414 D LOWI-9.0.1.74: [LOWIUtils] freqToChBandBit: frequency 5220 channel 44 Band 1
06-13 06:36:28.248  2982  4414 D LOWI-9.0.1.74: [LOWIUtils] freqToChBandBit: frequency 5220 channel 44 Band 1
06-13 06:36:28.248  2982  4414 D LOWI-9.0.1.74: [LOWI-HELIUM-RTT] RomeSendRttReq: PHY Mode(LOWI_PHY_MODE_11AX_HE160) timeoutPerTarget(50) reportType(RTT_REPORT_AGGREGATE)
06-13 06:36:28.249  2200  4411 I WifiHAL : send_nl_data: sent cld80211 msg of len: 164 to driver
06-13 06:36:28.249  2982  4414 D LOWI-9.0.1.74: [LOWI-ROME-RTT] send_oem_nl_msg: sent cld80211 message with subcmd: 5
06-13 06:36:28.249  2982  4414 D LOWI-9.0.1.74: [LOWIRangingFSM] FSM: New FSM state: STATE_PROCESSING_RANGING_REQ
06-13 06:36:28.249  2982  4414 D LOWI-9.0.1.74: [LOWI-ROME-RTT] RomeWaitOnActivityOnSocketOrPipe: issue timed select: TO: 5 
06-13 06:36:28.258  4633  5199 D IpClient/wlan0: interfaceLinkStateChanged: ifindex 45 up
06-13 06:36:28.303  2200  4411 I WifiHAL : send oem msg of len : 276 to apps
06-13 06:36:28.304  2982  4414 D LOWI-9.0.1.74: [LOWI-ROME-RTT] RomeWaitOnActivityOnSocketOrPipe: timed select over: TO: 5 retVal: 1
06-13 06:36:28.305  2982  4414 D LOWI-9.0.1.74: [LOWI-ROME-RTT] event_handler: Valid data with length 244
06-13 06:36:28.305  2982  4414 D LOWI-9.0.1.74: [LOWI-HELIUM-RTT] storeNLFragment: new fragment group, tokenid(2), adding 236 chars @position 0
06-13 06:36:28.305  2982  4414 D LOWI-9.0.1.74: [LOWI-HELIUM-RTT] RomeNLRecvMessage: The Received OEMSubType: RTT_MSG_SUBTYPE_MEASUREMENT_RSP
06-13 06:36:28.305  2982  4414 D LOWI-9.0.1.74: [LOWI-HELIUM-RTT] RomeNLRecvMessage: The Received RomeMsgType: ROME_RANGING_MEAS_MSG
06-13 06:36:28.305  2982  4414 D LOWI-9.0.1.74: [LOWIRangingFSM] FSM: Received Event EVENT_RANGING_MEAS_RECV, Current state: STATE_PROCESSING_RANGING_REQ
06-13 06:36:28.305  2982  4414 D LOWI-9.0.1.74: [LOWIWifiTlvHandler] processRspHeadTlv: reqId(750) measDone(1) rttStatus(RTT_STATUS_SUCCESS) subtype(RTT_MSG_SUBTYPE_MEASUREMENT_RSP) isFrag(0) fragIdx(0) fragLen(212) tknId(5)
06-13 06:36:28.305  2982  4414 D LOWI-9.0.1.74: [LOWIWifiTlvHandler] checkTlvTag: Processing idx(0) received TLV: wmi_rtt_oem_rsp_head
06-13 06:36:28.305  2982  4414 D LOWI-9.0.1.74: [LOWIWifiTlvHandler] processIfPeerEvtHdrTag: Invalid Tag(33), not added to vector mPeerIdx(0)
06-13 06:36:28.305  2982  4414 D LOWI-9.0.1.74: [LOWIWifiTlvHandler] processIfPerFrmInfoTag: Invalid Tag(33) measurement not added for peer(0)
06-13 06:36:28.305  2982  4414 D LOWI-9.0.1.74: [LOWIWifiTlvHandler] checkTlvTag: Processing idx(1) received TLV: wmi_rtt_oem_measrsp_head
06-13 06:36:28.306  2982  4414 D LOWI-9.0.1.74: [LOWIWifiTlvHandler] processIfPeerEvtHdrTag: Invalid Tag(41), not added to vector mPeerIdx(0)
06-13 06:36:28.306  2982  4414 D LOWI-9.0.1.74: [LOWIWifiTlvHandler] processIfPerFrmInfoTag: Invalid Tag(41) measurement not added for peer(0)
06-13 06:36:28.306  2982  4414 D LOWI-9.0.1.74: [LOWIWifiTlvHandler] checkTlvTag: Processing idx(2) received TLV: loop_start
06-13 06:36:28.306  2982  4414 D LOWI-9.0.1.74: [LOWIWifiTlvHandler] processIfPeerEvtHdrTag: Invalid Tag(16), not added to vector mPeerIdx(0)
06-13 06:36:28.306  2982  4414 D LOWI-9.0.1.74: [LOWIWifiTlvHandler] processIfPerFrmInfoTag: Invalid Tag(16) measurement not added for peer(0)
06-13 06:36:28.306  2982  4414 D LOWI-9.0.1.74: [LOWIWifiTlvHandler] checkTlvTag: Processing idx(3) received TLV: wmi_rtt_oem_per_peer_event_hdr
06-13 06:36:28.306  2982  4414 D LOWI-9.0.1.74: [LOWIWifiTlvHandler] processIfPerFrmInfoTag: Invalid Tag(42) measurement not added for peer(0)
06-13 06:36:28.306  2982  4414 D LOWI-9.0.1.74: [LOWIWifiTlvHandler] checkTlvTag: Processing idx(4) received TLV: WMIRTT_TLV_TAG_ARRAY_UINT8
06-13 06:36:28.306  2982  4414 D LOWI-9.0.1.74: [LOWIWifiTlvHandler] processIfPeerEvtHdrTag: Invalid Tag(18), not added to vector mPeerIdx(0)
06-13 06:36:28.306  2982  4414 D LOWI-9.0.1.74: [LOWIWifiTlvHandler] processIfPerFrmInfoTag: Invalid Tag(18) measurement not added for peer(0)
06-13 06:36:28.306  2982  4414 D LOWI-9.0.1.74: [LOWIWifiTlvHandler] checkTlvTag: Processing idx(5) received TLV: loop_start
06-13 06:36:28.306  2982  4414 D LOWI-9.0.1.74: [LOWIWifiTlvHandler] processIfPeerEvtHdrTag: Invalid Tag(16), not added to vector mPeerIdx(0)
06-13 06:36:28.306  2982  4414 D LOWI-9.0.1.74: [LOWIWifiTlvHandler] processIfPerFrmInfoTag: Invalid Tag(16) measurement not added for peer(0)
06-13 06:36:28.306  2982  4414 D LOWI-9.0.1.74: [LOWIWifiTlvHandler] checkTlvTag: Processing idx(6) received TLV: wmi_rtt_oem_per_frame_info
06-13 06:36:28.306  2982  4414 D LOWI-9.0.1.74: [LOWIWifiTlvHandler] processIfPeerEvtHdrTag: Invalid Tag(43), not added to vector mPeerIdx(0)
06-13 06:36:28.306  2982  4414 D LOWI-9.0.1.74: [LOWIWifiTlvHandler] checkTlvTag: Processing idx(7) received unexpected but valid TLV(loop_end), going to idx(6)
06-13 06:36:28.306  2982  4414 D LOWI-9.0.1.74: [LOWIWifiTlvHandler] checkTlvTag: Processing idx(6) received TLV: wmi_rtt_oem_per_frame_info
06-13 06:36:28.306  2982  4414 D LOWI-9.0.1.74: [LOWIWifiTlvHandler] processIfPeerEvtHdrTag: Invalid Tag(43), not added to vector mPeerIdx(0)
06-13 06:36:28.306  2982  4414 D LOWI-9.0.1.74: [LOWIWifiTlvHandler] checkTlvTag: Processing idx(7) received TLV: loop_end
06-13 06:36:28.306  2982  4414 D LOWI-9.0.1.74: [LOWIWifiTlvHandler] processIfPeerEvtHdrTag: Invalid Tag(17), not added to vector mPeerIdx(0)
06-13 06:36:28.306  2982  4414 D LOWI-9.0.1.74: [LOWIWifiTlvHandler] processIfPerFrmInfoTag: Invalid Tag(17) measurement not added for peer(0)
06-13 06:36:28.306  2982  4414 D LOWI-9.0.1.74: [LOWIWifiTlvHandler] checkTlvTag: Processing idx(8) received TLV: loop_end
06-13 06:36:28.306  2982  4414 D LOWI-9.0.1.74: [LOWIWifiTlvHandler] processIfLoopEndTag: mPeerLs(0)...peer list ends
06-13 06:36:28.306  2982  4414 D LOWI-9.0.1.74: [LOWIWifiTlvHandler] processIfPeerEvtHdrTag: Invalid Tag(17), not added to vector mPeerIdx(0)
06-13 06:36:28.306  2982  4414 D LOWI-9.0.1.74: [LOWIWifiTlvHandler] processIfPerFrmInfoTag: Invalid Tag(17) measurement not added for peer(0)
06-13 06:36:28.306  2982  4414 D LOWI-9.0.1.74: [LOWIWifiTlvHandler] printBssidInfo: Peer 0 of 1,  numMeas = 2
06-13 06:36:28.306  2982  4414 D LOWI-9.0.1.74: [LOWI-HELIUM-RTT] printMeasRspHeadInfo: info(0x100002) channel_info(0x1464) rprtType(2) rttMeasType(0) rprtStatusV3(0) tmStart(0) numAPs(1) destMac(00:00:00:**:**:00) channelInfo(5220)
06-13 06:36:28.306  2982  4414 D LOWI-9.0.1.74: [LOWI-HELIUM-RTT] printPerPeerInfo: peerMac(f0:09:0d:**:**:01) burstIdx(0) numIEs(0) numMeasThisAP(2)rttMeasType(1) isQtiPeer(0) tmrSubType(0) isLastRespForPeer (0) securityMode(0) numFrmAttempted(2) actualBurstDur(11) actualNumFrmPerBur(2) actualBurstExp(0) retryAfterDur(0) measStartTSF(716187657) control(0x102) result_info_1(0xb0002)result_info_2(0x2) result_info_3(0x0) measStartTSF_field(0x2ab02809)
06-13 06:36:28.306  2982  4414 D LOWI-9.0.1.74: [LOWI-HELIUM-RTT] printPerPeerInfo: 11az params: i2r_lmr_feedback:0 ranging_priority:0 r2i_toa_type:0 i2r_toa_type:0 format_and_bw:0 imdt_r2i_feedback:0 imdt_i2r_feedback:0 max_i2r_repetition:0 max_r2i_repetition:0 device_class:0 full_bw_ul_mumimo:0 max_r2i_sts_le_80mhz:0 max_r2i_sts_gr_80mhz:0 max_r2i_ltf_total:0 max_i2r_sts_le_80mhz:0 max_i2r_sts_gr_80mhz:0 max_i2r_ltf_total:0 min_time_between_measurements:0 tb_max_session_expiry 0
06-13 06:36:28.306  2982  4414 D LOWI-9.0.1.74: [LOWI-P2P-RTT] p2pIsStored: Bad inputs
06-13 06:36:28.306  2982  4414 D LOWI-9.0.1.74: [LOWI-HELIUM-RTT] printPerFrameInfo: tx_rate_info1(0x10003) tx_rate_info2(0x41) rx_rate_info1(0x30000) rx_rate_info2(0x41) max_tod_toa_error(0x0)
06-13 06:36:28.306  2982  4414 D LOWI-9.0.1.74: [LOWI-HELIUM-RTT] printPerFrameInfo: rssi(1684300900) T1.time32(0x0) T1.time0(0x0) T2.time32(0x0) T2.time0(0x0) T3_del(0x0) T4_del(0x631e138) txPreamble(0x3) txBw(0x0) txRateMcsIdx(0x0)txSTS(0x0) txNREP(0x0) txBitRate(0x41) rxPreamble(0x0) rxBw(0x0) invalidFACBit(0x0) rxRateMcsIdx(0x0) rxBitRate(0x41) chainMask(0x3) maxTodError(0x0)maxToaError(0x0) useTxChainNo(0x1) useRxChainNo(0x0) rxSTS(0x0) rxNREP(0x0) r2iNDPIntegrityCheck(0x0)
06-13 06:36:28.306  2982  4414 D LOWI-9.0.1.74: [LOWI-HELIUM-RTT] processPerFrameInfo: RTT V2 Performed - Raw RSSI(0x0), toa - tod = 0x631e138(pre-offset), RTT(103932216 psecs), RSSI(0) 
06-13 06:36:28.307  2982  4414 D LOWI-9.0.1.74: [LOWI-HELIUM-RTT] printPerFrameInfo: tx_rate_info1(0x10003) tx_rate_info2(0x41) rx_rate_info1(0x30000) rx_rate_info2(0x41) max_tod_toa_error(0x0)
06-13 06:36:28.307  2982  4414 D LOWI-9.0.1.74: [LOWI-HELIUM-RTT] printPerFrameInfo: rssi(1684300900) T1.time32(0x0) T1.time0(0x0) T2.time32(0x0) T2.time0(0x0) T3_del(0x0) T4_del(0x6317f90) txPreamble(0x3) txBw(0x0) txRateMcsIdx(0x0)txSTS(0x0) txNREP(0x0) txBitRate(0x41) rxPreamble(0x0) rxBw(0x0) invalidFACBit(0x0) rxRateMcsIdx(0x0) rxBitRate(0x41) chainMask(0x3) maxTodError(0x0)maxToaError(0x0) useTxChainNo(0x1) useRxChainNo(0x0) rxSTS(0x0) rxNREP(0x0) r2iNDPIntegrityCheck(0x0)
06-13 06:36:28.307  2982  4414 D LOWI-9.0.1.74: [LOWI-HELIUM-RTT] processPerFrameInfo: RTT V2 Performed - Raw RSSI(0x0), toa - tod = 0x6317f90(pre-offset), RTT(103907216 psecs), RSSI(0) 
06-13 06:36:28.307  2982  4414 I LOWI-9.0.1.74: [LOWIRangingHeliumFSM] SendReqToFwOrRespToUser: All ranging measurements completed.Send response to client
06-13 06:36:28.307  2982  4414 D LOWI-9.0.1.74: [LOWIRangingFSM] SendRangingReq: curChIndex: 2, totChs: 3, curAp: 0, totAp: 2
06-13 06:36:28.307  2982  4414 D LOWI-9.0.1.74: [LOWIUtils] freqToChBandBit: frequency 5500 channel 100 Band 1
06-13 06:36:28.307  2982  4414 D LOWI-9.0.1.74: [LOWIUtils] freqToChBandBit: frequency 5500 channel 100 Band 1
06-13 06:36:28.307  2982  4414 D LOWI-9.0.1.74: [LOWI-HELIUM-RTT] RomeSendRttReq: PHY Mode(LOWI_PHY_MODE_11AC_VHT80) timeoutPerTarget(50) reportType(RTT_REPORT_AGGREGATE)
06-13 06:36:28.307  2200  4411 I WifiHAL : send_nl_data: sent cld80211 msg of len: 216 to driver
06-13 06:36:28.307  2982  4414 D LOWI-9.0.1.74: [LOWI-ROME-RTT] send_oem_nl_msg: sent cld80211 message with subcmd: 5
06-13 06:36:28.307  2982  4414 D LOWI-9.0.1.74: [LOWIRangingFSM] FSM: New FSM state: STATE_PROCESSING_RANGING_REQ
06-13 06:36:28.307  2982  4414 D LOWI-9.0.1.74: [LOWI-ROME-RTT] RomeWaitOnActivityOnSocketOrPipe: issue timed select: TO: 5 
06-13 06:36:28.546  3178  4480 D SemContextService: lock : requestToUpdate
06-13 06:36:28.547  3178  4480 W CAE     : setCAProperty(ContextAwareService.java:509) - [setProperty 01] Mutex is locked for CH_LOC_TRIGGER
06-13 06:36:28.548  3178  4121 D SensorService: setSContextDataLocked ints length 2 , byte length 4
06-13 06:36:28.548  3178  4121 D SensorService: setSContextDataLocked 3db8
06-13 06:36:28.548  2198  2198 I sensors-hal: inject_sensor_data:407, handle 1502 send inject
06-13 06:36:28.549  2198  2198 I sensors-hal: sendContextData:290, sensor hal 4, (0xb8, 0x3d, 0x0, 0x0)
06-13 06:36:28.549  2198  2198 I sensors-hal: sendContextData:131, change_location_trigger 4,184
06-13 06:36:28.549  2198  2198 I sensors-hal: sendUserData:118, change_location_trigger h 184 m 61 s 0
06-13 06:36:28.549  2198  2198 I sensors-hal: create_send_context_data:66, change_location_trigger create_send_context_data
06-13 06:36:28.549  2198  2198 I sensors-hal: send_context_data:694, change_location_trigger, -244018566922240, 1320970896291267344, msgid:700, 1
06-13 06:36:28.549  2198  2198 I sensors-hal: send_sync_sensor_request:508, send sync request
06-13 06:36:28.549  2198  2198 I sensors-hal: send_sync_sensor_request:518, send_sync_sensor_request before send_request for change_location_trigger with SUID low=18446500055142629376 high=1320970896291267344
06-13 06:36:28.549  2198  2198 I sensors-hal: send_sync_sensor_request:537, wait for notification of response
06-13 06:36:28.550  2198  4119 I sensors-hal: qsh_conn_resp_cb:935, resp_value = 0 for change_location_trigger 
06-13 06:36:28.550  2198  2198 I sensors-hal: send_sync_sensor_request:543, takes 1 ms to receive the response with 0
06-13 06:36:28.552  3178  4480 W CAE     : setCAProperty(ContextAwareService.java:515) - [setProperty 02] Mutex is unlocked for CH_LOC_TRIGGER
06-13 06:36:28.552  3178  4480 D SemContextService:     .requestToUpdate() : service = Location Change Trigger
06-13 06:36:28.552  3178  4480 D SemContextService: unlock : requestToUpdate
06-13 06:36:28.552  3178  4480 D SemContextManager:   .requestToUpdate : listener = com.android.server.location.nsflp.NSLocationMonitor$5@619f600, service=Location Change Trigger
06-13 06:36:28.552  5445 13084 I NewStopController_FLP: StateChecker, check stationary message
06-13 06:36:28.580  2198  4119 I sensors-hal: qsh_conn_event_cb:895, event[0] sensor:change_location_trigger  Wakeup, msg_id=1025, ts=505481984744
06-13 06:36:28.580  2198  4119 I sensors-hal: handle_sns_client_event:85, change_location_trigger_event: msgid:1025
06-13 06:36:28.580  2198  4119 I sensors-hal: handle_sns_client_event:108, change_location_trigger_event: 255, 255
06-13 06:36:28.585  3178  4121 D SensorService: setSContextDataLocked ints length 3 , byte length 5
06-13 06:36:28.585  3178  4121 D SensorService: setSContextDataLocked 240b0ec1
06-13 06:36:28.585  2198  2198 I sensors-hal: inject_sensor_data:407, handle 1502 send inject
06-13 06:36:28.586  2198  2198 I sensors-hal: sendContextData:290, sensor hal 5, (0xc1, 0xe, 0xb, 0x24)
06-13 06:36:28.586  2198  2198 I sensors-hal: sendContextData:230, activities 5 c1, 1
06-13 06:36:28.586  2198  2198 I sensors-hal: sendUserData:251, Activities cmd 0xc1 0xe
06-13 06:36:28.586  2198  2198 I sensors-hal: sendUserData:265, Activities system time h 11 m 36 s 28
06-13 06:36:28.586  2198  2198 I sensors-hal: create_send_context_data:80, sending create_send_context_data
06-13 06:36:28.586  2198  2198 I sensors-hal: send_context_data:694, activities, 4914309220830019584, 1320970896291267344, msgid:700, 1
06-13 06:36:28.586  2198  2198 I sensors-hal: send_sync_sensor_request:508, send sync request
06-13 06:36:28.586  2198  2198 I sensors-hal: send_sync_sensor_request:518, send_sync_sensor_request before send_request for activities with SUID low=4914309220830019584 high=1320970896291267344
06-13 06:36:28.587  2198  2198 I sensors-hal: send_sync_sensor_request:537, wait for notification of response
06-13 06:36:28.588  2198  4119 I sensors-hal: qsh_conn_resp_cb:935, resp_value = 0 for activities 
06-13 06:36:28.588  2198  2198 I sensors-hal: send_sync_sensor_request:543, takes 1 ms to receive the response with 0
06-13 06:36:28.588  2198  2198 I sensors-hal: sendContextData:114, common_info 5
06-13 06:36:28.588  2198  2198 I sensors-hal: sendUserData:137, CommonInfo 0xc1 0xe 0xb 0x24
06-13 06:36:28.588  2198  2198 I sensors-hal: create_send_context_data:70, sending create_send_context_data
06-13 06:36:28.588  2198  2198 I sensors-hal: send_context_data:694, common_info, 4914309147815575552, 1320970896291267344, msgid:700, 1
06-13 06:36:28.588  2198  2198 I sensors-hal: send_sync_sensor_request:508, send sync request
06-13 06:36:28.588  2198  2198 I sensors-hal: send_sync_sensor_request:518, send_sync_sensor_request before send_request for common_info with SUID low=4914309147815575552 high=1320970896291267344
06-13 06:36:28.588  2198  2198 I sensors-hal: send_sync_sensor_request:537, wait for notification of response
06-13 06:36:28.589  2198  4119 I sensors-hal: qsh_conn_resp_cb:935, resp_value = 0 for common_info 
06-13 06:36:28.589  2198  2198 I sensors-hal: send_sync_sensor_request:543, takes 0 ms to receive the response with 0
06-13 06:36:28.590  3178  4117 D CAE     : onGetSensorHubData(SensorHubParserProvider.java:92) - onGetSensorHubData Event [event buffer len :15], AP_SLEEP
06-13 06:36:28.590  3178  4117 I CAE     : parse(SensorHubParserProvider.java:188) - buffer size = 15
06-13 06:36:28.590  3178  4117 I CAE     : parse(SensorHubParserProvider.java:199) - 1, 1, 61, -1, 0, 2, 1, 0, 0, 0, 1, 0, 0, 0, 0,
06-13 06:36:28.591  3178  4117 D CAE     : display(ContextProvider.java:375) - ================= CH_LOC_TRIGGER =================
06-13 06:36:28.591  3178  4117 I CAE     : display(ContextProvider.java:391) - duration=[1], property=[1], result=[2], reserved=[0]
06-13 06:36:28.592  3178  4114 D SemContextService: Service.updateContext() : service = Location Change Trigger
06-13 06:36:28.593  3178  4165 D SemContextManager: onSemContextChanged() : event = Location Change Trigger
06-13 06:36:28.593  3178  4165 D NSLocationMonitor: onSemContextChanged, activity : 1 result : 2 movement : 1
06-13 06:36:28.625  2200  4411 I WifiHAL : send oem msg of len : 460 to apps
06-13 06:36:28.625  2982  4414 D LOWI-9.0.1.74: [LOWI-ROME-RTT] RomeWaitOnActivityOnSocketOrPipe: timed select over: TO: 5 retVal: 1
06-13 06:36:28.626  2982  4414 D LOWI-9.0.1.74: [LOWI-ROME-RTT] event_handler: Valid data with length 428
06-13 06:36:28.626  2982  4414 D LOWI-9.0.1.74: [LOWI-HELIUM-RTT] storeNLFragment: new fragment group, tokenid(2), adding 420 chars @position 0
06-13 06:36:28.626  2982  4414 D LOWI-9.0.1.74: [LOWI-HELIUM-RTT] RomeNLRecvMessage: The Received OEMSubType: RTT_MSG_SUBTYPE_MEASUREMENT_RSP
06-13 06:36:28.626  2982  4414 D LOWI-9.0.1.74: [LOWI-HELIUM-RTT] RomeNLRecvMessage: The Received RomeMsgType: ROME_RANGING_MEAS_MSG
06-13 06:36:28.626  2982  4414 D LOWI-9.0.1.74: [LOWIRangingFSM] FSM: Received Event EVENT_RANGING_MEAS_RECV, Current state: STATE_PROCESSING_RANGING_REQ
06-13 06:36:28.626  2982  4414 D LOWI-9.0.1.74: [LOWIWifiTlvHandler] processRspHeadTlv: reqId(751) measDone(1) rttStatus(RTT_STATUS_SUCCESS) subtype(RTT_MSG_SUBTYPE_MEASUREMENT_RSP) isFrag(0) fragIdx(0) fragLen(396) tknId(6)
06-13 06:36:28.626  2982  4414 D LOWI-9.0.1.74: [LOWIWifiTlvHandler] checkTlvTag: Processing idx(0) received TLV: wmi_rtt_oem_rsp_head
06-13 06:36:28.626  2982  4414 D LOWI-9.0.1.74: [LOWIWifiTlvHandler] processIfPeerEvtHdrTag: Invalid Tag(33), not added to vector mPeerIdx(0)
06-13 06:36:28.626  2982  4414 D LOWI-9.0.1.74: [LOWIWifiTlvHandler] processIfPerFrmInfoTag: Invalid Tag(33) measurement not added for peer(0)
06-13 06:36:28.626  2982  4414 D LOWI-9.0.1.74: [LOWIWifiTlvHandler] checkTlvTag: Processing idx(1) received TLV: wmi_rtt_oem_measrsp_head
06-13 06:36:28.626  2982  4414 D LOWI-9.0.1.74: [LOWIWifiTlvHandler] processIfPeerEvtHdrTag: Invalid Tag(41), not added to vector mPeerIdx(0)
06-13 06:36:28.626  2982  4414 D LOWI-9.0.1.74: [LOWIWifiTlvHandler] processIfPerFrmInfoTag: Invalid Tag(41) measurement not added for peer(0)
06-13 06:36:28.626  2982  4414 D LOWI-9.0.1.74: [LOWIWifiTlvHandler] checkTlvTag: Processing idx(2) received TLV: loop_start
06-13 06:36:28.626  2982  4414 D LOWI-9.0.1.74: [LOWIWifiTlvHandler] processIfPeerEvtHdrTag: Invalid Tag(16), not added to vector mPeerIdx(0)
06-13 06:36:28.626  2982  4414 D LOWI-9.0.1.74: [LOWIWifiTlvHandler] processIfPerFrmInfoTag: Invalid Tag(16) measurement not added for peer(0)
06-13 06:36:28.626  2982  4414 D LOWI-9.0.1.74: [LOWIWifiTlvHandler] checkTlvTag: Processing idx(3) received TLV: wmi_rtt_oem_per_peer_event_hdr
06-13 06:36:28.626  2982  4414 D LOWI-9.0.1.74: [LOWIWifiTlvHandler] processIfPerFrmInfoTag: Invalid Tag(42) measurement not added for peer(0)
06-13 06:36:28.626  2982  4414 D LOWI-9.0.1.74: [LOWIWifiTlvHandler] checkTlvTag: Processing idx(4) received TLV: WMIRTT_TLV_TAG_ARRAY_UINT8
06-13 06:36:28.626  2982  4414 D LOWI-9.0.1.74: [LOWIWifiTlvHandler] processIfPeerEvtHdrTag: Invalid Tag(18), not added to vector mPeerIdx(0)
06-13 06:36:28.626  2982  4414 D LOWI-9.0.1.74: [LOWIWifiTlvHandler] processIfPerFrmInfoTag: Invalid Tag(18) measurement not added for peer(0)
06-13 06:36:28.626  2982  4414 D LOWI-9.0.1.74: [LOWIWifiTlvHandler] checkTlvTag: Processing idx(5) received TLV: loop_start
06-13 06:36:28.626  2982  4414 D LOWI-9.0.1.74: [LOWIWifiTlvHandler] processIfPeerEvtHdrTag: Invalid Tag(16), not added to vector mPeerIdx(0)
06-13 06:36:28.626  2982  4414 D LOWI-9.0.1.74: [LOWIWifiTlvHandler] processIfPerFrmInfoTag: Invalid Tag(16) measurement not added for peer(0)
06-13 06:36:28.626  2982  4414 D LOWI-9.0.1.74: [LOWIWifiTlvHandler] checkTlvTag: Processing idx(6) received TLV: wmi_rtt_oem_per_frame_info
06-13 06:36:28.626  2982  4414 D LOWI-9.0.1.74: [LOWIWifiTlvHandler] processIfPeerEvtHdrTag: Invalid Tag(43), not added to vector mPeerIdx(0)
06-13 06:36:28.626  2982  4414 D LOWI-9.0.1.74: [LOWIWifiTlvHandler] checkTlvTag: Processing idx(7) received unexpected but valid TLV(loop_end), going to idx(6)
06-13 06:36:28.626  2982  4414 D LOWI-9.0.1.74: [LOWIWifiTlvHandler] checkTlvTag: Processing idx(6) received TLV: wmi_rtt_oem_per_frame_info
06-13 06:36:28.626  2982  4414 D LOWI-9.0.1.74: [LOWIWifiTlvHandler] processIfPeerEvtHdrTag: Invalid Tag(43), not added to vector mPeerIdx(0)
06-13 06:36:28.626  2982  4414 D LOWI-9.0.1.74: [LOWIWifiTlvHandler] checkTlvTag: Processing idx(7) received TLV: loop_end
06-13 06:36:28.626  2982  4414 D LOWI-9.0.1.74: [LOWIWifiTlvHandler] processIfPeerEvtHdrTag: Invalid Tag(17), not added to vector mPeerIdx(0)
06-13 06:36:28.626  2982  4414 D LOWI-9.0.1.74: [LOWIWifiTlvHandler] processIfPerFrmInfoTag: Invalid Tag(17) measurement not added for peer(0)
06-13 06:36:28.627  2982  4414 D LOWI-9.0.1.74: [LOWIWifiTlvHandler] checkTlvTag: Processing idx(8) received unexpected but valid TLV(loop_end), going to idx(3)
06-13 06:36:28.627  2982  4414 D LOWI-9.0.1.74: [LOWIWifiTlvHandler] checkTlvTag: Processing idx(3) received TLV: wmi_rtt_oem_per_peer_event_hdr
06-13 06:36:28.627  2982  4414 D LOWI-9.0.1.74: [LOWIWifiTlvHandler] processIfPerFrmInfoTag: Invalid Tag(42) measurement not added for peer(1)
06-13 06:36:28.627  2982  4414 D LOWI-9.0.1.74: [LOWIWifiTlvHandler] checkTlvTag: Processing idx(4) received TLV: WMIRTT_TLV_TAG_ARRAY_UINT8
06-13 06:36:28.627  2982  4414 D LOWI-9.0.1.74: [LOWIWifiTlvHandler] processIfPeerEvtHdrTag: Invalid Tag(18), not added to vector mPeerIdx(1)
06-13 06:36:28.627  2982  4414 D LOWI-9.0.1.74: [LOWIWifiTlvHandler] processIfPerFrmInfoTag: Invalid Tag(18) measurement not added for peer(1)
06-13 06:36:28.627  2982  4414 D LOWI-9.0.1.74: [LOWIWifiTlvHandler] checkTlvTag: Processing idx(5) received TLV: loop_start
06-13 06:36:28.627  2982  4414 D LOWI-9.0.1.74: [LOWIWifiTlvHandler] processIfPeerEvtHdrTag: Invalid Tag(16), not added to vector mPeerIdx(1)
06-13 06:36:28.627  2982  4414 D LOWI-9.0.1.74: [LOWIWifiTlvHandler] processIfPerFrmInfoTag: Invalid Tag(16) measurement not added for peer(1)
06-13 06:36:28.627  2982  4414 D LOWI-9.0.1.74: [LOWIWifiTlvHandler] checkTlvTag: Processing idx(6) received TLV: wmi_rtt_oem_per_frame_info
06-13 06:36:28.627  2982  4414 D LOWI-9.0.1.74: [LOWIWifiTlvHandler] processIfPeerEvtHdrTag: Invalid Tag(43), not added to vector mPeerIdx(1)
06-13 06:36:28.627  2982  4414 D LOWI-9.0.1.74: [LOWIWifiTlvHandler] checkTlvTag: Processing idx(7) received unexpected but valid TLV(loop_end), going to idx(6)
06-13 06:36:28.627  2982  4414 D LOWI-9.0.1.74: [LOWIWifiTlvHandler] checkTlvTag: Processing idx(6) received TLV: wmi_rtt_oem_per_frame_info
06-13 06:36:28.627  2982  4414 D LOWI-9.0.1.74: [LOWIWifiTlvHandler] processIfPeerEvtHdrTag: Invalid Tag(43), not added to vector mPeerIdx(1)
06-13 06:36:28.627  2982  4414 D LOWI-9.0.1.74: [LOWIWifiTlvHandler] checkTlvTag: Processing idx(7) received TLV: loop_end
06-13 06:36:28.627  2982  4414 D LOWI-9.0.1.74: [LOWIWifiTlvHandler] processIfPeerEvtHdrTag: Invalid Tag(17), not added to vector mPeerIdx(1)
06-13 06:36:28.627  2982  4414 D LOWI-9.0.1.74: [LOWIWifiTlvHandler] processIfPerFrmInfoTag: Invalid Tag(17) measurement not added for peer(1)
06-13 06:36:28.627  2982  4414 D LOWI-9.0.1.74: [LOWIWifiTlvHandler] checkTlvTag: Processing idx(8) received TLV: loop_end
06-13 06:36:28.627  2982  4414 D LOWI-9.0.1.74: [LOWIWifiTlvHandler] processIfLoopEndTag: mPeerLs(0)...peer list ends
06-13 06:36:28.627  2982  4414 D LOWI-9.0.1.74: [LOWIWifiTlvHandler] processIfPeerEvtHdrTag: Invalid Tag(17), not added to vector mPeerIdx(1)
06-13 06:36:28.627  2982  4414 D LOWI-9.0.1.74: [LOWIWifiTlvHandler] processIfPerFrmInfoTag: Invalid Tag(17) measurement not added for peer(1)
06-13 06:36:28.627  2982  4414 D LOWI-9.0.1.74: [LOWIWifiTlvHandler] printBssidInfo: Peer 0 of 2,  numMeas = 2
06-13 06:36:28.627  2982  4414 D LOWI-9.0.1.74: [LOWIWifiTlvHandler] printBssidInfo: Peer 1 of 2,  numMeas = 2
06-13 06:36:28.627  2982  4414 D LOWI-9.0.1.74: [LOWI-HELIUM-RTT] printMeasRspHeadInfo: info(0x200002) channel_info(0x157c) rprtType(2) rttMeasType(0) rprtStatusV3(0) tmStart(0) numAPs(2) destMac(00:00:00:**:**:00) channelInfo(5500)
06-13 06:36:28.628  2982  4414 D LOWI-9.0.1.74: [LOWI-HELIUM-RTT] printPerPeerInfo: peerMac(60:d8:a4:**:**:9d) burstIdx(0) numIEs(0) numMeasThisAP(2)rttMeasType(1) isQtiPeer(0) tmrSubType(0) isLastRespForPeer (0) securityMode(0) numFrmAttempted(2) actualBurstDur(7) actualNumFrmPerBur(2) actualBurstExp(0) retryAfterDur(0) measStartTSF(716187657) control(0x102) result_info_1(0x70002)result_info_2(0x2) result_info_3(0x0) measStartTSF_field(0x2ab02809)
06-13 06:36:28.628  2982  4414 D LOWI-9.0.1.74: [LOWI-HELIUM-RTT] printPerPeerInfo: 11az params: i2r_lmr_feedback:0 ranging_priority:0 r2i_toa_type:0 i2r_toa_type:0 format_and_bw:0 imdt_r2i_feedback:0 imdt_i2r_feedback:0 max_i2r_repetition:0 max_r2i_repetition:0 device_class:0 full_bw_ul_mumimo:0 max_r2i_sts_le_80mhz:0 max_r2i_sts_gr_80mhz:0 max_r2i_ltf_total:0 max_i2r_sts_le_80mhz:0 max_i2r_sts_gr_80mhz:0 max_i2r_ltf_total:0 min_time_between_measurements:0 tb_max_session_expiry 0
06-13 06:36:28.628  2982  4414 D LOWI-9.0.1.74: [LOWI-P2P-RTT] p2pIsStored: Bad inputs
06-13 06:36:28.628  2982  4414 D LOWI-9.0.1.74: [LOWI-HELIUM-RTT] printPerFrameInfo: tx_rate_info1(0x10003) tx_rate_info2(0x41) rx_rate_info1(0x30000) rx_rate_info2(0x41) max_tod_toa_error(0x0)
06-13 06:36:28.628  2982  4414 D LOWI-9.0.1.74: [LOWI-HELIUM-RTT] printPerFrameInfo: rssi(1684300900) T1.time32(0x0) T1.time0(0x0) T2.time32(0x0) T2.time0(0x0) T3_del(0x0) T4_del(0x62d9088) txPreamble(0x3) txBw(0x0) txRateMcsIdx(0x0)txSTS(0x0) txNREP(0x0) txBitRate(0x41) rxPreamble(0x0) rxBw(0x0) invalidFACBit(0x0) rxRateMcsIdx(0x0) rxBitRate(0x41) chainMask(0x3) maxTodError(0x0)maxToaError(0x0) useTxChainNo(0x1) useRxChainNo(0x0) rxSTS(0x0) rxNREP(0x0) r2iNDPIntegrityCheck(0x0)
06-13 06:36:28.628  2982  4414 D LOWI-9.0.1.74: [LOWI-HELIUM-RTT] processPerFrameInfo: RTT V2 Performed - Raw RSSI(0x0), toa - tod = 0x62d9088(pre-offset), RTT(103649416 psecs), RSSI(0) 
06-13 06:36:28.628  2982  4414 D LOWI-9.0.1.74: [LOWI-HELIUM-RTT] printPerFrameInfo: tx_rate_info1(0x10003) tx_rate_info2(0x41) rx_rate_info1(0x30000) rx_rate_info2(0x41) max_tod_toa_error(0x0)
06-13 06:36:28.628  2982  4414 D LOWI-9.0.1.74: [LOWI-HELIUM-RTT] printPerFrameInfo: rssi(1684300900) T1.time32(0x0) T1.time0(0x0) T2.time32(0x0) T2.time0(0x0) T3_del(0x0) T4_del(0x62945e6) txPreamble(0x3) txBw(0x0) txRateMcsIdx(0x0)txSTS(0x0) txNREP(0x0) txBitRate(0x41) rxPreamble(0x0) rxBw(0x0) invalidFACBit(0x0) rxRateMcsIdx(0x0) rxBitRate(0x41) chainMask(0x3) maxTodError(0x0)maxToaError(0x0) useTxChainNo(0x1) useRxChainNo(0x0) rxSTS(0x0) rxNREP(0x0) r2iNDPIntegrityCheck(0x0)
06-13 06:36:28.628  2982  4414 D LOWI-9.0.1.74: [LOWI-HELIUM-RTT] processPerFrameInfo: RTT V2 Performed - Raw RSSI(0x0), toa - tod = 0x62945e6(pre-offset), RTT(103368166 psecs), RSSI(0) 
06-13 06:36:28.628  2982  4414 D LOWI-9.0.1.74: [LOWI-HELIUM-RTT] printPerPeerInfo: peerMac(62:d8:a4:**:**:f9) burstIdx(0) numIEs(0) numMeasThisAP(2)rttMeasType(1) isQtiPeer(0) tmrSubType(0) isLastRespForPeer (0) securityMode(0) numFrmAttempted(2) actualBurstDur(5) actualNumFrmPerBur(2) actualBurstExp(0) retryAfterDur(0) measStartTSF(716187657) control(0x102) result_info_1(0x50002)result_info_2(0x2) result_info_3(0x0) measStartTSF_field(0x2ab02809)
06-13 06:36:28.628  2982  4414 D LOWI-9.0.1.74: [LOWI-HELIUM-RTT] printPerPeerInfo: 11az params: i2r_lmr_feedback:0 ranging_priority:0 r2i_toa_type:0 i2r_toa_type:0 format_and_bw:0 imdt_r2i_feedback:0 imdt_i2r_feedback:0 max_i2r_repetition:0 max_r2i_repetition:0 device_class:0 full_bw_ul_mumimo:0 max_r2i_sts_le_80mhz:0 max_r2i_sts_gr_80mhz:0 max_r2i_ltf_total:0 max_i2r_sts_le_80mhz:0 max_i2r_sts_gr_80mhz:0 max_i2r_ltf_total:0 min_time_between_measurements:0 tb_max_session_expiry 0
06-13 06:36:28.628  2982  4414 D LOWI-9.0.1.74: [LOWI-P2P-RTT] p2pIsStored: Bad inputs
06-13 06:36:28.628  2982  4414 D LOWI-9.0.1.74: [LOWI-HELIUM-RTT] printPerFrameInfo: tx_rate_info1(0x10003) tx_rate_info2(0x41) rx_rate_info1(0x30000) rx_rate_info2(0x41) max_tod_toa_error(0x0)
06-13 06:36:28.628  2982  4414 D LOWI-9.0.1.74: [LOWI-HELIUM-RTT] printPerFrameInfo: rssi(1684300900) T1.time32(0x0) T1.time0(0x0) T2.time32(0x0) T2.time0(0x0) T3_del(0x0) T4_del(0x62ecdea) txPreamble(0x3) txBw(0x0) txRateMcsIdx(0x0)txSTS(0x0) txNREP(0x0) txBitRate(0x41) rxPreamble(0x0) rxBw(0x0) invalidFACBit(0x0) rxRateMcsIdx(0x0) rxBitRate(0x41) chainMask(0x3) maxTodError(0x0)maxToaError(0x0) useTxChainNo(0x1) useRxChainNo(0x0) rxSTS(0x0) rxNREP(0x0) r2iNDPIntegrityCheck(0x0)
06-13 06:36:28.628  2982  4414 D LOWI-9.0.1.74: [LOWI-HELIUM-RTT] processPerFrameInfo: RTT V2 Performed - Raw RSSI(0x0), toa - tod = 0x62ecdea(pre-offset), RTT(103730666 psecs), RSSI(0) 
06-13 06:36:28.628  2982  4414 D LOWI-9.0.1.74: [LOWI-HELIUM-RTT] printPerFrameInfo: tx_rate_info1(0x10003) tx_rate_info2(0x41) rx_rate_info1(0x30000) rx_rate_info2(0x41) max_tod_toa_error(0x0)
06-13 06:36:28.628  2982  4414 D LOWI-9.0.1.74: [LOWI-HELIUM-RTT] printPerFrameInfo: rssi(1684300900) T1.time32(0x0) T1.time0(0x0) T2.time32(0x0) T2.time0(0x0) T3_del(0x0) T4_del(0x62e6c42) txPreamble(0x3) txBw(0x0) txRateMcsIdx(0x0)txSTS(0x0) txNREP(0x0) txBitRate(0x41) rxPreamble(0x0) rxBw(0x0) invalidFACBit(0x0) rxRateMcsIdx(0x0) rxBitRate(0x41) chainMask(0x3) maxTodError(0x0)maxToaError(0x0) useTxChainNo(0x1) useRxChainNo(0x0) rxSTS(0x0) rxNREP(0x0) r2iNDPIntegrityCheck(0x0)
06-13 06:36:28.628  2982  4414 D LOWI-9.0.1.74: [LOWI-HELIUM-RTT] processPerFrameInfo: RTT V2 Performed - Raw RSSI(0x0), toa - tod = 0x62e6c42(pre-offset), RTT(103705666 psecs), RSSI(0) 
06-13 06:36:28.628  2982  4414 I LOWI-9.0.1.74: [LOWIRangingHeliumFSM] SendReqToFwOrRespToUser: All ranging measurements completed.Send response to client
06-13 06:36:28.628  2982  4414 I LOWI-9.0.1.74: [LOWIRangingHeliumFSM] SendReqToFwOrRespToUser this is not a rtt BG node
06-13 06:36:28.628  2982  4414 D LOWI-9.0.1.74: [LOWIRangingFSM] FSM: New FSM state: STATE_READY_AND_IDLE
06-13 06:36:28.628  2982  4414 D LOWI-9.0.1.74: [LOWI-ROME-RTT] RomeWaitOnActivityOnSocketOrPipe: issue blocking select 
06-13 06:36:28.629  2982  3006 D LOWI-9.0.1.74: [LOWIEventReceiver] handleEvent:FROM:NA, TO:NA, REQ:NA, IREQ:NA, REQ_ID:0, RESP:NA, INFO:NA
06-13 06:36:28.629  2982  3006 D LOWI-9.0.1.74: [LOWIBackgroundScanMgr] isRspForBgScanMgr: req(RANGING_SCAN) -- not handled
06-13 06:36:28.629  2982  3006 D LOWI-9.0.1.74: [LOWIScheduler] manageMsg: Results for RANGING_SCAN -- handled: scanStatus(SCAN_STATUS_SUCCESS)
06-13 06:36:28.629  2982  3006 D LOWI-9.0.1.74: [LOWICacheManager] putInCache:Num of Meas to add: 6
06-13 06:36:28.630  2982  3006 D LOWI-9.0.1.74: [LOWIScheduler] processNode: 5a:4c:77:**:**:11
06-13 06:36:28.631  2982  3006 I LOWI-9.0.1.74: [LOWIScheduler] Node isRttBgNode 0 is_last_resp_for_peer 0
06-13 06:36:28.631  2982  3006 D LOWI-9.0.1.74: [LOWIScheduler] processNode: 4a:4c:77:**:**:11
06-13 06:36:28.631  2982  3006 I LOWI-9.0.1.74: [LOWIScheduler] Node isRttBgNode 0 is_last_resp_for_peer 0
06-13 06:36:28.631  2982  3006 D LOWI-9.0.1.74: [LOWIScheduler] processNode: 40:4c:77:**:**:11
06-13 06:36:28.631  2982  3006 I LOWI-9.0.1.74: [LOWIScheduler] Node isRttBgNode 0 is_last_resp_for_peer 0
06-13 06:36:28.631  2982  3006 D LOWI-9.0.1.74: [LOWIScheduler] processNode: f0:09:0d:**:**:01
06-13 06:36:28.631  2982  3006 I LOWI-9.0.1.74: [LOWIScheduler] Node isRttBgNode 0 is_last_resp_for_peer 0
06-13 06:36:28.631  2982  3006 D LOWI-9.0.1.74: [LOWIScheduler] processNode: 60:d8:a4:**:**:9d
06-13 06:36:28.631  2982  3006 I LOWI-9.0.1.74: [LOWIScheduler] Node isRttBgNode 0 is_last_resp_for_peer 0
06-13 06:36:28.631  2982  3006 D LOWI-9.0.1.74: [LOWIScheduler] processNode: 62:d8:a4:**:**:f9
06-13 06:36:28.631  2982  3006 I LOWI-9.0.1.74: [LOWIScheduler] Node isRttBgNode 0 is_last_resp_for_peer 0
06-13 06:36:28.631  2982  3006 D LOWI-9.0.1.74: [LOWIScheduler] nodesForRsp: # nodes for this client(6)
06-13 06:36:28.631  2982  3006 D LOWI-9.0.1.74: [LOWIScheduler] processRangRsp: Create response: status(SCAN_STATUS_SUCCESS) numBssids(6) reqId(242) originator(73fd882c00-LC) reqType(5)
06-13 06:36:28.631  2982  3006 D LOWI-9.0.1.74: [LOWIController] generateResponse: Type (PERIODIC_RANGING_SCAN) ScanStatus (1) request 73fd882c00-LC_242
06-13 06:36:28.631  2982  3006 D LOWI-9.0.1.74: [LOWIEventDispatcher] sendResponse - originator = 73fd882c00-LC
06-13 06:36:28.631  2982  3006 D LOWI-9.0.1.74: [LOWIUtils] injectScanMeasurements - num of APs = 6
06-13 06:36:28.631  2982  3006 D LOWI-9.0.1.74: [LOWIUtils] injectRangingScanMeasurements - NUM_COLOC_BSS(0), PEER_OEM(LOWI_PEER_OEM_UNKNOWN)
06-13 06:36:28.632  2982  3006 D LOWI-9.0.1.74: [LOWIUtils] injectRangingScanMeasurements - NUM_COLOC_BSS(0), PEER_OEM(LOWI_PEER_OEM_UNKNOWN)
06-13 06:36:28.632  2982  3006 D LOWI-9.0.1.74: [LOWIUtils] injectRangingScanMeasurements - NUM_COLOC_BSS(0), PEER_OEM(LOWI_PEER_OEM_UNKNOWN)
06-13 06:36:28.632  2982  3006 D LOWI-9.0.1.74: [LOWIUtils] injectRangingScanMeasurements - NUM_COLOC_BSS(0), PEER_OEM(LOWI_PEER_OEM_UNKNOWN)
06-13 06:36:28.632  2982  3006 D LOWI-9.0.1.74: [LOWIUtils] injectRangingScanMeasurements - NUM_COLOC_BSS(0), PEER_OEM(LOWI_PEER_OEM_UNKNOWN)
06-13 06:36:28.632  2982  3006 D LOWI-9.0.1.74: [LOWIUtils] injectRangingScanMeasurements - NUM_COLOC_BSS(0), PEER_OEM(LOWI_PEER_OEM_UNKNOWN)
06-13 06:36:28.632  2982  3006 I LOWI-9.0.1.74: [LOWIUtils] responseToOutPostcard - TO: 73fd882c00-LC, FROM:   LOWI-SERVER, RESP:  LOWI_RANGING_SCAN
06-13 06:36:28.633  2982  3006 D LOWI-9.0.1.74: [LOWIEventDispatcher] sendResponse - originator = FreeWifiScanObserver
06-13 06:36:28.633  2200  4416 I QCALOG  : [LOWIUtils] inPostcardToResponse - FROM: LOWI-SERVER, TO:   73fd882c00-LC, RESP:  LOWI_RANGING_SCAN
06-13 06:36:28.634  2200  4416 D QCALOG  : [LOWIUtils] inPostcardToResponse - Request id(242) Scan Status(1)
06-13 06:36:28.633  2982  3006 D LOWI-9.0.1.74: [LOWIUtils] injectScanMeasurements - num of APs = 6
06-13 06:36:28.634  2200  4416 D QCALOG  : [LOWIUtils] parseScanMeasurements - Total Scan measurements = 6
06-13 06:36:28.634  2200  4416 D QCALOG  : [LOWIUtils] parseRangingScanMeasurements - MAX_BSS_IND = 0, NUM_COLOC_BSS = 0, Peer OEM = 0
06-13 06:36:28.634  2200  4416 D QCALOG  : [LOWIUtils] parseScanMeasurements - FREQUENCY(5785) IS_SECURE(0) NODE_TYPE(1)RTT_TYPE(1) ADD_INFO 0x0tmr_subtype(0) security_mode(0)
06-13 06:36:28.634  2200  4416 D QCALOG  : [LOWIUtils] COUNTRY_CODE is 
06-13 06:36:28.634  2200  4416 D QCALOG  : [LOWIUtils] parseScanMeasurements - CELL_POWER(0) INDOOR OUTDOOR( ), MEASUREMENT_NUM(0)
06-13 06:36:28.634  2200  4416 D QCALOG  : [LOWIUtils] parseMeasurementInfo - Total measurements = 2
06-13 06:36:28.634  2200  4416 W QCALOG  : [LOWIUtils] parseMeasurementInfo - Unable to extract CFR_CIR_LENGTH
06-13 06:36:28.634  2200  4416 D QCALOG  : [LOWIUtils] parseMeasurementInfo - RSSI_TIMESTAMP(1781350588248) RSSI(0) MEAS_AGE(-1) RTT_TIMESTAMP(1781350588248) RTT(104513) TX_PREAMBLE(3) TX_NSS(1) TX_BW(0) TX_MCS_IDX(0) TX_BIT_RATE(65) RX_PREAMBLE(0) RX_NSS(2) RX_BW(0) RX_MCS_IDX(0) RX_BIT_RATE(65) tx_chain_no(0) rx_chain_no(-1) TX_STS(0) TX_NREP(0) RX_STS(0) RX_NREP(0) R2I_NDP_INTEGRITY_CHECK(0) INVALID_FAC(0)
06-13 06:36:28.635  2200  4416 W QCALOG  : [LOWIUtils] parseMeasurementInfo - Unable to extract CFR_CIR_LENGTH
06-13 06:36:28.635  2200  4416 D QCALOG  : [LOWIUtils] parseMeasurementInfo - RSSI_TIMESTAMP(1781350588248) RSSI(0) MEAS_AGE(-1) RTT_TIMESTAMP(1781350588248) RTT(104269) TX_PREAMBLE(3) TX_NSS(1) TX_BW(0) TX_MCS_IDX(0) TX_BIT_RATE(65) RX_PREAMBLE(0) RX_NSS(2) RX_BW(0) RX_MCS_IDX(0) RX_BIT_RATE(65) tx_chain_no(0) rx_chain_no(-1) TX_STS(0) TX_NREP(0) RX_STS(0) RX_NREP(0) R2I_NDP_INTEGRITY_CHECK(0) INVALID_FAC(0)
06-13 06:36:28.635  2982  3006 I LOWI-9.0.1.74: [LOWIUtils] responseToOutPostcard - TO: FreeWifiScanObserver, FROM:   LOWI-SERVER, RESP:  LOWI_RANGING_SCAN
06-13 06:36:28.635  2200  4416 D QCALOG  : [LOWIUtils] parseIEDataInfo - Total IE's = 0
06-13 06:36:28.635  2200  4416 D QCALOG  : [LOWIUtils] parseScanMeasurements - RTT_TARGET_STATUS(0) BEACON_PERIOD(0), BEACON_CAPS(0), IE_LENGTH(0)
06-13 06:36:28.635  2982  3006 D LOWI-9.0.1.74: [LOWIController] sendRangingResponseToSnoopRTTClients: Response sent to Snoop RTT Client Request(ID:5, originator: FreeWifiScanObserver)
06-13 06:36:28.636  2982  3006 D LOWI-9.0.1.74: [LOWIScheduler] dataBaseCleanup:Status before cleanup
06-13 06:36:28.636  2200  4416 D QCALOG  : [LOWIUtils] parseRangingScanMeasurements - MAX_BSS_IND = 0, NUM_COLOC_BSS = 0, Peer OEM = 0
06-13 06:36:28.636  2982  3006 D LOWI-9.0.1.74: [LOWIScheduler] ****************************** WiFiNode Database *****************************************************************************************
06-13 06:36:28.636  2982  3006 D LOWI-9.0.1.74: [LOWIScheduler] Num of remaining nodes: 6
06-13 06:36:28.636  2982  3006 D LOWI-9.0.1.74: [LOWIScheduler] BSSID             Freq nodeT rttT  BW     pkts cont period       numMeas perCntr retries retCntr ReqId      schId      nodeState                  
06-13 06:36:28.636  2200  4416 D QCALOG  : [LOWIUtils] parseScanMeasurements - FREQUENCY(5785) IS_SECURE(0) NODE_TYPE(1)RTT_TYPE(1) ADD_INFO 0x0tmr_subtype(0) security_mode(0)
06-13 06:36:28.636  2982  3006 D LOWI-9.0.1.74: [LOWIScheduler] 5a:4c:77:**:**:11 5785 AP    RTT2  BW_80  2    0    0            0       0       3       0       242        195428593  WIFI_NODE_READY_FOR_RSP    
06-13 06:36:28.636  2982  3006 D LOWI-9.0.1.74: [LOWIScheduler] 4a:4c:77:**:**:11 5785 AP    RTT2  BW_80  2    0    0            0       0       3       0       242        195428593  WIFI_NODE_READY_FOR_RSP    
06-13 06:36:28.636  2982  3006 D LOWI-9.0.1.74: [LOWIScheduler] 40:4c:77:**:**:11 5785 AP    RTT2  BW_80  2    0    0            0       0       3       0       242        195428593  WIFI_NODE_READY_FOR_RSP    
06-13 06:36:28.636  2982  3006 D LOWI-9.0.1.74: [LOWIScheduler] f0:09:0d:**:**:01 5220 AP    RTT2  BW_160 2    0    0            0       0       3       0       242        195428593  WIFI_NODE_READY_FOR_RSP    
06-13 06:36:28.636  2200  4416 D QCALOG  : [LOWIUtils] COUNTRY_CODE is 
06-13 06:36:28.636  2982  3006 D LOWI-9.0.1.74: [LOWIScheduler] 60:d8:a4:**:**:9d 5500 AP    RTT2  BW_80  2    0    0            0       0       3       0       242        195428593  WIFI_NODE_READY_FOR_RSP    
06-13 06:36:28.636  2982  3006 D LOWI-9.0.1.74: [LOWIScheduler] 62:d8:a4:**:**:f9 5500 AP    RTT2  BW_80  2    0    0            0       0       3       0       242        195428593  WIFI_NODE_READY_FOR_RSP    
06-13 06:36:28.636  2982  3006 D LOWI-9.0.1.74: [LOWIScheduler] ******************************************************************************************************************************************
06-13 06:36:28.636  2982  3006 D LOWI-9.0.1.74: [LOWIScheduler] One-shot node fully serviced: 5a:4c:77:**:**:11
06-13 06:36:28.636  2982  3006 D LOWI-9.0.1.74: [LOWIScheduler] One-shot node fully serviced: 4a:4c:77:**:**:11
06-13 06:36:28.636  2982  3006 D LOWI-9.0.1.74: [LOWIScheduler] One-shot node fully serviced: 40:4c:77:**:**:11
06-13 06:36:28.636  2982  3006 D LOWI-9.0.1.74: [LOWIScheduler] One-shot node fully serviced: f0:09:0d:**:**:01
06-13 06:36:28.636  2982  3006 D LOWI-9.0.1.74: [LOWIScheduler] One-shot node fully serviced: 60:d8:a4:**:**:9d
06-13 06:36:28.636  2982  3006 D LOWI-9.0.1.74: [LOWIScheduler] One-shot node fully serviced: 62:d8:a4:**:**:f9
06-13 06:36:28.636  2982  3006 D LOWI-9.0.1.74: [LOWIScheduler] dataBaseCleanup:Status after cleanup
06-13 06:36:28.636  2982  3006 D LOWI-9.0.1.74: [LOWIScheduler] ****************************** WiFiNode Database *****************************************************************************************
06-13 06:36:28.636  2982  3006 D LOWI-9.0.1.74: [LOWIScheduler] Num of remaining nodes: 0
06-13 06:36:28.636  2982  3006 D LOWI-9.0.1.74: [LOWIScheduler] BSSID             Freq nodeT rttT  BW     pkts cont period       numMeas perCntr retries retCntr ReqId      schId      nodeState                  
06-13 06:36:28.636  2982  3006 D LOWI-9.0.1.74: [LOWIScheduler] ******************************************************************************************************************************************
06-13 06:36:28.636  2982  3006 D LOWI-9.0.1.74: [LOWIScheduler] cleanUp: NumPeriodicNodesInDB left: 0
06-13 06:36:28.636  2982  3006 D LOWI-9.0.1.74: [LOWIScheduler] deleteClientInfo: deleting reqId(242) originator(73fd882c00-LC), reqType(PERIODIC_RANGING_SCAN)
06-13 06:36:28.636  2982  3006 D LOWI-9.0.1.74: [LOWIScheduler] getMeasInProgressNodeCnt mNodeDataBase size 0
06-13 06:36:28.636  2982  3006 D LOWI-9.0.1.74: [LOWIScheduler] All node are served ? YES delete rtt req 
06-13 06:36:28.636  2982  3006 D LOWI-9.0.1.74: [LOWIScheduler] manageMsg:delete current wifi rtt request
06-13 06:36:28.636  2982  3006 D LOWI-9.0.1.74: [LOWIController] Scheduler is managing the msg
06-13 06:36:28.636  2200  4416 D QCALOG  : [LOWIUtils] parseScanMeasurements - CELL_POWER(0) INDOOR OUTDOOR( ), MEASUREMENT_NUM(0)
06-13 06:36:28.636  2200  4416 D QCALOG  : [LOWIUtils] parseMeasurementInfo - Total measurements = 2
06-13 06:36:28.636  2200  4416 W QCALOG  : [LOWIUtils] parseMeasurementInfo - Unable to extract CFR_CIR_LENGTH
06-13 06:36:28.636  2200  4416 D QCALOG  : [LOWIUtils] parseMeasurementInfo - RSSI_TIMESTAMP(1781350588248) RSSI(0) MEAS_AGE(-1) RTT_TIMESTAMP(1781350588248) RTT(104289) TX_PREAMBLE(3) TX_NSS(1) TX_BW(0) TX_MCS_IDX(0) TX_BIT_RATE(65) RX_PREAMBLE(0) RX_NSS(2) RX_BW(0) RX_MCS_IDX(0) RX_BIT_RATE(65) tx_chain_no(0) rx_chain_no(-1) TX_STS(0) TX_NREP(0) RX_STS(0) RX_NREP(0) R2I_NDP_INTEGRITY_CHECK(0) INVALID_FAC(0)
06-13 06:36:28.637  2200  4416 W QCALOG  : [LOWIUtils] parseMeasurementInfo - Unable to extract CFR_CIR_LENGTH
06-13 06:36:28.637  2200  4416 D QCALOG  : [LOWIUtils] parseMeasurementInfo - RSSI_TIMESTAMP(1781350588249) RSSI(0) MEAS_AGE(-1) RTT_TIMESTAMP(1781350588249) RTT(104092) TX_PREAMBLE(3) TX_NSS(1) TX_BW(0) TX_MCS_IDX(0) TX_BIT_RATE(65) RX_PREAMBLE(0) RX_NSS(2) RX_BW(0) RX_MCS_IDX(0) RX_BIT_RATE(65) tx_chain_no(0) rx_chain_no(-1) TX_STS(0) TX_NREP(0) RX_STS(0) RX_NREP(0) R2I_NDP_INTEGRITY_CHECK(0) INVALID_FAC(0)
06-13 06:36:28.637  2200  4416 D QCALOG  : [LOWIUtils] parseIEDataInfo - Total IE's = 0
06-13 06:36:28.637  2200  4416 D QCALOG  : [LOWIUtils] parseScanMeasurements - RTT_TARGET_STATUS(0) BEACON_PERIOD(0), BEACON_CAPS(0), IE_LENGTH(0)
06-13 06:36:28.637  2200  4416 D QCALOG  : [LOWIUtils] parseRangingScanMeasurements - MAX_BSS_IND = 0, NUM_COLOC_BSS = 0, Peer OEM = 0
06-13 06:36:28.637  2200  4416 D QCALOG  : [LOWIUtils] parseScanMeasurements - FREQUENCY(5785) IS_SECURE(0) NODE_TYPE(1)RTT_TYPE(1) ADD_INFO 0x0tmr_subtype(0) security_mode(0)
06-13 06:36:28.637  2200  4416 D QCALOG  : [LOWIUtils] COUNTRY_CODE is 
06-13 06:36:28.638  2200  4416 D QCALOG  : [LOWIUtils] parseScanMeasurements - CELL_POWER(0) INDOOR OUTDOOR( ), MEASUREMENT_NUM(0)
06-13 06:36:28.638  2200  4416 D QCALOG  : [LOWIUtils] parseMeasurementInfo - Total measurements = 2
06-13 06:36:28.638  2200  4416 W QCALOG  : [LOWIUtils] parseMeasurementInfo - Unable to extract CFR_CIR_LENGTH
06-13 06:36:28.638  2200  4416 D QCALOG  : [LOWIUtils] parseMeasurementInfo - RSSI_TIMESTAMP(1781350588249) RSSI(0) MEAS_AGE(-1) RTT_TIMESTAMP(1781350588249) RTT(104511) TX_PREAMBLE(3) TX_NSS(1) TX_BW(0) TX_MCS_IDX(0) TX_BIT_RATE(65) RX_PREAMBLE(0) RX_NSS(2) RX_BW(0) RX_MCS_IDX(0) RX_BIT_RATE(65) tx_chain_no(0) rx_chain_no(-1) TX_STS(0) TX_NREP(0) RX_STS(0) RX_NREP(0) R2I_NDP_INTEGRITY_CHECK(0) INVALID_FAC(0)
06-13 06:36:28.638  2200  4416 W QCALOG  : [LOWIUtils] parseMeasurementInfo - Unable to extract CFR_CIR_LENGTH
06-13 06:36:28.638  2200  4416 D QCALOG  : [LOWIUtils] parseMeasurementInfo - RSSI_TIMESTAMP(1781350588249) RSSI(0) MEAS_AGE(-1) RTT_TIMESTAMP(1781350588249) RTT(104259) TX_PREAMBLE(3) TX_NSS(1) TX_BW(0) TX_MCS_IDX(0) TX_BIT_RATE(65) RX_PREAMBLE(0) RX_NSS(2) RX_BW(0) RX_MCS_IDX(0) RX_BIT_RATE(65) tx_chain_no(0) rx_chain_no(-1) TX_STS(0) TX_NREP(0) RX_STS(0) RX_NREP(0) R2I_NDP_INTEGRITY_CHECK(0) INVALID_FAC(0)
06-13 06:36:28.638  2200  4416 D QCALOG  : [LOWIUtils] parseIEDataInfo - Total IE's = 0
06-13 06:36:28.638  2200  4416 D QCALOG  : [LOWIUtils] parseScanMeasurements - RTT_TARGET_STATUS(0) BEACON_PERIOD(0), BEACON_CAPS(0), IE_LENGTH(0)
06-13 06:36:28.639  2200  4416 D QCALOG  : [LOWIUtils] parseRangingScanMeasurements - MAX_BSS_IND = 0, NUM_COLOC_BSS = 0, Peer OEM = 0
06-13 06:36:28.639  2200  4416 D QCALOG  : [LOWIUtils] parseScanMeasurements - FREQUENCY(5220) IS_SECURE(0) NODE_TYPE(1)RTT_TYPE(1) ADD_INFO 0x0tmr_subtype(0) security_mode(0)
06-13 06:36:28.639  2200  4416 D QCALOG  : [LOWIUtils] COUNTRY_CODE is 
06-13 06:36:28.639  2200  4416 D QCALOG  : [LOWIUtils] parseScanMeasurements - CELL_POWER(0) INDOOR OUTDOOR( ), MEASUREMENT_NUM(0)
06-13 06:36:28.639  2200  4416 D QCALOG  : [LOWIUtils] parseMeasurementInfo - Total measurements = 2
06-13 06:36:28.639  2200  4416 W QCALOG  : [LOWIUtils] parseMeasurementInfo - Unable to extract CFR_CIR_LENGTH
06-13 06:36:28.639  2200  4416 D QCALOG  : [LOWIUtils] parseMeasurementInfo - RSSI_TIMESTAMP(1781350588307) RSSI(0) MEAS_AGE(-1) RTT_TIMESTAMP(1781350588307) RTT(103932) TX_PREAMBLE(3) TX_NSS(1) TX_BW(0) TX_MCS_IDX(0) TX_BIT_RATE(65) RX_PREAMBLE(0) RX_NSS(2) RX_BW(0) RX_MCS_IDX(0) RX_BIT_RATE(65) tx_chain_no(0) rx_chain_no(-1) TX_STS(0) TX_NREP(0) RX_STS(0) RX_NREP(0) R2I_NDP_INTEGRITY_CHECK(0) INVALID_FAC(0)
06-13 06:36:28.639  2200  4416 W QCALOG  : [LOWIUtils] parseMeasurementInfo - Unable to extract CFR_CIR_LENGTH
06-13 06:36:28.639  2200  4416 D QCALOG  : [LOWIUtils] parseMeasurementInfo - RSSI_TIMESTAMP(1781350588307) RSSI(0) MEAS_AGE(-1) RTT_TIMESTAMP(1781350588307) RTT(103907) TX_PREAMBLE(3) TX_NSS(1) TX_BW(0) TX_MCS_IDX(0) TX_BIT_RATE(65) RX_PREAMBLE(0) RX_NSS(2) RX_BW(0) RX_MCS_IDX(0) RX_BIT_RATE(65) tx_chain_no(0) rx_chain_no(-1) TX_STS(0) TX_NREP(0) RX_STS(0) RX_NREP(0) R2I_NDP_INTEGRITY_CHECK(0) INVALID_FAC(0)
06-13 06:36:28.639  2200  4416 D QCALOG  : [LOWIUtils] parseIEDataInfo - Total IE's = 0
06-13 06:36:28.639  2200  4416 D QCALOG  : [LOWIUtils] parseScanMeasurements - RTT_TARGET_STATUS(0) BEACON_PERIOD(0), BEACON_CAPS(0), IE_LENGTH(0)
06-13 06:36:28.639  2200  4416 D QCALOG  : [LOWIUtils] parseRangingScanMeasurements - MAX_BSS_IND = 0, NUM_COLOC_BSS = 0, Peer OEM = 0
06-13 06:36:28.639  2200  4416 D QCALOG  : [LOWIUtils] parseScanMeasurements - FREQUENCY(5500) IS_SECURE(0) NODE_TYPE(1)RTT_TYPE(1) ADD_INFO 0x0tmr_subtype(0) security_mode(0)
06-13 06:36:28.639  2200  4416 D QCALOG  : [LOWIUtils] COUNTRY_CODE is 
06-13 06:36:28.639  2200  4416 D QCALOG  : [LOWIUtils] parseScanMeasurements - CELL_POWER(0) INDOOR OUTDOOR( ), MEASUREMENT_NUM(0)
06-13 06:36:28.639  2200  4416 D QCALOG  : [LOWIUtils] parseMeasurementInfo - Total measurements = 2
06-13 06:36:28.639  2200  4416 W QCALOG  : [LOWIUtils] parseMeasurementInfo - Unable to extract CFR_CIR_LENGTH
06-13 06:36:28.639  2200  4416 D QCALOG  : [LOWIUtils] parseMeasurementInfo - RSSI_TIMESTAMP(1781350588628) RSSI(0) MEAS_AGE(-1) RTT_TIMESTAMP(1781350588628) RTT(103649) TX_PREAMBLE(3) TX_NSS(1) TX_BW(0) TX_MCS_IDX(0) TX_BIT_RATE(65) RX_PREAMBLE(0) RX_NSS(2) RX_BW(0) RX_MCS_IDX(0) RX_BIT_RATE(65) tx_chain_no(0) rx_chain_no(-1) TX_STS(0) TX_NREP(0) RX_STS(0) RX_NREP(0) R2I_NDP_INTEGRITY_CHECK(0) INVALID_FAC(0)
06-13 06:36:28.639  2200  4416 W QCALOG  : [LOWIUtils] parseMeasurementInfo - Unable to extract CFR_CIR_LENGTH
06-13 06:36:28.639  2200  4416 D QCALOG  : [LOWIUtils] parseMeasurementInfo - RSSI_TIMESTAMP(1781350588628) RSSI(0) MEAS_AGE(-1) RTT_TIMESTAMP(1781350588628) RTT(103368) TX_PREAMBLE(3) TX_NSS(1) TX_BW(0) TX_MCS_IDX(0) TX_BIT_RATE(65) RX_PREAMBLE(0) RX_NSS(2) RX_BW(0) RX_MCS_IDX(0) RX_BIT_RATE(65) tx_chain_no(0) rx_chain_no(-1) TX_STS(0) TX_NREP(0) RX_STS(0) RX_NREP(0) R2I_NDP_INTEGRITY_CHECK(0) INVALID_FAC(0)
06-13 06:36:28.640  2200  4416 D QCALOG  : [LOWIUtils] parseIEDataInfo - Total IE's = 0
06-13 06:36:28.640  2200  4416 D QCALOG  : [LOWIUtils] parseScanMeasurements - RTT_TARGET_STATUS(0) BEACON_PERIOD(0), BEACON_CAPS(0), IE_LENGTH(0)
06-13 06:36:28.640  2200  4416 D QCALOG  : [LOWIUtils] parseRangingScanMeasurements - MAX_BSS_IND = 0, NUM_COLOC_BSS = 0, Peer OEM = 0
06-13 06:36:28.640  2200  4416 D QCALOG  : [LOWIUtils] parseScanMeasurements - FREQUENCY(5500) IS_SECURE(0) NODE_TYPE(1)RTT_TYPE(1) ADD_INFO 0x0tmr_subtype(0) security_mode(0)
06-13 06:36:28.640  2200  4416 D QCALOG  : [LOWIUtils] COUNTRY_CODE is 
06-13 06:36:28.640  2200  4416 D QCALOG  : [LOWIUtils] parseScanMeasurements - CELL_POWER(0) INDOOR OUTDOOR( ), MEASUREMENT_NUM(0)
06-13 06:36:28.640  2200  4416 D QCALOG  : [LOWIUtils] parseMeasurementInfo - Total measurements = 2
06-13 06:36:28.640  2200  4416 W QCALOG  : [LOWIUtils] parseMeasurementInfo - Unable to extract CFR_CIR_LENGTH
06-13 06:36:28.640  2200  4416 D QCALOG  : [LOWIUtils] parseMeasurementInfo - RSSI_TIMESTAMP(1781350588629) RSSI(0) MEAS_AGE(-1) RTT_TIMESTAMP(1781350588629) RTT(103730) TX_PREAMBLE(3) TX_NSS(1) TX_BW(0) TX_MCS_IDX(0) TX_BIT_RATE(65) RX_PREAMBLE(0) RX_NSS(2) RX_BW(0) RX_MCS_IDX(0) RX_BIT_RATE(65) tx_chain_no(0) rx_chain_no(-1) TX_STS(0) TX_NREP(0) RX_STS(0) RX_NREP(0) R2I_NDP_INTEGRITY_CHECK(0) INVALID_FAC(0)
06-13 06:36:28.640  2200  4416 W QCALOG  : [LOWIUtils] parseMeasurementInfo - Unable to extract CFR_CIR_LENGTH
06-13 06:36:28.641  2200  4416 D QCALOG  : [LOWIUtils] parseMeasurementInfo - RSSI_TIMESTAMP(1781350588629) RSSI(0) MEAS_AGE(-1) RTT_TIMESTAMP(1781350588629) RTT(103705) TX_PREAMBLE(3) TX_NSS(1) TX_BW(0) TX_MCS_IDX(0) TX_BIT_RATE(65) RX_PREAMBLE(0) RX_NSS(2) RX_BW(0) RX_MCS_IDX(0) RX_BIT_RATE(65) tx_chain_no(0) rx_chain_no(-1) TX_STS(0) TX_NREP(0) RX_STS(0) RX_NREP(0) R2I_NDP_INTEGRITY_CHECK(0) INVALID_FAC(0)
06-13 06:36:28.641  2200  4416 D QCALOG  : [LOWIUtils] parseIEDataInfo - Total IE's = 0
06-13 06:36:28.642  2200  4416 D QCALOG  : [LOWIUtils] parseScanMeasurements - RTT_TARGET_STATUS(0) BEACON_PERIOD(0), BEACON_CAPS(0), IE_LENGTH(0)
06-13 06:36:28.642  2200  4416 D QCALOG  : [LOWIClientListener] Frequency = 5785, Is Secure = 0, Node type = 1
06-13 06:36:28.642  2200  4416 D QCALOG  : [LOWIClientListener] RSSI = 0, RSSI_TIMESTAMP = 1781350588248, RTT = 104513740ps, RTT_TIMESTAMP = 1781350588248
06-13 06:36:28.642  2200  4416 D QCALOG  : [LOWIClientListener] PREAMBLE = 3, BW = 0, MCS_IDX = 0, BIT_RATE = 65
06-13 06:36:28.642  2200  4416 D QCALOG  : [LOWIClientListener] RSSI = 0, RSSI_TIMESTAMP = 1781350588248, RTT = 104269990ps, RTT_TIMESTAMP = 1781350588248
06-13 06:36:28.642  2200  4416 D QCALOG  : [LOWIClientListener] PREAMBLE = 3, BW = 0, MCS_IDX = 0, BIT_RATE = 65
06-13 06:36:28.642  2200  4416 D QCALOG  : [LOWIClientListener] Frequency = 5785, Is Secure = 0, Node type = 1
06-13 06:36:28.642  2200  4416 D QCALOG  : [LOWIClientListener] RSSI = 0, RSSI_TIMESTAMP = 1781350588248, RTT = 104289521ps, RTT_TIMESTAMP = 1781350588248
06-13 06:36:28.642  2200  4416 D QCALOG  : [LOWIClientListener] PREAMBLE = 3, BW = 0, MCS_IDX = 0, BIT_RATE = 65
06-13 06:36:28.642  2200  4416 D QCALOG  : [LOWIClientListener] RSSI = 0, RSSI_TIMESTAMP = 1781350588249, RTT = 104092647ps, RTT_TIMESTAMP = 1781350588249
06-13 06:36:28.642  2200  4416 D QCALOG  : [LOWIClientListener] PREAMBLE = 3, BW = 0, MCS_IDX = 0, BIT_RATE = 65
06-13 06:36:28.642  2200  4416 D QCALOG  : [LOWIClientListener] Frequency = 5785, Is Secure = 0, Node type = 1
06-13 06:36:28.642  2200  4416 D QCALOG  : [LOWIClientListener] RSSI = 0, RSSI_TIMESTAMP = 1781350588249, RTT = 104511396ps, RTT_TIMESTAMP = 1781350588249
06-13 06:36:28.642  2200  4416 D QCALOG  : [LOWIClientListener] PREAMBLE = 3, BW = 0, MCS_IDX = 0, BIT_RATE = 65
06-13 06:36:28.642  2200  4416 D QCALOG  : [LOWIClientListener] RSSI = 0, RSSI_TIMESTAMP = 1781350588249, RTT = 104259052ps, RTT_TIMESTAMP = 1781350588249
06-13 06:36:28.642  2200  4416 D QCALOG  : [LOWIClientListener] PREAMBLE = 3, BW = 0, MCS_IDX = 0, BIT_RATE = 65
06-13 06:36:28.642  2200  4416 D QCALOG  : [LOWIClientListener] Frequency = 5220, Is Secure = 0, Node type = 1
06-13 06:36:28.642  2200  4416 D QCALOG  : [LOWIClientListener] RSSI = 0, RSSI_TIMESTAMP = 1781350588307, RTT = 103932216ps, RTT_TIMESTAMP = 1781350588307
06-13 06:36:28.642  2200  4416 D QCALOG  : [LOWIClientListener] PREAMBLE = 3, BW = 0, MCS_IDX = 0, BIT_RATE = 65
06-13 06:36:28.642  2200  4416 D QCALOG  : [LOWIClientListener] RSSI = 0, RSSI_TIMESTAMP = 1781350588307, RTT = 103907216ps, RTT_TIMESTAMP = 1781350588307
06-13 06:36:28.642  2200  4416 D QCALOG  : [LOWIClientListener] PREAMBLE = 3, BW = 0, MCS_IDX = 0, BIT_RATE = 65
06-13 06:36:28.642  2200  4416 D QCALOG  : [LOWIClientListener] Frequency = 5500, Is Secure = 0, Node type = 1
06-13 06:36:28.643  2200  4416 D QCALOG  : [LOWIClientListener] RSSI = 0, RSSI_TIMESTAMP = 1781350588628, RTT = 103649416ps, RTT_TIMESTAMP = 1781350588628
06-13 06:36:28.643  2200  4416 D QCALOG  : [LOWIClientListener] PREAMBLE = 3, BW = 0, MCS_IDX = 0, BIT_RATE = 65
06-13 06:36:28.643  2200  4416 D QCALOG  : [LOWIClientListener] RSSI = 0, RSSI_TIMESTAMP = 1781350588628, RTT = 103368166ps, RTT_TIMESTAMP = 1781350588628
06-13 06:36:28.643  2200  4416 D QCALOG  : [LOWIClientListener] PREAMBLE = 3, BW = 0, MCS_IDX = 0, BIT_RATE = 65
06-13 06:36:28.643  2200  4416 D QCALOG  : [LOWIClientListener] Frequency = 5500, Is Secure = 0, Node type = 1
06-13 06:36:28.643  2200  4416 D QCALOG  : [LOWIClientListener] RSSI = 0, RSSI_TIMESTAMP = 1781350588629, RTT = 103730666ps, RTT_TIMESTAMP = 1781350588629
06-13 06:36:28.643  2200  4416 D QCALOG  : [LOWIClientListener] PREAMBLE = 3, BW = 0, MCS_IDX = 0, BIT_RATE = 65
06-13 06:36:28.643  2200  4416 D QCALOG  : [LOWIClientListener] RSSI = 0, RSSI_TIMESTAMP = 1781350588629, RTT = 103705666ps, RTT_TIMESTAMP = 1781350588629
06-13 06:36:28.643  2200  4416 D QCALOG  : [LOWIClientListener] PREAMBLE = 3, BW = 0, MCS_IDX = 0, BIT_RATE = 65
06-13 06:36:28.643  2200  4416 D QCALOG  : [LOWIClientListener] computeRttMetrics: 5a:4c:77:**:**:11 RTT Chain_0 Final Mean:100000000.0000 Max:104513740 Min:100000000 Spread:4513740 Stdev:0 median: 100000000
06-13 06:36:28.643  2200  4416 D QCALOG  : [LOWIClientListener] @printWiFiHalNodeResult(): BSSID: 5a:4c:77:**:**:11, timestamp:(26321996000)
06-13 06:36:28.643  2200  4416 D QCALOG  : [LOWIClientListener] @printWiFiHalNodeResult(): measurement_num(0), status(RTT_STATUS_SUCCESS), type(RTT_TYPE_1_SIDED)
06-13 06:36:28.643  2200  4416 I QCALOG  : [LOWIClientListener] printWiFiHalNodeResult: rssi(0), rssi_spread(0), rtt(100000000), rtt_sd(0), rtt_spread(4513740)
06-13 06:36:28.643  2200  4416 D QCALOG  : [LOWIClientListener] @printWiFiHalNodeResult(): tx_rate info: preamble(VHT), nss(2x2), bw(WIFI_CHAN_WIDTH_80P80), mcs_idx(0), bitrate(65)
06-13 06:36:28.643  2200  4416 D QCALOG  : [LOWIClientListener] @printWiFiHalNodeResult(): distance_mm(15000001), distance_spread_mm(677061), distance_sd_mm(0)
06-13 06:36:28.643  2200  4416 D QCALOG  : [LOWIClientListener] @printWiFiHalNodeResult(): frequency(5785), packet_bw(4)
06-13 06:36:28.643  2200  4416 D QCALOG  : [LOWIClientListener] computeRttMetrics: 4a:4c:77:**:**:11 RTT Chain_0 Final Mean:100000000.0000 Max:104289521 Min:100000000 Spread:4289521 Stdev:0 median: 100000000
06-13 06:36:28.643  2200  4416 D QCALOG  : [LOWIClientListener] @printWiFiHalNodeResult(): BSSID: 4a:4c:77:**:**:11, timestamp:(26321996000)
06-13 06:36:28.643  2200  4416 D QCALOG  : [LOWIClientListener] @printWiFiHalNodeResult(): measurement_num(0), status(RTT_STATUS_SUCCESS), type(RTT_TYPE_1_SIDED)
06-13 06:36:28.643  2200  4416 I QCALOG  : [LOWIClientListener] printWiFiHalNodeResult: rssi(0), rssi_spread(0), rtt(100000000), rtt_sd(0), rtt_spread(4289521)
06-13 06:36:28.643  2200  4416 D QCALOG  : [LOWIClientListener] @printWiFiHalNodeResult(): tx_rate info: preamble(VHT), nss(2x2), bw(WIFI_CHAN_WIDTH_80P80), mcs_idx(0), bitrate(65)
06-13 06:36:28.643  2200  4416 D QCALOG  : [LOWIClientListener] @printWiFiHalNodeResult(): distance_mm(15000001), distance_spread_mm(643428), distance_sd_mm(0)
06-13 06:36:28.643  2200  4416 D QCALOG  : [LOWIClientListener] @printWiFiHalNodeResult(): frequency(5785), packet_bw(4)
06-13 06:36:28.643  2200  4416 D QCALOG  : [LOWIClientListener] computeRttMetrics: 40:4c:77:**:**:11 RTT Chain_0 Final Mean:100000000.0000 Max:104511396 Min:100000000 Spread:4511396 Stdev:0 median: 100000000
06-13 06:36:28.643  2200  4416 D QCALOG  : [LOWIClientListener] @printWiFiHalNodeResult(): BSSID: 40:4c:77:**:**:11, timestamp:(26321997000)
06-13 06:36:28.643  2200  4416 D QCALOG  : [LOWIClientListener] @printWiFiHalNodeResult(): measurement_num(0), status(RTT_STATUS_SUCCESS), type(RTT_TYPE_1_SIDED)
06-13 06:36:28.643  2200  4416 I QCALOG  : [LOWIClientListener] printWiFiHalNodeResult: rssi(0), rssi_spread(0), rtt(100000000), rtt_sd(0), rtt_spread(4511396)
06-13 06:36:28.643  2200  4416 D QCALOG  : [LOWIClientListener] @printWiFiHalNodeResult(): tx_rate info: preamble(VHT), nss(2x2), bw(WIFI_CHAN_WIDTH_80P80), mcs_idx(0), bitrate(65)
06-13 06:36:28.643  2200  4416 D QCALOG  : [LOWIClientListener] @printWiFiHalNodeResult(): distance_mm(15000001), distance_spread_mm(676709), distance_sd_mm(0)
06-13 06:36:28.643  2200  4416 D QCALOG  : [LOWIClientListener] @printWiFiHalNodeResult(): frequency(5785), packet_bw(4)
06-13 06:36:28.643  2200  4416 D QCALOG  : [LOWIClientListener] computeRttMetrics: f0:09:0d:**:**:01 RTT Chain_0 Final Mean:100000000.0000 Max:103932216 Min:100000000 Spread:3932216 Stdev:0 median: 100000000
06-13 06:36:28.644  2200  4416 D QCALOG  : [LOWIClientListener] @printWiFiHalNodeResult(): BSSID: f0:09:0d:**:**:01, timestamp:(26321997000)
06-13 06:36:28.644  2200  4416 D QCALOG  : [LOWIClientListener] @printWiFiHalNodeResult(): measurement_num(0), status(RTT_STATUS_SUCCESS), type(RTT_TYPE_1_SIDED)
06-13 06:36:28.644  2200  4416 I QCALOG  : [LOWIClientListener] printWiFiHalNodeResult: rssi(0), rssi_spread(0), rtt(100000000), rtt_sd(0), rtt_spread(3932216)
06-13 06:36:28.644  2200  4416 D QCALOG  : [LOWIClientListener] @printWiFiHalNodeResult(): tx_rate info: preamble(VHT), nss(2x2), bw(WIFI_CHAN_WIDTH_80P80), mcs_idx(0), bitrate(65)
06-13 06:36:28.644  2200  4416 D QCALOG  : [LOWIClientListener] @printWiFiHalNodeResult(): distance_mm(15000001), distance_spread_mm(589832), distance_sd_mm(0)
06-13 06:36:28.644  2200  4416 D QCALOG  : [LOWIClientListener] @printWiFiHalNodeResult(): frequency(5220), packet_bw(4)
06-13 06:36:28.644  2200  4416 D QCALOG  : [LOWIClientListener] computeRttMetrics: 60:d8:a4:**:**:9d RTT Chain_0 Final Mean:100000000.0000 Max:103649416 Min:100000000 Spread:3649416 Stdev:0 median: 100000000
06-13 06:36:28.644  2200  4416 D QCALOG  : [LOWIClientListener] @printWiFiHalNodeResult(): BSSID: 60:d8:a4:**:**:9d, timestamp:(26321997000)
06-13 06:36:28.644  2200  4416 D QCALOG  : [LOWIClientListener] @printWiFiHalNodeResult(): measurement_num(0), status(RTT_STATUS_SUCCESS), type(RTT_TYPE_1_SIDED)
06-13 06:36:28.644  2200  4416 I QCALOG  : [LOWIClientListener] printWiFiHalNodeResult: rssi(0), rssi_spread(0), rtt(100000000), rtt_sd(0), rtt_spread(3649416)
06-13 06:36:28.644  2200  4416 D QCALOG  : [LOWIClientListener] @printWiFiHalNodeResult(): tx_rate info: preamble(VHT), nss(2x2), bw(WIFI_CHAN_WIDTH_80P80), mcs_idx(0), bitrate(65)
06-13 06:36:28.644  2200  4416 D QCALOG  : [LOWIClientListener] @printWiFiHalNodeResult(): distance_mm(15000001), distance_spread_mm(547412), distance_sd_mm(0)
06-13 06:36:28.644  2200  4416 D QCALOG  : [LOWIClientListener] @printWiFiHalNodeResult(): frequency(5500), packet_bw(4)
06-13 06:36:28.644  2200  4416 D QCALOG  : [LOWIClientListener] computeRttMetrics: 62:d8:a4:**:**:f9 RTT Chain_0 Final Mean:100000000.0000 Max:103730666 Min:100000000 Spread:3730666 Stdev:0 median: 100000000
06-13 06:36:28.644  2200  4416 D QCALOG  : [LOWIClientListener] @printWiFiHalNodeResult(): BSSID: 62:d8:a4:**:**:f9, timestamp:(26321997000)
06-13 06:36:28.644  2200  4416 D QCALOG  : [LOWIClientListener] @printWiFiHalNodeResult(): measurement_num(0), status(RTT_STATUS_SUCCESS), type(RTT_TYPE_1_SIDED)
06-13 06:36:28.644  2200  4416 I QCALOG  : [LOWIClientListener] printWiFiHalNodeResult: rssi(0), rssi_spread(0), rtt(100000000), rtt_sd(0), rtt_spread(3730666)
06-13 06:36:28.644  2200  4416 D QCALOG  : [LOWIClientListener] @printWiFiHalNodeResult(): tx_rate info: preamble(VHT), nss(2x2), bw(WIFI_CHAN_WIDTH_80P80), mcs_idx(0), bitrate(65)
06-13 06:36:28.644  2200  4416 D QCALOG  : [LOWIClientListener] @printWiFiHalNodeResult(): distance_mm(15000001), distance_spread_mm(559599), distance_sd_mm(0)
06-13 06:36:28.644  2200  4416 D QCALOG  : [LOWIClientListener] @printWiFiHalNodeResult(): frequency(5500), packet_bw(4)
06-13 06:36:28.647  2200  4360 D QCALOG  : [LOWI-WIFIHAL-2.1.1.27] printWiFiHalRequest: Request_id: 1241, numBssids : 6
06-13 06:36:28.647  2200  4360 D QCALOG  : [LOWI-WIFIHAL-2.1.1.27] wifiNodeParamChecking: Request_id: 1241, numBssids : 6
06-13 06:36:28.647  2200  4360 D QCALOG  : [LOWIUtils] requestToOutPostcard - Added a node card to the main card
06-13 06:36:28.647  2200  4360 D QCALOG  : [LOWIUtils] requestToOutPostcard - Added a node card to the main card
06-13 06:36:28.647  2200  4360 D QCALOG  : [LOWIUtils] requestToOutPostcard - Added a node card to the main card
06-13 06:36:28.647  2200  4360 D QCALOG  : [LOWIUtils] requestToOutPostcard - Added a node card to the main card
06-13 06:36:28.647  2200  4360 D QCALOG  : [LOWIUtils] requestToOutPostcard - Added a node card to the main card
06-13 06:36:28.647  2200  4360 D QCALOG  : [LOWIUtils] requestToOutPostcard - Added a node card to the main card
06-13 06:36:28.647  2200  4360 D QCALOG  : [LOWI-WIFIHAL-2.1.1.27] printLowiRequest: Request_id: 243, numBssids: 6
06-13 06:36:28.647  2200  4360 D QCALOG  : [LOWI-WIFIHAL-2.1.1.27] printLowiRequest: freq(5500)MHz, band_center_freq1(5530)MHz, band_center_freq2(0)MHz, rttType(RTT2), bwType(BW_80MHZ), pktsPerMeas(2)
06-13 06:36:28.647  2200  4360 D QCALOG  : [LOWI-WIFIHAL-2.1.1.27] printLowiRequest: periodic(0), burstPeriod(0) ms, numBursts(0), numRetries(3)
06-13 06:36:28.647  2200  4360 D QCALOG  : [LOWI-WIFIHAL-2.1.1.27] printLowiRequest: LCI Req(0x1) Civic(0x1) Bursts Exp(0) Burst Duration(9) Burst Period(0)
06-13 06:36:28.647  2200  4360 D QCALOG  : [LOWI-WIFIHAL-2.1.1.27] printLowiRequest: freq(5500)MHz, band_center_freq1(5530)MHz, band_center_freq2(0)MHz, rttType(RTT2), bwType(BW_80MHZ), pktsPerMeas(2)
06-13 06:36:28.647  2200  4360 D QCALOG  : [LOWI-WIFIHAL-2.1.1.27] printLowiRequest: periodic(0), burstPeriod(0) ms, numBursts(0), numRetries(3)
06-13 06:36:28.647  2200  4360 D QCALOG  : [LOWI-WIFIHAL-2.1.1.27] printLowiRequest: LCI Req(0x1) Civic(0x1) Bursts Exp(0) Burst Duration(9) Burst Period(0)
06-13 06:36:28.647  2200  4360 D QCALOG  : [LOWI-WIFIHAL-2.1.1.27] printLowiRequest: freq(5220)MHz, band_center_freq1(5210)MHz, band_center_freq2(5250)MHz, rttType(RTT2), bwType(BW_160MHZ), pktsPerMeas(2)
06-13 06:36:28.647  2200  4360 D QCALOG  : [LOWI-WIFIHAL-2.1.1.27] printLowiRequest: periodic(0), burstPeriod(0) ms, numBursts(0), numRetries(3)
06-13 06:36:28.647  2200  4360 D QCALOG  : [LOWI-WIFIHAL-2.1.1.27] printLowiRequest: LCI Req(0x1) Civic(0x1) Bursts Exp(0) Burst Duration(9) Burst Period(0)
06-13 06:36:28.648  2200  4360 D QCALOG  : [LOWI-WIFIHAL-2.1.1.27] printLowiRequest: freq(5785)MHz, band_center_freq1(5775)MHz, band_center_freq2(0)MHz, rttType(RTT2), bwType(BW_80MHZ), pktsPerMeas(2)
06-13 06:36:28.648  2200  4360 D QCALOG  : [LOWI-WIFIHAL-2.1.1.27] printLowiRequest: periodic(0), burstPeriod(0) ms, numBursts(0), numRetries(3)
06-13 06:36:28.648  2200  4360 D QCALOG  : [LOWI-WIFIHAL-2.1.1.27] printLowiRequest: LCI Req(0x1) Civic(0x1) Bursts Exp(0) Burst Duration(9) Burst Period(0)
06-13 06:36:28.648  2200  4360 D QCALOG  : [LOWI-WIFIHAL-2.1.1.27] printLowiRequest: freq(5785)MHz, band_center_freq1(5775)MHz, band_center_freq2(0)MHz, rttType(RTT2), bwType(BW_80MHZ), pktsPerMeas(2)
06-13 06:36:28.648  2200  4360 D QCALOG  : [LOWI-WIFIHAL-2.1.1.27] printLowiRequest: periodic(0), burstPeriod(0) ms, numBursts(0), numRetries(3)
06-13 06:36:28.648  2200  4360 D QCALOG  : [LOWI-WIFIHAL-2.1.1.27] printLowiRequest: LCI Req(0x1) Civic(0x1) Bursts Exp(0) Burst Duration(9) Burst Period(0)
06-13 06:36:28.648  2200  4360 D QCALOG  : [LOWI-WIFIHAL-2.1.1.27] printLowiRequest: freq(5785)MHz, band_center_freq1(5775)MHz, band_center_freq2(0)MHz, rttType(RTT2), bwType(BW_80MHZ), pktsPerMeas(2)
06-13 06:36:28.648  2200  4360 D QCALOG  : [LOWI-WIFIHAL-2.1.1.27] printLowiRequest: periodic(0), burstPeriod(0) ms, numBursts(0), numRetries(3)
06-13 06:36:28.648  2200  4360 D QCALOG  : [LOWI-WIFIHAL-2.1.1.27] printLowiRequest: LCI Req(0x1) Civic(0x1) Bursts Exp(0) Burst Duration(9) Burst Period(0)
06-13 06:36:28.648  2982  3005 D LOWI-9.0.1.74: [MqClientIpcReciver] FROM: 73fd882c00-LC
06-13 06:36:28.648  2982  3005 D LOWI-9.0.1.74: [MqClientIpcReciver] REQ:  LOWI_PERIODIC_RANGING_SCAN
06-13 06:36:28.648  2982  3005 D LOWI-9.0.1.74: [MqClientIpcReciver] TX-ID:  243
06-13 06:36:28.649  2982  3006 D LOWI-9.0.1.74: [LOWIEventReceiver] handleEvent:FROM:73fd882c00-LC, TO:LOWI-SERVER, REQ:LOWI_PERIODIC_RANGING_SCAN, IREQ:NA, REQ_ID:243, RESP:NA, INFO:NA
06-13 06:36:28.649  2982  3006 I LOWI-9.0.1.74: [LOWIUtils] inPostcardToRequest - FROM: 73fd882c00-LC, TO:   LOWI-SERVER, REQ:  LOWI_PERIODIC_RANGING_SCAN
06-13 06:36:28.649  2982  3006 D LOWI-9.0.1.74: [LOWIUtils] parseRangReqInfo - Request id(243) REQ_TIMEOUT(0) RANGING_SCAN_REPORT_TYPE(2), NUM_OF_NODES(6)
06-13 06:36:28.649  2982  3006 D LOWI-9.0.1.74: [LOWIUtils] parseRangScanParams - 62:d8:a4:**:**:f9 FREQ(5500 - 5530, 0) NODE_TYPE(1) RTT Type(1) BW(2) PREAMBLE(2) PKTS_PER_MEAS(2) RETRIES_PER_MEAS(3) PHYMODE(-1)
06-13 06:36:28.649  2982  3006 D LOWI-9.0.1.74: [LOWIUtils] parseRangScanParams - isRttBgNode 0 tbPeriodicity 0 tbDuration 0 tbMaxSessionExpiry 0
06-13 06:36:28.649  2982  3006 D LOWI-9.0.1.74: [LOWIUtils] parseRangScanParams -  PERIODIC(0) PERIOD(0) COUNT(0)
06-13 06:36:28.649  2982  3006 D LOWI-9.0.1.74: [LOWIUtils] parseRangScanParams - 60:d8:a4:**:**:9d FREQ(5500 - 5530, 0) NODE_TYPE(1) RTT Type(1) BW(2) PREAMBLE(2) PKTS_PER_MEAS(2) RETRIES_PER_MEAS(3) PHYMODE(-1)
06-13 06:36:28.649  2982  3006 D LOWI-9.0.1.74: [LOWIUtils] parseRangScanParams - isRttBgNode 0 tbPeriodicity 0 tbDuration 0 tbMaxSessionExpiry 0
06-13 06:36:28.649  2982  3006 D LOWI-9.0.1.74: [LOWIUtils] parseRangScanParams -  PERIODIC(0) PERIOD(0) COUNT(0)
06-13 06:36:28.649  2982  3006 D LOWI-9.0.1.74: [LOWIUtils] parseRangScanParams - f0:09:0d:**:**:01 FREQ(5220 - 5210, 5250) NODE_TYPE(1) RTT Type(1) BW(3) PREAMBLE(2) PKTS_PER_MEAS(2) RETRIES_PER_MEAS(3) PHYMODE(-1)
06-13 06:36:28.649  2982  3006 D LOWI-9.0.1.74: [LOWIUtils] parseRangScanParams - isRttBgNode 0 tbPeriodicity 0 tbDuration 0 tbMaxSessionExpiry 0
06-13 06:36:28.649  2982  3006 D LOWI-9.0.1.74: [LOWIUtils] parseRangScanParams -  PERIODIC(0) PERIOD(0) COUNT(0)
06-13 06:36:28.649  2982  3006 D LOWI-9.0.1.74: [LOWIUtils] parseRangScanParams - 40:4c:77:**:**:11 FREQ(5785 - 5775, 0) NODE_TYPE(1) RTT Type(1) BW(2) PREAMBLE(2) PKTS_PER_MEAS(2) RETRIES_PER_MEAS(3) PHYMODE(-1)
06-13 06:36:28.649  2982  3006 D LOWI-9.0.1.74: [LOWIUtils] parseRangScanParams - isRttBgNode 0 tbPeriodicity 0 tbDuration 0 tbMaxSessionExpiry 0
06-13 06:36:28.649  2982  3006 D LOWI-9.0.1.74: [LOWIUtils] parseRangScanParams -  PERIODIC(0) PERIOD(0) COUNT(0)
06-13 06:36:28.649  2982  3006 D LOWI-9.0.1.74: [LOWIUtils] parseRangScanParams - 4a:4c:77:**:**:11 FREQ(5785 - 5775, 0) NODE_TYPE(1) RTT Type(1) BW(2) PREAMBLE(2) PKTS_PER_MEAS(2) RETRIES_PER_MEAS(3) PHYMODE(-1)
06-13 06:36:28.649  2982  3006 D LOWI-9.0.1.74: [LOWIUtils] parseRangScanParams - isRttBgNode 0 tbPeriodicity 0 tbDuration 0 tbMaxSessionExpiry 0
06-13 06:36:28.649  2982  3006 D LOWI-9.0.1.74: [LOWIUtils] parseRangScanParams -  PERIODIC(0) PERIOD(0) COUNT(0)
06-13 06:36:28.649  2982  3006 D LOWI-9.0.1.74: [LOWIUtils] parseRangScanParams - 5a:4c:77:**:**:11 FREQ(5785 - 5775, 0) NODE_TYPE(1) RTT Type(1) BW(2) PREAMBLE(2) PKTS_PER_MEAS(2) RETRIES_PER_MEAS(3) PHYMODE(-1)
06-13 06:36:28.649  2982  3006 D LOWI-9.0.1.74: [LOWIUtils] parseRangScanParams - isRttBgNode 0 tbPeriodicity 0 tbDuration 0 tbMaxSessionExpiry 0
06-13 06:36:28.649  2982  3006 D LOWI-9.0.1.74: [LOWIUtils] parseRangScanParams -  PERIODIC(0) PERIOD(0) COUNT(0)
06-13 06:36:28.649  2982  3006 D LOWI-9.0.1.74: [LOWIController] _process: Request 73fd882c00-LC_243 received, type(PERIODIC_RANGING_SCAN)
06-13 06:36:28.649  2982  3006 D LOWI-9.0.1.74: [LOWIBackgroundScanMgr] isReqForBgScanMgr: PERIODIC_RANGING_SCAN - not handled
06-13 06:36:28.649  2982  3006 D LOWI-9.0.1.74: [LOWIScheduler] manageRequest: Received: PERIODIC_RANGING_SCAN
06-13 06:36:28.649  2982  3006 D LOWI-9.0.1.74: [LOWIScheduler] manageRequest: NumPeriodicNodesInDB(0) DBsize(6) mTimerRunning(0)
06-13 06:36:28.650  2982  3006 D LOWI-9.0.1.74: [LOWIScheduler] ****************************** WiFiNode Database *****************************************************************************************
06-13 06:36:28.650  2982  3006 D LOWI-9.0.1.74: [LOWIScheduler] Num of remaining nodes: 6
06-13 06:36:28.650  2982  3006 D LOWI-9.0.1.74: [LOWIScheduler] BSSID             Freq nodeT rttT  BW     pkts cont period       numMeas perCntr retries retCntr ReqId      schId      nodeState                  
06-13 06:36:28.650  2982  3006 D LOWI-9.0.1.74: [LOWIScheduler] 5a:4c:77:**:**:11 5785 AP    RTT2  BW_80  2    0    0            0       0       3       0       243        0          WIFI_NODE_READY_FOR_REQ    
06-13 06:36:28.650  2982  3006 D LOWI-9.0.1.74: [LOWIScheduler] 4a:4c:77:**:**:11 5785 AP    RTT2  BW_80  2    0    0            0       0       3       0       243        0          WIFI_NODE_READY_FOR_REQ    
06-13 06:36:28.650  2982  3006 D LOWI-9.0.1.74: [LOWIScheduler] 40:4c:77:**:**:11 5785 AP    RTT2  BW_80  2    0    0            0       0       3       0       243        0          WIFI_NODE_READY_FOR_REQ    
06-13 06:36:28.650  2982  3006 D LOWI-9.0.1.74: [LOWIScheduler] f0:09:0d:**:**:01 5220 AP    RTT2  BW_160 2    0    0            0       0       3       0       243        0          WIFI_NODE_READY_FOR_REQ    
06-13 06:36:28.650  2982  3006 D LOWI-9.0.1.74: [LOWIScheduler] 60:d8:a4:**:**:9d 5500 AP    RTT2  BW_80  2    0    0            0       0       3       0       243        0          WIFI_NODE_READY_FOR_REQ    
06-13 06:36:28.650  2982  3006 D LOWI-9.0.1.74: [LOWIScheduler] 62:d8:a4:**:**:f9 5500 AP    RTT2  BW_80  2    0    0            0       0       3       0       243        0          WIFI_NODE_READY_FOR_REQ    
06-13 06:36:28.650  2982  3006 D LOWI-9.0.1.74: [LOWIScheduler] ******************************************************************************************************************************************
06-13 06:36:28.650  2982  3006 D LOWI-9.0.1.74: [LOWIScheduler] setupRequest: nodes in wifi req(6) wigig req(0) bg_nodes req(0)
06-13 06:36:28.650  2982  3006 D LOWI-9.0.1.74: [LOWIScheduler] schReqId: 2982-242
06-13 06:36:28.650  2982  3006 D LOWI-9.0.1.74: [LOWIController] isWifiEnabled: mNlWifiStatus 2 mWifiStateEnabled 1
06-13 06:36:28.650  2982  3006 D LOWI-9.0.1.74: [LOWI-ROME-RTT] RomeUnblockRangingThread
06-13 06:36:28.650  2982  4414 D LOWI-9.0.1.74: [LOWI-ROME-RTT] RomeWaitOnActivityOnSocketOrPipe: Ranging thread Received string: Close, request socket shutdown 
06-13 06:36:28.650  2982  4414 D LOWI-9.0.1.74: [LOWIRangingFSM] FSM: Received Event EVENT_RANGING_REQ, Current state: STATE_READY_AND_IDLE
06-13 06:36:28.650  2982  4414 I LOWI-9.0.1.74: [LOWIRangingFSM] Skipping TMR check temporarily 
06-13 06:36:28.650  2982  4414 I LOWI-9.0.1.74: [LOWIRangingFSM] PrepareRangingRequest: AP: 5a:4c:77:**:**:11MHz: 5785 freq1: 5775 freq2: 0 BW: 2 phy mode: LOWI_PHY_MODE_11AC_VHT80    Overwrite chanInfo from cache
06-13 06:36:28.650  2982  4414 D LOWI-9.0.1.74: [LOWIRangingHeliumFSM] validChannelBWPreambleCombo: Valid combo: BW(BW_80MHZ) channel(5785:5775) phy mode(LOWI_PHY_MODE_11AC_VHT80) & preamble(RTT_PREAMBLE_VHT) for AP:5a:4c:77:**:**:11
06-13 06:36:28.650  2982  3006 D LOWI-9.0.1.74: [LOWIController] issueRequest: LOWIRequestOriginator_195428594 sent to driver request - SUCCESS
06-13 06:36:28.650  2982  4414 I LOWI-9.0.1.74: [LOWIRangingFSM] Skipping TMR check temporarily 
06-13 06:36:28.650  2982  4414 I LOWI-9.0.1.74: [LOWIRangingFSM] PrepareRangingRequest: AP: 4a:4c:77:**:**:11MHz: 5785 freq1: 5775 freq2: 0 BW: 2 phy mode: LOWI_PHY_MODE_11AC_VHT80    Overwrite chanInfo from cache
06-13 06:36:28.650  2982  3006 D LOWI-9.0.1.74: [LOWIScheduler] setupRequest: database updated
06-13 06:36:28.650  2982  3006 D LOWI-9.0.1.74: [LOWIScheduler] ****************************** WiFiNode Database *****************************************************************************************
06-13 06:36:28.650  2982  3006 D LOWI-9.0.1.74: [LOWIScheduler] Num of remaining nodes: 6
06-13 06:36:28.650  2982  3006 D LOWI-9.0.1.74: [LOWIScheduler] BSSID             Freq nodeT rttT  BW     pkts cont period       numMeas perCntr retries retCntr ReqId      schId      nodeState                  
06-13 06:36:28.650  2982  3006 D LOWI-9.0.1.74: [LOWIScheduler] 5a:4c:77:**:**:11 5785 AP    RTT2  BW_80  2    0    0            0       0       3       0       243        195428594  WIFI_NODE_MEAS_IN_PROGRESS 
06-13 06:36:28.650  2982  3006 D LOWI-9.0.1.74: [LOWIScheduler] 4a:4c:77:**:**:11 5785 AP    RTT2  BW_80  2    0    0            0       0       3       0       243        195428594  WIFI_NODE_MEAS_IN_PROGRESS 
06-13 06:36:28.650  2982  3006 D LOWI-9.0.1.74: [LOWIScheduler] 40:4c:77:**:**:11 5785 AP    RTT2  BW_80  2    0    0            0       0       3       0       243        195428594  WIFI_NODE_MEAS_IN_PROGRESS 
06-13 06:36:28.650  2982  3006 D LOWI-9.0.1.74: [LOWIScheduler] f0:09:0d:**:**:01 5220 AP    RTT2  BW_160 2    0    0            0       0       3       0       243        195428594  WIFI_NODE_MEAS_IN_PROGRESS 
06-13 06:36:28.650  2982  3006 D LOWI-9.0.1.74: [LOWIScheduler] 60:d8:a4:**:**:9d 5500 AP    RTT2  BW_80  2    0    0            0       0       3       0       243        195428594  WIFI_NODE_MEAS_IN_PROGRESS 
06-13 06:36:28.650  2982  3006 D LOWI-9.0.1.74: [LOWIScheduler] 62:d8:a4:**:**:f9 5500 AP    RTT2  BW_80  2    0    0            0       0       3       0       243        195428594  WIFI_NODE_MEAS_IN_PROGRESS 
06-13 06:36:28.650  2982  3006 D LOWI-9.0.1.74: [LOWIScheduler] ******************************************************************************************************************************************
06-13 06:36:28.650  2982  3006 D LOWI-9.0.1.74: [LOWIController] Scheduler is managing the msg
06-13 06:36:28.651  2982  4414 D LOWI-9.0.1.74: [LOWIRangingHeliumFSM] validChannelBWPreambleCombo: Valid combo: BW(BW_80MHZ) channel(5785:5775) phy mode(LOWI_PHY_MODE_11AC_VHT80) & preamble(RTT_PREAMBLE_VHT) for AP:4a:4c:77:**:**:11
06-13 06:36:28.651  2982  4414 I LOWI-9.0.1.74: [LOWIRangingFSM] Skipping TMR check temporarily 
06-13 06:36:28.651  2982  4414 I LOWI-9.0.1.74: [LOWIRangingFSM] PrepareRangingRequest: AP: 40:4c:77:**:**:11MHz: 5785 freq1: 5775 freq2: 0 BW: 2 phy mode: LOWI_PHY_MODE_11AC_VHT80    Overwrite chanInfo from cache
06-13 06:36:28.651  2982  4414 D LOWI-9.0.1.74: [LOWIRangingHeliumFSM] validChannelBWPreambleCombo: Valid combo: BW(BW_80MHZ) channel(5785:5775) phy mode(LOWI_PHY_MODE_11AC_VHT80) & preamble(RTT_PREAMBLE_VHT) for AP:40:4c:77:**:**:11
06-13 06:36:28.651  2982  4414 I LOWI-9.0.1.74: [LOWIRangingFSM] Skipping TMR check temporarily 
06-13 06:36:28.651  2982  4414 I LOWI-9.0.1.74: [LOWIRangingFSM] PrepareRangingRequest: AP: f0:09:0d:**:**:01MHz: 5220 freq1: 5210 freq2: 5250 BW: 3 phy mode: LOWI_PHY_MODE_11AX_HE160    Overwrite chanInfo from cache
06-13 06:36:28.651  2982  4414 D LOWI-9.0.1.74: [LOWIRangingHeliumFSM] validChannelBWPreambleCombo: Valid combo: BW(BW_160MHZ) channel(5220:5210) phy mode(LOWI_PHY_MODE_11AX_HE160) & preamble(RTT_PREAMBLE_VHT) for AP:f0:09:0d:**:**:01
06-13 06:36:28.651  2982  4414 I LOWI-9.0.1.74: [LOWIRangingFSM] Skipping TMR check temporarily 
06-13 06:36:28.651  2982  4414 I LOWI-9.0.1.74: [LOWIRangingFSM] PrepareRangingRequest: AP: 60:d8:a4:**:**:9dMHz: 5500 freq1: 5530 freq2: 0 BW: 2 phy mode: LOWI_PHY_MODE_11AC_VHT80    Overwrite chanInfo from cache
06-13 06:36:28.651  2982  4414 D LOWI-9.0.1.74: [LOWIRangingHeliumFSM] validChannelBWPreambleCombo: Valid combo: BW(BW_80MHZ) channel(5500:5530) phy mode(LOWI_PHY_MODE_11AC_VHT80) & preamble(RTT_PREAMBLE_VHT) for AP:60:d8:a4:**:**:9d
06-13 06:36:28.651  2982  4414 I LOWI-9.0.1.74: [LOWIRangingFSM] Skipping TMR check temporarily 
06-13 06:36:28.651  2982  4414 I LOWI-9.0.1.74: [LOWIRangingFSM] PrepareRangingRequest: AP: 62:d8:a4:**:**:f9MHz: 5500 freq1: 5530 freq2: 0 BW: 2 phy mode: LOWI_PHY_MODE_11AC_VHT80    Overwrite chanInfo from cache
06-13 06:36:28.651  2982  4414 D LOWI-9.0.1.74: [LOWIRangingHeliumFSM] validChannelBWPreambleCombo: Valid combo: BW(BW_80MHZ) channel(5500:5530) phy mode(LOWI_PHY_MODE_11AC_VHT80) & preamble(RTT_PREAMBLE_VHT) for AP:62:d8:a4:**:**:f9
06-13 06:36:28.651  2982  4414 D LOWI-9.0.1.74: [LOWIRangingFSM] SendRangingReq: curChIndex: 0, totChs: 3, curAp: 0, totAp: 3
06-13 06:36:28.651  2982  4414 I LOWI-9.0.1.74: [LOWIRangingFSM] SendRangingReq: Starting RTT with 3 APs over 3 channels
06-13 06:36:28.651  2982  4414 D LOWI-9.0.1.74: [LOWIUtils] freqToChBandBit: frequency 5785 channel 157 Band 1
06-13 06:36:28.651  2982  4414 D LOWI-9.0.1.74: [LOWIUtils] freqToChBandBit: frequency 5785 channel 157 Band 1
06-13 06:36:28.651  2982  4414 D LOWI-9.0.1.74: [LOWI-HELIUM-RTT] RomeSendRttReq: PHY Mode(LOWI_PHY_MODE_11AC_VHT80) timeoutPerTarget(50) reportType(RTT_REPORT_AGGREGATE)
06-13 06:36:28.651  2200  4411 I WifiHAL : send_nl_data: sent cld80211 msg of len: 268 to driver
06-13 06:36:28.652  2982  4414 D LOWI-9.0.1.74: [LOWI-ROME-RTT] send_oem_nl_msg: sent cld80211 message with subcmd: 5
06-13 06:36:28.652  2982  4414 D LOWI-9.0.1.74: [LOWIRangingFSM] FSM: New FSM state: STATE_PROCESSING_RANGING_REQ
06-13 06:36:28.652  2982  4414 D LOWI-9.0.1.74: [LOWI-ROME-RTT] RomeWaitOnActivityOnSocketOrPipe: issue timed select: TO: 5 
06-13 06:36:28.702  2200  4411 I WifiHAL : send oem msg of len : 644 to apps
06-13 06:36:28.704  2982  4414 D LOWI-9.0.1.74: [LOWI-ROME-RTT] RomeWaitOnActivityOnSocketOrPipe: timed select over: TO: 5 retVal: 1
06-13 06:36:28.704  2982  4414 D LOWI-9.0.1.74: [LOWI-ROME-RTT] event_handler: Valid data with length 612
06-13 06:36:28.704  2982  4414 D LOWI-9.0.1.74: [LOWI-HELIUM-RTT] storeNLFragment: new fragment group, tokenid(2), adding 604 chars @position 0
06-13 06:36:28.704  2982  4414 D LOWI-9.0.1.74: [LOWI-HELIUM-RTT] RomeNLRecvMessage: The Received OEMSubType: RTT_MSG_SUBTYPE_MEASUREMENT_RSP
06-13 06:36:28.705  2982  4414 D LOWI-9.0.1.74: [LOWI-HELIUM-RTT] RomeNLRecvMessage: The Received RomeMsgType: ROME_RANGING_MEAS_MSG
06-13 06:36:28.705  2982  4414 D LOWI-9.0.1.74: [LOWIRangingFSM] FSM: Received Event EVENT_RANGING_MEAS_RECV, Current state: STATE_PROCESSING_RANGING_REQ
06-13 06:36:28.705  2982  4414 D LOWI-9.0.1.74: [LOWIWifiTlvHandler] processRspHeadTlv: reqId(752) measDone(1) rttStatus(RTT_STATUS_SUCCESS) subtype(RTT_MSG_SUBTYPE_MEASUREMENT_RSP) isFrag(0) fragIdx(0) fragLen(580) tknId(7)
06-13 06:36:28.705  2982  4414 D LOWI-9.0.1.74: [LOWIWifiTlvHandler] checkTlvTag: Processing idx(0) received TLV: wmi_rtt_oem_rsp_head
06-13 06:36:28.705  2982  4414 D LOWI-9.0.1.74: [LOWIWifiTlvHandler] processIfPeerEvtHdrTag: Invalid Tag(33), not added to vector mPeerIdx(0)
06-13 06:36:28.705  2982  4414 D LOWI-9.0.1.74: [LOWIWifiTlvHandler] processIfPerFrmInfoTag: Invalid Tag(33) measurement not added for peer(0)
06-13 06:36:28.705  2982  4414 D LOWI-9.0.1.74: [LOWIWifiTlvHandler] checkTlvTag: Processing idx(1) received TLV: wmi_rtt_oem_measrsp_head
06-13 06:36:28.705  2982  4414 D LOWI-9.0.1.74: [LOWIWifiTlvHandler] processIfPeerEvtHdrTag: Invalid Tag(41), not added to vector mPeerIdx(0)
06-13 06:36:28.705  2982  4414 D LOWI-9.0.1.74: [LOWIWifiTlvHandler] processIfPerFrmInfoTag: Invalid Tag(41) measurement not added for peer(0)
06-13 06:36:28.705  2982  4414 D LOWI-9.0.1.74: [LOWIWifiTlvHandler] checkTlvTag: Processing idx(2) received TLV: loop_start
06-13 06:36:28.705  2982  4414 D LOWI-9.0.1.74: [LOWIWifiTlvHandler] processIfPeerEvtHdrTag: Invalid Tag(16), not added to vector mPeerIdx(0)
06-13 06:36:28.705  2982  4414 D LOWI-9.0.1.74: [LOWIWifiTlvHandler] processIfPerFrmInfoTag: Invalid Tag(16) measurement not added for peer(0)
06-13 06:36:28.705  2982  4414 D LOWI-9.0.1.74: [LOWIWifiTlvHandler] checkTlvTag: Processing idx(3) received TLV: wmi_rtt_oem_per_peer_event_hdr
06-13 06:36:28.705  2982  4414 D LOWI-9.0.1.74: [LOWIWifiTlvHandler] processIfPerFrmInfoTag: Invalid Tag(42) measurement not added for peer(0)
06-13 06:36:28.705  2982  4414 D LOWI-9.0.1.74: [LOWIWifiTlvHandler] checkTlvTag: Processing idx(4) received TLV: WMIRTT_TLV_TAG_ARRAY_UINT8
06-13 06:36:28.705  2982  4414 D LOWI-9.0.1.74: [LOWIWifiTlvHandler] processIfPeerEvtHdrTag: Invalid Tag(18), not added to vector mPeerIdx(0)
06-13 06:36:28.705  2982  4414 D LOWI-9.0.1.74: [LOWIWifiTlvHandler] processIfPerFrmInfoTag: Invalid Tag(18) measurement not added for peer(0)
06-13 06:36:28.705  2982  4414 D LOWI-9.0.1.74: [LOWIWifiTlvHandler] checkTlvTag: Processing idx(5) received TLV: loop_start
06-13 06:36:28.705  2982  4414 D LOWI-9.0.1.74: [LOWIWifiTlvHandler] processIfPeerEvtHdrTag: Invalid Tag(16), not added to vector mPeerIdx(0)
06-13 06:36:28.706  2982  4414 D LOWI-9.0.1.74: [LOWIWifiTlvHandler] processIfPerFrmInfoTag: Invalid Tag(16) measurement not added for peer(0)
06-13 06:36:28.706  2982  4414 D LOWI-9.0.1.74: [LOWIWifiTlvHandler] checkTlvTag: Processing idx(6) received TLV: wmi_rtt_oem_per_frame_info
06-13 06:36:28.706  2982  4414 D LOWI-9.0.1.74: [LOWIWifiTlvHandler] processIfPeerEvtHdrTag: Invalid Tag(43), not added to vector mPeerIdx(0)
06-13 06:36:28.706  2982  4414 D LOWI-9.0.1.74: [LOWIWifiTlvHandler] checkTlvTag: Processing idx(7) received unexpected but valid TLV(loop_end), going to idx(6)
06-13 06:36:28.706  2982  4414 D LOWI-9.0.1.74: [LOWIWifiTlvHandler] checkTlvTag: Processing idx(6) received TLV: wmi_rtt_oem_per_frame_info
06-13 06:36:28.706  2982  4414 D LOWI-9.0.1.74: [LOWIWifiTlvHandler] processIfPeerEvtHdrTag: Invalid Tag(43), not added to vector mPeerIdx(0)
06-13 06:36:28.706  2982  4414 D LOWI-9.0.1.74: [LOWIWifiTlvHandler] checkTlvTag: Processing idx(7) received TLV: loop_end
06-13 06:36:28.706  2982  4414 D LOWI-9.0.1.74: [LOWIWifiTlvHandler] processIfPeerEvtHdrTag: Invalid Tag(17), not added to vector mPeerIdx(0)
06-13 06:36:28.706  2982  4414 D LOWI-9.0.1.74: [LOWIWifiTlvHandler] processIfPerFrmInfoTag: Invalid Tag(17) measurement not added for peer(0)
06-13 06:36:28.706  2982  4414 D LOWI-9.0.1.74: [LOWIWifiTlvHandler] checkTlvTag: Processing idx(8) received unexpected but valid TLV(loop_end), going to idx(3)
06-13 06:36:28.706  2982  4414 D LOWI-9.0.1.74: [LOWIWifiTlvHandler] checkTlvTag: Processing idx(3) received TLV: wmi_rtt_oem_per_peer_event_hdr
06-13 06:36:28.706  2982  4414 D LOWI-9.0.1.74: [LOWIWifiTlvHandler] processIfPerFrmInfoTag: Invalid Tag(42) measurement not added for peer(1)
06-13 06:36:28.706  2982  4414 D LOWI-9.0.1.74: [LOWIWifiTlvHandler] checkTlvTag: Processing idx(4) received TLV: WMIRTT_TLV_TAG_ARRAY_UINT8
06-13 06:36:28.706  2982  4414 D LOWI-9.0.1.74: [LOWIWifiTlvHandler] processIfPeerEvtHdrTag: Invalid Tag(18), not added to vector mPeerIdx(1)
06-13 06:36:28.706  2982  4414 D LOWI-9.0.1.74: [LOWIWifiTlvHandler] processIfPerFrmInfoTag: Invalid Tag(18) measurement not added for peer(1)
06-13 06:36:28.706  2982  4414 D LOWI-9.0.1.74: [LOWIWifiTlvHandler] checkTlvTag: Processing idx(5) received TLV: loop_start
06-13 06:36:28.706  2982  4414 D LOWI-9.0.1.74: [LOWIWifiTlvHandler] processIfPeerEvtHdrTag: Invalid Tag(16), not added to vector mPeerIdx(1)
06-13 06:36:28.706  2982  4414 D LOWI-9.0.1.74: [LOWIWifiTlvHandler] processIfPerFrmInfoTag: Invalid Tag(16) measurement not added for peer(1)
06-13 06:36:28.707  2982  4414 D LOWI-9.0.1.74: [LOWIWifiTlvHandler] checkTlvTag: Processing idx(6) received TLV: wmi_rtt_oem_per_frame_info
06-13 06:36:28.707  2982  4414 D LOWI-9.0.1.74: [LOWIWifiTlvHandler] processIfPeerEvtHdrTag: Invalid Tag(43), not added to vector mPeerIdx(1)
06-13 06:36:28.707  2982  4414 D LOWI-9.0.1.74: [LOWIWifiTlvHandler] checkTlvTag: Processing idx(7) received unexpected but valid TLV(loop_end), going to idx(6)
06-13 06:36:28.707  2982  4414 D LOWI-9.0.1.74: [LOWIWifiTlvHandler] checkTlvTag: Processing idx(6) received TLV: wmi_rtt_oem_per_frame_info
06-13 06:36:28.707  2982  4414 D LOWI-9.0.1.74: [LOWIWifiTlvHandler] processIfPeerEvtHdrTag: Invalid Tag(43), not added to vector mPeerIdx(1)
06-13 06:36:28.707  2982  4414 D LOWI-9.0.1.74: [LOWIWifiTlvHandler] checkTlvTag: Processing idx(7) received TLV: loop_end
06-13 06:36:28.707  2982  4414 D LOWI-9.0.1.74: [LOWIWifiTlvHandler] processIfPeerEvtHdrTag: Invalid Tag(17), not added to vector mPeerIdx(1)
06-13 06:36:28.707  2982  4414 D LOWI-9.0.1.74: [LOWIWifiTlvHandler] processIfPerFrmInfoTag: Invalid Tag(17) measurement not added for peer(1)
06-13 06:36:28.707  2982  4414 D LOWI-9.0.1.74: [LOWIWifiTlvHandler] checkTlvTag: Processing idx(8) received unexpected but valid TLV(loop_end), going to idx(3)
06-13 06:36:28.707  2982  4414 D LOWI-9.0.1.74: [LOWIWifiTlvHandler] checkTlvTag: Processing idx(3) received TLV: wmi_rtt_oem_per_peer_event_hdr
06-13 06:36:28.707  2982  4414 D LOWI-9.0.1.74: [LOWIWifiTlvHandler] processIfPerFrmInfoTag: Invalid Tag(42) measurement not added for peer(2)
06-13 06:36:28.707  2982  4414 D LOWI-9.0.1.74: [LOWIWifiTlvHandler] checkTlvTag: Processing idx(4) received TLV: WMIRTT_TLV_TAG_ARRAY_UINT8
06-13 06:36:28.707  2982  4414 D LOWI-9.0.1.74: [LOWIWifiTlvHandler] processIfPeerEvtHdrTag: Invalid Tag(18), not added to vector mPeerIdx(2)
06-13 06:36:28.707  2982  4414 D LOWI-9.0.1.74: [LOWIWifiTlvHandler] processIfPerFrmInfoTag: Invalid Tag(18) measurement not added for peer(2)
06-13 06:36:28.707  2982  4414 D LOWI-9.0.1.74: [LOWIWifiTlvHandler] checkTlvTag: Processing idx(5) received TLV: loop_start
06-13 06:36:28.707  2982  4414 D LOWI-9.0.1.74: [LOWIWifiTlvHandler] processIfPeerEvtHdrTag: Invalid Tag(16), not added to vector mPeerIdx(2)
06-13 06:36:28.707  2982  4414 D LOWI-9.0.1.74: [LOWIWifiTlvHandler] processIfPerFrmInfoTag: Invalid Tag(16) measurement not added for peer(2)
06-13 06:36:28.707  2982  4414 D LOWI-9.0.1.74: [LOWIWifiTlvHandler] checkTlvTag: Processing idx(6) received TLV: wmi_rtt_oem_per_frame_info
06-13 06:36:28.707  2982  4414 D LOWI-9.0.1.74: [LOWIWifiTlvHandler] processIfPeerEvtHdrTag: Invalid Tag(43), not added to vector mPeerIdx(2)
06-13 06:36:28.707  2982  4414 D LOWI-9.0.1.74: [LOWIWifiTlvHandler] checkTlvTag: Processing idx(7) received unexpected but valid TLV(loop_end), going to idx(6)
06-13 06:36:28.707  2982  4414 D LOWI-9.0.1.74: [LOWIWifiTlvHandler] checkTlvTag: Processing idx(6) received TLV: wmi_rtt_oem_per_frame_info
06-13 06:36:28.707  2982  4414 D LOWI-9.0.1.74: [LOWIWifiTlvHandler] processIfPeerEvtHdrTag: Invalid Tag(43), not added to vector mPeerIdx(2)
06-13 06:36:28.707  2982  4414 D LOWI-9.0.1.74: [LOWIWifiTlvHandler] checkTlvTag: Processing idx(7) received TLV: loop_end
06-13 06:36:28.707  2982  4414 D LOWI-9.0.1.74: [LOWIWifiTlvHandler] processIfPeerEvtHdrTag: Invalid Tag(17), not added to vector mPeerIdx(2)
06-13 06:36:28.707  2982  4414 D LOWI-9.0.1.74: [LOWIWifiTlvHandler] processIfPerFrmInfoTag: Invalid Tag(17) measurement not added for peer(2)
06-13 06:36:28.707  2982  4414 D LOWI-9.0.1.74: [LOWIWifiTlvHandler] checkTlvTag: Processing idx(8) received TLV: loop_end
06-13 06:36:28.707  2982  4414 D LOWI-9.0.1.74: [LOWIWifiTlvHandler] processIfLoopEndTag: mPeerLs(0)...peer list ends
06-13 06:36:28.707  2982  4414 D LOWI-9.0.1.74: [LOWIWifiTlvHandler] processIfPeerEvtHdrTag: Invalid Tag(17), not added to vector mPeerIdx(2)
06-13 06:36:28.707  2982  4414 D LOWI-9.0.1.74: [LOWIWifiTlvHandler] processIfPerFrmInfoTag: Invalid Tag(17) measurement not added for peer(2)
06-13 06:36:28.707  2982  4414 D LOWI-9.0.1.74: [LOWIWifiTlvHandler] printBssidInfo: Peer 0 of 3,  numMeas = 2
06-13 06:36:28.707  2982  4414 D LOWI-9.0.1.74: [LOWIWifiTlvHandler] printBssidInfo: Peer 1 of 3,  numMeas = 2
06-13 06:36:28.707  2982  4414 D LOWI-9.0.1.74: [LOWIWifiTlvHandler] printBssidInfo: Peer 2 of 3,  numMeas = 2
06-13 06:36:28.707  2982  4414 D LOWI-9.0.1.74: [LOWI-HELIUM-RTT] printMeasRspHeadInfo: info(0x300002) channel_info(0x1699) rprtType(2) rttMeasType(0) rprtStatusV3(0) tmStart(0) numAPs(3) destMac(00:00:00:**:**:00) channelInfo(5785)
06-13 06:36:28.707  2982  4414 D LOWI-9.0.1.74: [LOWI-HELIUM-RTT] printPerPeerInfo: peerMac(5a:4c:77:**:**:11) burstIdx(0) numIEs(0) numMeasThisAP(2)rttMeasType(1) isQtiPeer(0) tmrSubType(0) isLastRespForPeer (0) securityMode(0) numFrmAttempted(2) actualBurstDur(10) actualNumFrmPerBur(2) actualBurstExp(0) retryAfterDur(0) measStartTSF(716187657) control(0x102) result_info_1(0xa0002)result_info_2(0x2) result_info_3(0x0) measStartTSF_field(0x2ab02809)
06-13 06:36:28.707  2982  4414 D LOWI-9.0.1.74: [LOWI-HELIUM-RTT] printPerPeerInfo: 11az params: i2r_lmr_feedback:0 ranging_priority:0 r2i_toa_type:0 i2r_toa_type:0 format_and_bw:0 imdt_r2i_feedback:0 imdt_i2r_feedback:0 max_i2r_repetition:0 max_r2i_repetition:0 device_class:0 full_bw_ul_mumimo:0 max_r2i_sts_le_80mhz:0 max_r2i_sts_gr_80mhz:0 max_r2i_ltf_total:0 max_i2r_sts_le_80mhz:0 max_i2r_sts_gr_80mhz:0 max_i2r_ltf_total:0 min_time_between_measurements:0 tb_max_session_expiry 0
06-13 06:36:28.707  2982  4414 D LOWI-9.0.1.74: [LOWI-P2P-RTT] p2pIsStored: Bad inputs
06-13 06:36:28.707  2982  4414 D LOWI-9.0.1.74: [LOWI-HELIUM-RTT] printPerFrameInfo: tx_rate_info1(0x10003) tx_rate_info2(0x41) rx_rate_info1(0x30000) rx_rate_info2(0x41) max_tod_toa_error(0x0)
06-13 06:36:28.707  2982  4414 D LOWI-9.0.1.74: [LOWI-HELIUM-RTT] printPerFrameInfo: rssi(1684300900) T1.time32(0x0) T1.time0(0x0) T2.time32(0x0) T2.time0(0x0) T3_del(0x0) T4_del(0x637f5ab) txPreamble(0x3) txBw(0x0) txRateMcsIdx(0x0)txSTS(0x0) txNREP(0x0) txBitRate(0x41) rxPreamble(0x0) rxBw(0x0) invalidFACBit(0x0) rxRateMcsIdx(0x0) rxBitRate(0x41) chainMask(0x3) maxTodError(0x0)maxToaError(0x0) useTxChainNo(0x1) useRxChainNo(0x0) rxSTS(0x0) rxNREP(0x0) r2iNDPIntegrityCheck(0x0)
06-13 06:36:28.708  2982  4414 D LOWI-9.0.1.74: [LOWI-HELIUM-RTT] processPerFrameInfo: RTT V2 Performed - Raw RSSI(0x0), toa - tod = 0x637f5ab(pre-offset), RTT(104330667 psecs), RSSI(0) 
06-13 06:36:28.708  2982  4414 D LOWI-9.0.1.74: [LOWI-HELIUM-RTT] printPerFrameInfo: tx_rate_info1(0x10003) tx_rate_info2(0x41) rx_rate_info1(0x30000) rx_rate_info2(0x41) max_tod_toa_error(0x0)
06-13 06:36:28.708  2982  4414 D LOWI-9.0.1.74: [LOWI-HELIUM-RTT] printPerFrameInfo: rssi(1684300900) T1.time32(0x0) T1.time0(0x0) T2.time32(0x0) T2.time0(0x0) T3_del(0x0) T4_del(0x63ceb33) txPreamble(0x3) txBw(0x0) txRateMcsIdx(0x0)txSTS(0x0) txNREP(0x0) txBitRate(0x41) rxPreamble(0x0) rxBw(0x0) invalidFACBit(0x0) rxRateMcsIdx(0x0) rxBitRate(0x41) chainMask(0x3) maxTodError(0x0)maxToaError(0x0) useTxChainNo(0x1) useRxChainNo(0x0) rxSTS(0x0) rxNREP(0x0) r2iNDPIntegrityCheck(0x0)
06-13 06:36:28.708  2982  4414 D LOWI-9.0.1.74: [LOWI-HELIUM-RTT] processPerFrameInfo: RTT V2 Performed - Raw RSSI(0x0), toa - tod = 0x63ceb33(pre-offset), RTT(104655667 psecs), RSSI(0) 
06-13 06:36:28.708  2982  4414 D LOWI-9.0.1.74: [LOWI-HELIUM-RTT] printPerPeerInfo: peerMac(4a:4c:77:**:**:11) burstIdx(0) numIEs(0) numMeasThisAP(2)rttMeasType(1) isQtiPeer(0) tmrSubType(0) isLastRespForPeer (0) securityMode(0) numFrmAttempted(2) actualBurstDur(6) actualNumFrmPerBur(2) actualBurstExp(0) retryAfterDur(0) measStartTSF(716187657) control(0x102) result_info_1(0x60002)result_info_2(0x2) result_info_3(0x0) measStartTSF_field(0x2ab02809)
06-13 06:36:28.708  2982  4414 D LOWI-9.0.1.74: [LOWI-HELIUM-RTT] printPerPeerInfo: 11az params: i2r_lmr_feedback:0 ranging_priority:0 r2i_toa_type:0 i2r_toa_type:0 format_and_bw:0 imdt_r2i_feedback:0 imdt_i2r_feedback:0 max_i2r_repetition:0 max_r2i_repetition:0 device_class:0 full_bw_ul_mumimo:0 max_r2i_sts_le_80mhz:0 max_r2i_sts_gr_80mhz:0 max_r2i_ltf_total:0 max_i2r_sts_le_80mhz:0 max_i2r_sts_gr_80mhz:0 max_i2r_ltf_total:0 min_time_between_measurements:0 tb_max_session_expiry 0
06-13 06:36:28.708  2982  4414 D LOWI-9.0.1.74: [LOWI-P2P-RTT] p2pIsStored: Bad inputs
06-13 06:36:28.708  2982  4414 D LOWI-9.0.1.74: [LOWI-HELIUM-RTT] printPerFrameInfo: tx_rate_info1(0x10003) tx_rate_info2(0x41) rx_rate_info1(0x30000) rx_rate_info2(0x41) max_tod_toa_error(0x0)
06-13 06:36:28.708  2982  4414 D LOWI-9.0.1.74: [LOWI-HELIUM-RTT] printPerFrameInfo: rssi(1684300900) T1.time32(0x0) T1.time0(0x0) T2.time32(0x0) T2.time0(0x0) T3_del(0x0) T4_del(0x6385753) txPreamble(0x3) txBw(0x0) txRateMcsIdx(0x0)txSTS(0x0) txNREP(0x0) txBitRate(0x41) rxPreamble(0x0) rxBw(0x0) invalidFACBit(0x0) rxRateMcsIdx(0x0) rxBitRate(0x41) chainMask(0x3) maxTodError(0x0)maxToaError(0x0) useTxChainNo(0x1) useRxChainNo(0x0) rxSTS(0x0) rxNREP(0x0) r2iNDPIntegrityCheck(0x0)
06-13 06:36:28.708  2982  4414 D LOWI-9.0.1.74: [LOWI-HELIUM-RTT] processPerFrameInfo: RTT V2 Performed - Raw RSSI(0x0), toa - tod = 0x6385753(pre-offset), RTT(104355667 psecs), RSSI(0) 
06-13 06:36:28.708  2982  4414 D LOWI-9.0.1.74: [LOWI-HELIUM-RTT] printPerFrameInfo: tx_rate_info1(0x10003) tx_rate_info2(0x41) rx_rate_info1(0x30000) rx_rate_info2(0x41) max_tod_toa_error(0x0)
06-13 06:36:28.708  2982  4414 D LOWI-9.0.1.74: [LOWI-HELIUM-RTT] printPerFrameInfo: rssi(1684300900) T1.time32(0x0) T1.time0(0x0) T2.time32(0x0) T2.time0(0x0) T3_del(0x0) T4_del(0x637f5ab) txPreamble(0x3) txBw(0x0) txRateMcsIdx(0x0)txSTS(0x0) txNREP(0x0) txBitRate(0x41) rxPreamble(0x0) rxBw(0x0) invalidFACBit(0x0) rxRateMcsIdx(0x0) rxBitRate(0x41) chainMask(0x3) maxTodError(0x0)maxToaError(0x0) useTxChainNo(0x1) useRxChainNo(0x0) rxSTS(0x0) rxNREP(0x0) r2iNDPIntegrityCheck(0x0)
06-13 06:36:28.708  2982  4414 D LOWI-9.0.1.74: [LOWI-HELIUM-RTT] processPerFrameInfo: RTT V2 Performed - Raw RSSI(0x0), toa - tod = 0x637f5ab(pre-offset), RTT(104330667 psecs), RSSI(0) 
06-13 06:36:28.708  2982  4414 D LOWI-9.0.1.74: [LOWI-HELIUM-RTT] printPerPeerInfo: peerMac(40:4c:77:**:**:11) burstIdx(0) numIEs(0) numMeasThisAP(2)rttMeasType(1) isQtiPeer(0) tmrSubType(0) isLastRespForPeer (0) securityMode(0) numFrmAttempted(2) actualBurstDur(7) actualNumFrmPerBur(2) actualBurstExp(0) retryAfterDur(0) measStartTSF(716187657) control(0x102) result_info_1(0x70002)result_info_2(0x2) result_info_3(0x0) measStartTSF_field(0x2ab02809)
06-13 06:36:28.708  2982  4414 D LOWI-9.0.1.74: [LOWI-HELIUM-RTT] printPerPeerInfo: 11az params: i2r_lmr_feedback:0 ranging_priority:0 r2i_toa_type:0 i2r_toa_type:0 format_and_bw:0 imdt_r2i_feedback:0 imdt_i2r_feedback:0 max_i2r_repetition:0 max_r2i_repetition:0 device_class:0 full_bw_ul_mumimo:0 max_r2i_sts_le_80mhz:0 max_r2i_sts_gr_80mhz:0 max_r2i_ltf_total:0 max_i2r_sts_le_80mhz:0 max_i2r_sts_gr_80mhz:0 max_i2r_ltf_total:0 min_time_between_measurements:0 tb_max_session_expiry 0
06-13 06:36:28.708  2982  4414 D LOWI-9.0.1.74: [LOWI-P2P-RTT] p2pIsStored: Bad inputs
06-13 06:36:28.708  2982  4414 D LOWI-9.0.1.74: [LOWI-HELIUM-RTT] printPerFrameInfo: tx_rate_info1(0x10003) tx_rate_info2(0x41) rx_rate_info1(0x30000) rx_rate_info2(0x41) max_tod_toa_error(0x0)
06-13 06:36:28.708  2982  4414 D LOWI-9.0.1.74: [LOWI-HELIUM-RTT] printPerFrameInfo: rssi(1684300900) T1.time32(0x0) T1.time0(0x0) T2.time32(0x0) T2.time0(0x0) T3_del(0x0) T4_del(0x63abfc7) txPreamble(0x3) txBw(0x0) txRateMcsIdx(0x0)txSTS(0x0) txNREP(0x0) txBitRate(0x41) rxPreamble(0x0) rxBw(0x0) invalidFACBit(0x0) rxRateMcsIdx(0x0) rxBitRate(0x41) chainMask(0x3) maxTodError(0x0)maxToaError(0x0) useTxChainNo(0x1) useRxChainNo(0x0) rxSTS(0x0) rxNREP(0x0) r2iNDPIntegrityCheck(0x0)
06-13 06:36:28.708  2982  4414 D LOWI-9.0.1.74: [LOWI-HELIUM-RTT] processPerFrameInfo: RTT V2 Performed - Raw RSSI(0x0), toa - tod = 0x63abfc7(pre-offset), RTT(104513479 psecs), RSSI(0) 
06-13 06:36:28.708  2982  4414 D LOWI-9.0.1.74: [LOWI-HELIUM-RTT] printPerFrameInfo: tx_rate_info1(0x10003) tx_rate_info2(0x41) rx_rate_info1(0x30000) rx_rate_info2(0x41) max_tod_toa_error(0x0)
06-13 06:36:28.708  2982  4414 D LOWI-9.0.1.74: [LOWI-HELIUM-RTT] printPerFrameInfo: rssi(1684300900) T1.time32(0x0) T1.time0(0x0) T2.time32(0x0) T2.time0(0x0) T3_del(0x0) T4_del(0x6385753) txPreamble(0x3) txBw(0x0) txRateMcsIdx(0x0)txSTS(0x0) txNREP(0x0) txBitRate(0x41) rxPreamble(0x0) rxBw(0x0) invalidFACBit(0x0) rxRateMcsIdx(0x0) rxBitRate(0x41) chainMask(0x3) maxTodError(0x0)maxToaError(0x0) useTxChainNo(0x1) useRxChainNo(0x0) rxSTS(0x0) rxNREP(0x0) r2iNDPIntegrityCheck(0x0)
06-13 06:36:28.708  2982  4414 D LOWI-9.0.1.74: [LOWI-HELIUM-RTT] processPerFrameInfo: RTT V2 Performed - Raw RSSI(0x0), toa - tod = 0x6385753(pre-offset), RTT(104355667 psecs), RSSI(0) 
06-13 06:36:28.708  2982  4414 I LOWI-9.0.1.74: [LOWIRangingHeliumFSM] SendReqToFwOrRespToUser: All ranging measurements completed.Send response to client
06-13 06:36:28.708  2982  4414 D LOWI-9.0.1.74: [LOWIRangingFSM] SendRangingReq: curChIndex: 1, totChs: 3, curAp: 0, totAp: 1
06-13 06:36:28.708  2982  4414 D LOWI-9.0.1.74: [LOWIUtils] freqToChBandBit: frequency 5220 channel 44 Band 1
06-13 06:36:28.708  2982  4414 D LOWI-9.0.1.74: [LOWIUtils] freqToChBandBit: frequency 5220 channel 44 Band 1
06-13 06:36:28.708  2982  4414 D LOWI-9.0.1.74: [LOWI-HELIUM-RTT] RomeSendRttReq: PHY Mode(LOWI_PHY_MODE_11AX_HE160) timeoutPerTarget(50) reportType(RTT_REPORT_AGGREGATE)
06-13 06:36:28.709  2200  4411 I WifiHAL : send_nl_data: sent cld80211 msg of len: 164 to driver
06-13 06:36:28.709  2982  4414 D LOWI-9.0.1.74: [LOWI-ROME-RTT] send_oem_nl_msg: sent cld80211 message with subcmd: 5
06-13 06:36:28.709  2982  4414 D LOWI-9.0.1.74: [LOWIRangingFSM] FSM: New FSM state: STATE_PROCESSING_RANGING_REQ
06-13 06:36:28.709  2982  4414 D LOWI-9.0.1.74: [LOWI-ROME-RTT] RomeWaitOnActivityOnSocketOrPipe: issue timed select: TO: 5 
06-13 06:36:28.720  3178  4244 I SemWifiServiceDetector: Service det. resumed: T / T / 13302
06-13 06:36:28.730  2200  4411 I WifiHAL : send oem msg of len : 276 to apps
06-13 06:36:28.731  2982  4414 D LOWI-9.0.1.74: [LOWI-ROME-RTT] RomeWaitOnActivityOnSocketOrPipe: timed select over: TO: 5 retVal: 1
06-13 06:36:28.731  2982  4414 D LOWI-9.0.1.74: [LOWI-ROME-RTT] event_handler: Valid data with length 244
06-13 06:36:28.731  2982  4414 D LOWI-9.0.1.74: [LOWI-HELIUM-RTT] storeNLFragment: new fragment group, tokenid(2), adding 236 chars @position 0
06-13 06:36:28.732  2982  4414 D LOWI-9.0.1.74: [LOWI-HELIUM-RTT] RomeNLRecvMessage: The Received OEMSubType: RTT_MSG_SUBTYPE_MEASUREMENT_RSP
06-13 06:36:28.732  2982  4414 D LOWI-9.0.1.74: [LOWI-HELIUM-RTT] RomeNLRecvMessage: The Received RomeMsgType: ROME_RANGING_MEAS_MSG
06-13 06:36:28.732  2982  4414 D LOWI-9.0.1.74: [LOWIRangingFSM] FSM: Received Event EVENT_RANGING_MEAS_RECV, Current state: STATE_PROCESSING_RANGING_REQ
06-13 06:36:28.732  2982  4414 D LOWI-9.0.1.74: [LOWIWifiTlvHandler] processRspHeadTlv: reqId(753) measDone(1) rttStatus(RTT_STATUS_SUCCESS) subtype(RTT_MSG_SUBTYPE_MEASUREMENT_RSP) isFrag(0) fragIdx(0) fragLen(212) tknId(8)
06-13 06:36:28.732  2982  4414 D LOWI-9.0.1.74: [LOWIWifiTlvHandler] checkTlvTag: Processing idx(0) received TLV: wmi_rtt_oem_rsp_head
06-13 06:36:28.732  2982  4414 D LOWI-9.0.1.74: [LOWIWifiTlvHandler] processIfPeerEvtHdrTag: Invalid Tag(33), not added to vector mPeerIdx(0)
06-13 06:36:28.732  2982  4414 D LOWI-9.0.1.74: [LOWIWifiTlvHandler] processIfPerFrmInfoTag: Invalid Tag(33) measurement not added for peer(0)
06-13 06:36:28.732  2982  4414 D LOWI-9.0.1.74: [LOWIWifiTlvHandler] checkTlvTag: Processing idx(1) received TLV: wmi_rtt_oem_measrsp_head
06-13 06:36:28.732  2982  4414 D LOWI-9.0.1.74: [LOWIWifiTlvHandler] processIfPeerEvtHdrTag: Invalid Tag(41), not added to vector mPeerIdx(0)
06-13 06:36:28.732  2982  4414 D LOWI-9.0.1.74: [LOWIWifiTlvHandler] processIfPerFrmInfoTag: Invalid Tag(41) measurement not added for peer(0)
06-13 06:36:28.733  2982  4414 D LOWI-9.0.1.74: [LOWIWifiTlvHandler] checkTlvTag: Processing idx(2) received TLV: loop_start
06-13 06:36:28.733  2982  4414 D LOWI-9.0.1.74: [LOWIWifiTlvHandler] processIfPeerEvtHdrTag: Invalid Tag(16), not added to vector mPeerIdx(0)
06-13 06:36:28.733  2982  4414 D LOWI-9.0.1.74: [LOWIWifiTlvHandler] processIfPerFrmInfoTag: Invalid Tag(16) measurement not added for peer(0)
06-13 06:36:28.733  2982  4414 D LOWI-9.0.1.74: [LOWIWifiTlvHandler] checkTlvTag: Processing idx(3) received TLV: wmi_rtt_oem_per_peer_event_hdr
06-13 06:36:28.733  2982  4414 D LOWI-9.0.1.74: [LOWIWifiTlvHandler] processIfPerFrmInfoTag: Invalid Tag(42) measurement not added for peer(0)
06-13 06:36:28.733  2982  4414 D LOWI-9.0.1.74: [LOWIWifiTlvHandler] checkTlvTag: Processing idx(4) received TLV: WMIRTT_TLV_TAG_ARRAY_UINT8
06-13 06:36:28.733  2982  4414 D LOWI-9.0.1.74: [LOWIWifiTlvHandler] processIfPeerEvtHdrTag: Invalid Tag(18), not added to vector mPeerIdx(0)
06-13 06:36:28.733  2982  4414 D LOWI-9.0.1.74: [LOWIWifiTlvHandler] processIfPerFrmInfoTag: Invalid Tag(18) measurement not added for peer(0)
06-13 06:36:28.733  2982  4414 D LOWI-9.0.1.74: [LOWIWifiTlvHandler] checkTlvTag: Processing idx(5) received TLV: loop_start
06-13 06:36:28.733  2982  4414 D LOWI-9.0.1.74: [LOWIWifiTlvHandler] processIfPeerEvtHdrTag: Invalid Tag(16), not added to vector mPeerIdx(0)
06-13 06:36:28.733  2181 18792 V sec_audio_hw: sec_dev_get_parameters : g_hw_speaker_amp_temp_rcv
06-13 06:36:28.733  2982  4414 D LOWI-9.0.1.74: [LOWIWifiTlvHandler] processIfPerFrmInfoTag: Invalid Tag(16) measurement not added for peer(0)
06-13 06:36:28.733  2181 18792 D AHAL: FM: fm_get_parameters: 299: enter
06-13 06:36:28.733  2181 18792 D AHAL: FM: fm_get_parameters: 306: exit
06-13 06:36:28.734  2982  4414 D LOWI-9.0.1.74: [LOWIWifiTlvHandler] checkTlvTag: Processing idx(6) received TLV: wmi_rtt_oem_per_frame_info
06-13 06:36:28.734  2181 18792 I PAL: ResourceManager: getActiveStream_l: 6205: no active streams found for device 3 ret -2
06-13 06:36:28.734  2982  4414 D LOWI-9.0.1.74: [LOWIWifiTlvHandler] processIfPeerEvtHdrTag: Invalid Tag(43), not added to vector mPeerIdx(0)
06-13 06:36:28.734  2982  4414 D LOWI-9.0.1.74: [LOWIWifiTlvHandler] checkTlvTag: Processing idx(7) received unexpected but valid TLV(loop_end), going to idx(6)
06-13 06:36:28.734  2982  4414 D LOWI-9.0.1.74: [LOWIWifiTlvHandler] checkTlvTag: Processing idx(6) received TLV: wmi_rtt_oem_per_frame_info
06-13 06:36:28.734  2982  4414 D LOWI-9.0.1.74: [LOWIWifiTlvHandler] processIfPeerEvtHdrTag: Invalid Tag(43), not added to vector mPeerIdx(0)
06-13 06:36:28.734  2982  4414 D LOWI-9.0.1.74: [LOWIWifiTlvHandler] checkTlvTag: Processing idx(7) received TLV: loop_end
06-13 06:36:28.734  2982  4414 D LOWI-9.0.1.74: [LOWIWifiTlvHandler] processIfPeerEvtHdrTag: Invalid Tag(17), not added to vector mPeerIdx(0)
06-13 06:36:28.734  2982  4414 D LOWI-9.0.1.74: [LOWIWifiTlvHandler] processIfPerFrmInfoTag: Invalid Tag(17) measurement not added for peer(0)
06-13 06:36:28.734  2982  4414 D LOWI-9.0.1.74: [LOWIWifiTlvHandler] checkTlvTag: Processing idx(8) received TLV: loop_end
06-13 06:36:28.734  2982  4414 D LOWI-9.0.1.74: [LOWIWifiTlvHandler] processIfLoopEndTag: mPeerLs(0)...peer list ends
06-13 06:36:28.734  2982  4414 D LOWI-9.0.1.74: [LOWIWifiTlvHandler] processIfPeerEvtHdrTag: Invalid Tag(17), not added to vector mPeerIdx(0)
06-13 06:36:28.734  2982  4414 D LOWI-9.0.1.74: [LOWIWifiTlvHandler] processIfPerFrmInfoTag: Invalid Tag(17) measurement not added for peer(0)
06-13 06:36:28.734  2982  4414 D LOWI-9.0.1.74: [LOWIWifiTlvHandler] printBssidInfo: Peer 0 of 1,  numMeas = 2
06-13 06:36:28.734  2982  4414 D LOWI-9.0.1.74: [LOWI-HELIUM-RTT] printMeasRspHeadInfo: info(0x100002) channel_info(0x1464) rprtType(2) rttMeasType(0) rprtStatusV3(0) tmStart(0) numAPs(1) destMac(00:00:00:**:**:00) channelInfo(5220)
06-13 06:36:28.734  2982  4414 D LOWI-9.0.1.74: [LOWI-HELIUM-RTT] printPerPeerInfo: peerMac(f0:09:0d:**:**:01) burstIdx(0) numIEs(0) numMeasThisAP(2)rttMeasType(1) isQtiPeer(0) tmrSubType(0) isLastRespForPeer (0) securityMode(0) numFrmAttempted(2) actualBurstDur(9) actualNumFrmPerBur(2) actualBurstExp(0) retryAfterDur(0) measStartTSF(716187657) control(0x102) result_info_1(0x90002)result_info_2(0x2) result_info_3(0x0) measStartTSF_field(0x2ab02809)
06-13 06:36:28.734  2982  4414 D LOWI-9.0.1.74: [LOWI-HELIUM-RTT] printPerPeerInfo: 11az params: i2r_lmr_feedback:0 ranging_priority:0 r2i_toa_type:0 i2r_toa_type:0 format_and_bw:0 imdt_r2i_feedback:0 imdt_i2r_feedback:0 max_i2r_repetition:0 max_r2i_repetition:0 device_class:0 full_bw_ul_mumimo:0 max_r2i_sts_le_80mhz:0 max_r2i_sts_gr_80mhz:0 max_r2i_ltf_total:0 max_i2r_sts_le_80mhz:0 max_i2r_sts_gr_80mhz:0 max_i2r_ltf_total:0 min_time_between_measurements:0 tb_max_session_expiry 0
06-13 06:36:28.734  2982  4414 D LOWI-9.0.1.74: [LOWI-P2P-RTT] p2pIsStored: Bad inputs
06-13 06:36:28.734  2982  4414 D LOWI-9.0.1.74: [LOWI-HELIUM-RTT] printPerFrameInfo: tx_rate_info1(0x10003) tx_rate_info2(0x41) rx_rate_info1(0x30000) rx_rate_info2(0x41) max_tod_toa_error(0x0)
06-13 06:36:28.734  2982  4414 D LOWI-9.0.1.74: [LOWI-HELIUM-RTT] printPerFrameInfo: rssi(1684300900) T1.time32(0x0) T1.time0(0x0) T2.time32(0x0) T2.time0(0x0) T3_del(0x0) T4_del(0x6319ef0) txPreamble(0x3) txBw(0x0) txRateMcsIdx(0x0)txSTS(0x0) txNREP(0x0) txBitRate(0x41) rxPreamble(0x0) rxBw(0x0) invalidFACBit(0x0) rxRateMcsIdx(0x0) rxBitRate(0x41) chainMask(0x3) maxTodError(0x0)maxToaError(0x0) useTxChainNo(0x1) useRxChainNo(0x0) rxSTS(0x0) rxNREP(0x0) r2iNDPIntegrityCheck(0x0)
06-13 06:36:28.734  2982  4414 D LOWI-9.0.1.74: [LOWI-HELIUM-RTT] processPerFrameInfo: RTT V2 Performed - Raw RSSI(0x0), toa - tod = 0x6319ef0(pre-offset), RTT(103915248 psecs), RSSI(0) 
06-13 06:36:28.734  2982  4414 D LOWI-9.0.1.74: [LOWI-HELIUM-RTT] printPerFrameInfo: tx_rate_info1(0x10003) tx_rate_info2(0x41) rx_rate_info1(0x30000) rx_rate_info2(0x41) max_tod_toa_error(0x0)
06-13 06:36:28.734  2982  4414 D LOWI-9.0.1.74: [LOWI-HELIUM-RTT] printPerFrameInfo: rssi(1684300900) T1.time32(0x0) T1.time0(0x0) T2.time32(0x0) T2.time0(0x0) T3_del(0x0) T4_del(0x6314362) txPreamble(0x3) txBw(0x0) txRateMcsIdx(0x0)txSTS(0x0) txNREP(0x0) txBitRate(0x41) rxPreamble(0x0) rxBw(0x0) invalidFACBit(0x0) rxRateMcsIdx(0x0) rxBitRate(0x41) chainMask(0x3) maxTodError(0x0)maxToaError(0x0) useTxChainNo(0x1) useRxChainNo(0x0) rxSTS(0x0) rxNREP(0x0) r2iNDPIntegrityCheck(0x0)
06-13 06:36:28.734  2982  4414 D LOWI-9.0.1.74: [LOWI-HELIUM-RTT] processPerFrameInfo: RTT V2 Performed - Raw RSSI(0x0), toa - tod = 0x6314362(pre-offset), RTT(103891810 psecs), RSSI(0) 
06-13 06:36:28.734  2982  4414 I LOWI-9.0.1.74: [LOWIRangingHeliumFSM] SendReqToFwOrRespToUser: All ranging measurements completed.Send response to client
06-13 06:36:28.734  2181 18792 D AHAL: SecAudioDevice: SecGetParameters: 1169: temperature for rcv = 0
06-13 06:36:28.734  2248  3157 I vendor.samsung.hardware.thermal-service: key: g_hw_speaker_amp_temp_rcv, value: 0
06-13 06:36:28.735  2181 18792 V sec_audio_hw: sec_dev_get_parameters : g_hw_speaker_amp_temp_spk
06-13 06:36:28.735  2181 18792 D AHAL: FM: fm_get_parameters: 299: enter
06-13 06:36:28.735  2181 18792 D AHAL: FM: fm_get_parameters: 306: exit
06-13 06:36:28.735  2181 18792 I PAL: ResourceManager: getActiveStream_l: 6205: no active streams found for device 3 ret -2
06-13 06:36:28.735  2181 18792 D AHAL: SecAudioDevice: SecGetParameters: 1183: temperature for spk = 0
06-13 06:36:28.735  2248  3157 I vendor.samsung.hardware.thermal-service: key: g_hw_speaker_amp_temp_spk, value: 0
06-13 06:36:28.735  2982  4414 D LOWI-9.0.1.74: [LOWIRangingFSM] SendRangingReq: curChIndex: 2, totChs: 3, curAp: 0, totAp: 2
06-13 06:36:28.736  2982  4414 D LOWI-9.0.1.74: [LOWIUtils] freqToChBandBit: frequency 5500 channel 100 Band 1
06-13 06:36:28.736  2982  4414 D LOWI-9.0.1.74: [LOWIUtils] freqToChBandBit: frequency 5500 channel 100 Band 1
06-13 06:36:28.736  2982  4414 D LOWI-9.0.1.74: [LOWI-HELIUM-RTT] RomeSendRttReq: PHY Mode(LOWI_PHY_MODE_11AC_VHT80) timeoutPerTarget(50) reportType(RTT_REPORT_AGGREGATE)
06-13 06:36:28.736  2200  4411 I WifiHAL : send_nl_data: sent cld80211 msg of len: 216 to driver
06-13 06:36:28.737  2982  4414 D LOWI-9.0.1.74: [LOWI-ROME-RTT] send_oem_nl_msg: sent cld80211 message with subcmd: 5
06-13 06:36:28.737  7678  9473 I SDHMS:x : SIOP:: AP:353 BAT:328 USB:318 CHG:337 PA:342 CP:344 WIFI:363 CF:356 BLK:0 SUBBAT:298 LRPTHM:336 SKIN:342 SKINF:348 SKINB:322 LRP:342 LRF:348 LRB:322 APT:348 APR:322 RCV:284 SPK:328 CAPR:342 CRCV:279 CSPK:310 CAMT:360 UPSPK:336 DNSPK:318 VAP:355 VWIFI:363 AMB2:295 AVGCUR:-261 POWER:-1125
06-13 06:36:28.737  7678  9473 I AudioManager: setParameters keyValuePairs = g_hw_speaker_amp_temp_spk=31
06-13 06:36:28.737  2982  4414 D LOWI-9.0.1.74: [LOWIRangingFSM] FSM: New FSM state: STATE_PROCESSING_RANGING_REQ
06-13 06:36:28.737  2982  4414 D LOWI-9.0.1.74: [LOWI-ROME-RTT] RomeWaitOnActivityOnSocketOrPipe: issue timed select: TO: 5 
06-13 06:36:28.738  2292  2292 D AudioFlinger: setParameters: filtered dev setParameters keyvalue g_hw_speaker_amp_temp_spk=31
06-13 06:36:28.739  2181 18792 V sec_audio_hw: sec_dev_set_parameters : g_hw_speaker_amp_temp_spk=31
06-13 06:36:28.739  2181 18792 D AHAL: AudioDevice: SetParameters: 1865: enter
06-13 06:36:28.739  2181 18792 D AHAL: AudioVoice: VoiceSetParameters: 207: Enter
06-13 06:36:28.740  2181 18792 D AHAL: AudioVoice: VoiceSetParameters: 486: Exit ret: 0
06-13 06:36:28.740  2181 18792 D AHAL: SecAudioDevice: SecSetParameters: 908: temperature for spk = 31
06-13 06:36:28.740  2181 18792 I PAL: ResourceManager: getActiveStream_l: 6205: no active streams found for device 3 ret -2
06-13 06:36:28.740  2181 18792 E PAL: API: pal_set_param: 1369: Failed to set global parameter 3002, status -11
06-13 06:36:28.740  2181 18792 D AHAL: hfp: hfp_set_parameters: 444: enter
06-13 06:36:28.741  2181 18792 D AHAL: AudioDevice: SetParameters: 2837: exit: g_hw_speaker_amp_temp_spk=31
06-13 06:36:28.743  7678  9473 I AudioManager: setParameters keyValuePairs = g_hw_speaker_amp_temp_rcv=28
06-13 06:36:28.743  2292  2292 D AudioFlinger: setParameters: filtered dev setParameters keyvalue g_hw_speaker_amp_temp_rcv=28
06-13 06:36:28.744  2181  6213 V sec_audio_hw: sec_dev_set_parameters : g_hw_speaker_amp_temp_rcv=28
06-13 06:36:28.744  2181  6213 D AHAL: AudioDevice: SetParameters: 1865: enter
06-13 06:36:28.744  2181  6213 D AHAL: AudioVoice: VoiceSetParameters: 207: Enter
06-13 06:36:28.744  2181  6213 D AHAL: AudioVoice: VoiceSetParameters: 486: Exit ret: 0
06-13 06:36:28.744  2181  6213 D AHAL: SecAudioDevice: SecSetParameters: 898: temperature for rcv = 28
06-13 06:36:28.744  2181  6213 I PAL: ResourceManager: getActiveStream_l: 6205: no active streams found for device 3 ret -2
06-13 06:36:28.744  2181  6213 E PAL: API: pal_set_param: 1369: Failed to set global parameter 3001, status -11
06-13 06:36:28.744  2181  6213 D AHAL: hfp: hfp_set_parameters: 444: enter
06-13 06:36:28.745  2181  6213 D AHAL: AudioDevice: SetParameters: 2837: exit: g_hw_speaker_amp_temp_rcv=28
06-13 06:36:28.766  4673  5921 I EPDG-0 [WifiProfiler]: handleWifiRssiIntent, rssi=-56
06-13 06:36:28.766  4673  5921 I EPDG-0 [WifiProfiler]: isProfiling, hash=186994289, started=true
06-13 06:36:28.766  4673  5921 I EPDG-0 [LogMetrics]: set, type=WIFI_RSSI_LAST, value=-56
06-13 06:36:28.766  4673  5921 I EPDG-0 [WifiProfiler]: isProfiling, hash=186994289, started=true
06-13 06:36:28.766  4673  5921 I EPDG-0 [WifiProfiler]: Rssi : -56 highrange : -75 lowrange : -80 mIsRssiInHystersis : false
06-13 06:36:28.766  4673  5921 I EPDG-0 [Subscription]: isEpdgAvailable, IwlanPsState=2/2
06-13 06:36:28.766  4673  5921 I EPDG-0 [WifiProfiler]: isL2WHandoverProfilingRunning: returning: false
06-13 06:36:28.766  4673  5921 I EPDG-0 [WifiProfiler]: No need to send L2WHandoverProfiling runnable
06-13 06:36:28.766  4673  5921 I EPDG-0 [WifiProfiler]: getHandoverThresholdMet: value is: false
06-13 06:36:28.815  1187  1187 D io_stats: !@   8,0 r 4868674 139435540 w 1531315 36692964 d 230346 53294652 f 43156 208730 iot 785104 0 th 0 0 0 pt 0 inp 0 0 20357.152
06-13 06:36:28.816  1187  1187 D io_stats: !@ Read_top(KB): sh(26046) 844 .android.chrome(30538) 468 kworker/u16:0(22186) 260
06-13 06:36:28.816  1187  1187 D io_stats: !@ Write_top(KB): kworker/u16:8(22192) 364 soft.appmanager(29775) 16 appmanager:auth(29984) 16
06-13 06:36:28.952  2197  4068 W android.hardware.gnss-aidl-service-qti: getIonoScale:unsupported signal type 262144
06-13 06:36:28.952  2197  4068 W android.hardware.gnss-aidl-service-qti: getIonoScale:unsupported signal type 262144
06-13 06:36:28.955  3178  4164 D GnssLocationProvider_ex: SV Count : 21 / 36      (PRN, Constellation, Type, SNR, Used)
06-13 06:36:28.955  3178  4164 D GnssLocationProvider_ex: (3, GPS, L1, 18.5, 0) (6, GPS, L1, 25.3, 1) (14, GPS, L1, 15.5, 1) (19, GPS, L1, 20.4, 0) (22, GPS, L1, 20.5, 1) (30, GPS, L1, 21.4, 0) 
06-13 06:36:28.955  3178  4164 D GnssLocationProvider_ex: (22, GLONASS, L1, 18.2, 0) (13, GLONASS, L1, 18.3, 0) (12, GLONASS, L1, 20.8, 1) (24, GLONASS, L1, 21.6, 1) (23, GLONASS, L1, 17.3, 1) (34, BEIDOU, L1, 24.0, 1) 
06-13 06:36:28.955  3178  4164 D GnssLocationProvider_ex: (25, BEIDOU, L1, 23.3, 1) (2, GALILEO, L1, 24.5, 1) (14, GALILEO, L1, 23.8, 0) (15, GALILEO, L1, 15.3, 1) (30, GALILEO, L1, 19.2, 1) (34, GALILEO, L1, 19.1, 1) 
06-13 06:36:28.955  3178  4164 D GnssLocationProvider_ex: (36, GALILEO, L1, 17.1, 1) (3, GPS, L5, 18.2, 0) (6, GPS, L5, 21.5, 1) (14, GPS, L5, 15.7, 0) (24, GPS, L5, 20.2, 0) (30, GPS, L5, 8.3, 0) 
06-13 06:36:28.955  3178  4164 D GnssLocationProvider_ex: (2, GALILEO, L5, 16.1, 0) (14, GALILEO, L5, 14.2, 0) (30, GALILEO, L5, 13.7, 0) (34, GALILEO, L5, 21.3, 1) (36, GALILEO, L5, 21.9, 1) (24, BEIDOU, L5, 19.5, 1) 
06-13 06:36:28.955  3178  4164 D GnssLocationProvider_ex: (25, BEIDOU, L5, 20.5, 1) (34, BEIDOU, L5, 19.5, 1) (23, BEIDOU, L1, 16.1, 0) (25, BEIDOU, L1, 26.0, 1) (34, BEIDOU, L1, 24.7, 1) (38, BEIDOU, L1, 13.3, 0) 
06-13 06:36:28.958  3178  4595 D GnssMeasCbJni: gnssMeasurementCb
06-13 06:36:28.959  5445  5584 I GnssEngineManager_FLP: updateSatelliteStatus, top4=24, top6=24, visibleSv=36, usedSv=21, usedL5Sv=6 (usedGps=4, usedGlo=3, usedBds=7, usedGal=7)
06-13 06:36:28.962  3178  4164 D GnssLocationProvider: reportLocation
06-13 06:36:28.965  5445  5584 I GnssEngineManager_FLP: onGpsLocationChanged, provider=gps / isMock=false / speed=0.0 / time=1781350589000 / elapsed=26322300826201
06-13 06:36:28.965  5445  5584 I NewStopController_FLP: isAvailableLastLoc, KeepStationary : false , timeGap : 17 , mStraightFixCount : 0
06-13 06:36:28.965  5445  5584 I NewStopController_FLP: onChangedGlpLocation, isGpsStopped= false, isReportingLL= false, isAvailableLastLoc : true
06-13 06:36:28.972  5073  7439 I FusedLocation: (REDACTED) location delivery to %s blocked - too fast
06-13 06:36:28.973 14814 15024 I FrewleTileCacheManagerV: (REDACTED) Fetched %d AP models from cache
06-13 06:36:28.973  5073  7439 I FusedLocation: (REDACTED) location delivery to %s blocked - too close
06-13 06:36:28.974  5073  7439 I FusedLocation: (REDACTED) location delivery to %s blocked - too fast
06-13 06:36:28.974  5073  7439 I FusedLocation: (REDACTED) location delivery to %s blocked - too fast
06-13 06:36:28.974  3178  4811 D SLocation: PositionManager - Passive handleLocationChanged [G, A : 9.94, T : 1781350589000, ET : 26322300, E : SH, h : 23/28]
06-13 06:36:28.974  3178  4811 D SLocation: PositionManager - receive gps location
06-13 06:36:28.974  5073  7439 I FusedLocation: (REDACTED) location delivery to %s blocked - too close
06-13 06:36:28.975  5073  7439 I FusedLocation: (REDACTED) location delivery to %s blocked - too fast
06-13 06:36:28.975  3178  4811 D SLocation: LocationBuffer - receivedLocation - op[interval(min 60000, max 300000), waitTime 36000000, numOfUpdates 20, minDistance 200.0]dist : 0.04806482 diffTime : 42992 filtered Location
06-13 06:36:28.975  3178  4811 D SLocation: BatchManager - received batch location buffered = false
06-13 06:36:28.975  3178  4811 D SLocation: LastLocations - update latest location [G, A : 9.94, T : 1781350589000, ET : 26322300, E : SH, h : 23/28]
06-13 06:36:28.976  5073  7439 I FusedLocation: (REDACTED) location delivery to %s blocked - too fast
06-13 06:36:28.976  3178  4811 D SLocation: FilteredLastLocation - notify all last locations, loc : 3
06-13 06:36:28.976  5073  7439 I FusedLocation: (REDACTED) location delivery to %s blocked - too close
06-13 06:36:28.980  5445  5584 I GmsPassiveListener_FLP: onGmsLocationChanged, provider=fused / speed=6.3522113E-4 / time=1781350588948 / elapsed=26322300826201
06-13 06:36:28.982  3178  4811 D SLocation: PositionManager - Passive handleLocationChanged [F, A : 9.94, T : 1781350588948, ET : 26322300, h : 23/28]
06-13 06:36:28.983  3178  4811 D SLocation: PositionManager - receive fused location
06-13 06:36:28.983  3178  4811 D SLocation: DuplicateLocationChecker_GeofenceLocationFilter - fused is duplicated last fused location
06-13 06:36:28.983  3178  4811 D SLocation: DuplicateLocationChecker_BatchManager - fused is duplicated last gps location
06-13 06:36:28.983  3178  4811 D SLocation: DuplicateLocationChecker_FilteredLastLocation - fused is duplicated last gps location
06-13 06:36:28.984  2198  2198 I sensors-hal: flush:383, android.sensor.pressure/61
06-13 06:36:28.984  2198  2198 I sensors-hal: send_sync_sensor_request:508, send sync request
06-13 06:36:28.984  2198  2198 I sensors-hal: send_sync_sensor_request:518, send_sync_sensor_request before send_request for pressure with SUID low=6651504447997676721 high=24534046050247843
06-13 06:36:28.984  2198  2198 I sensors-hal: send_sync_sensor_request:537, wait for notification of response
06-13 06:36:28.985  2198 24770 I sensors-hal: qsh_conn_resp_cb:935, resp_value = 0 for pressure 
06-13 06:36:28.985  2198  2198 I sensors-hal: send_sync_sensor_request:543, takes 1 ms to receive the response with 0
06-13 06:36:28.985  2198  2198 I sensors-hal: flush:389, android.sensor.pressure/61 completed
06-13 06:36:28.985 18470 18602 D SensorManager: registerListener :: 61, bmp5 Pressure Sensor Non-wakeup, 200000, 0, 
06-13 06:36:28.988  3178  4595 E AppOps  : Bad call made by uid 1001. Package "com.android.phone" does not belong to uid 10290.
06-13 06:36:28.988  3178  4595 E AppOps  : Cannot noteOperation
06-13 06:36:28.988  3178  4595 E AppOps  : java.lang.SecurityException: Specified package "com.android.phone" under uid 10290 but it is not
06-13 06:36:28.988  3178  4595 E AppOps  : 	at com.android.server.appop.AppOpsService.verifyAndGetBypass(qb/109837446 568d72778742b68b4c2ea42a8520697fc0125bbdaf94f2d1f0d4a4d88a0e584b:63)
06-13 06:36:28.988  3178  4595 E AppOps  : 	at com.android.server.appop.AppOpsService.noteOperationUnchecked(qb/109837446 568d72778742b68b4c2ea42a8520697fc0125bbdaf94f2d1f0d4a4d88a0e584b:65)
06-13 06:36:28.988  3178  4595 E AppOps  : 	at com.android.server.appop.AppOpsService.-$$Nest$mnoteOperationImpl(qb/109837446 568d72778742b68b4c2ea42a8520697fc0125bbdaf94f2d1f0d4a4d88a0e584b:89)
06-13 06:36:28.988  3178  4595 E AppOps  : 	at com.android.server.appop.AppOpsService$CheckOpsDelegateDispatcher$$ExternalSyntheticLambda4.apply(qb/109837446 568d72778742b68b4c2ea42a8520697fc0125bbdaf94f2d1f0d4a4d88a0e584b:65)
06-13 06:36:28.988  3178  4595 E AppOps  : 	at com.android.server.policy.AppOpsPolicy.noteOperation(qb/109837446 568d72778742b68b4c2ea42a8520697fc0125bbdaf94f2d1f0d4a4d88a0e584b:35)
06-13 06:36:28.988  3178  4595 E AppOps  : 	at com.android.server.appop.AppOpsService$CheckOpsDelegateDispatcher.noteOperation(qb/109837446 568d72778742b68b4c2ea42a8520697fc0125bbdaf94f2d1f0d4a4d88a0e584b:66)
06-13 06:36:28.988  3178  4595 E AppOps  : 	at com.android.server.appop.AppOpsService.noteOperationsInBatch(qb/109837446 568d72778742b68b4c2ea42a8520697fc0125bbdaf94f2d1f0d4a4d88a0e584b:71)
06-13 06:36:28.988  3178  4595 E AppOps  : 	at com.android.internal.app.IAppOpsService$Stub.onTransact(IAppOpsService.java:1429)
06-13 06:36:28.988  3178  4595 E AppOps  : 	at android.os.Binder.execTransactInternal(Binder.java:1514)
06-13 06:36:28.988  3178  4595 E AppOps  : 	at android.os.Binder.execTransact(Binder.java:1454)
06-13 06:36:29.035  2200  4411 I WifiHAL : send oem msg of len : 460 to apps
06-13 06:36:29.036  2982  4414 D LOWI-9.0.1.74: [LOWI-ROME-RTT] RomeWaitOnActivityOnSocketOrPipe: timed select over: TO: 5 retVal: 1
06-13 06:36:29.036  2982  4414 D LOWI-9.0.1.74: [LOWI-ROME-RTT] event_handler: Valid data with length 428
06-13 06:36:29.036  2982  4414 D LOWI-9.0.1.74: [LOWI-HELIUM-RTT] storeNLFragment: new fragment group, tokenid(2), adding 420 chars @position 0
06-13 06:36:29.036  2982  4414 D LOWI-9.0.1.74: [LOWI-HELIUM-RTT] RomeNLRecvMessage: The Received OEMSubType: RTT_MSG_SUBTYPE_MEASUREMENT_RSP
06-13 06:36:29.036  2982  4414 D LOWI-9.0.1.74: [LOWI-HELIUM-RTT] RomeNLRecvMessage: The Received RomeMsgType: ROME_RANGING_MEAS_MSG
06-13 06:36:29.036  2982  4414 D LOWI-9.0.1.74: [LOWIRangingFSM] FSM: Received Event EVENT_RANGING_MEAS_RECV, Current state: STATE_PROCESSING_RANGING_REQ
06-13 06:36:29.036  2982  4414 D LOWI-9.0.1.74: [LOWIWifiTlvHandler] processRspHeadTlv: reqId(754) measDone(1) rttStatus(RTT_STATUS_SUCCESS) subtype(RTT_MSG_SUBTYPE_MEASUREMENT_RSP) isFrag(0) fragIdx(0) fragLen(396) tknId(9)
06-13 06:36:29.036  2982  4414 D LOWI-9.0.1.74: [LOWIWifiTlvHandler] checkTlvTag: Processing idx(0) received TLV: wmi_rtt_oem_rsp_head
06-13 06:36:29.036  2982  4414 D LOWI-9.0.1.74: [LOWIWifiTlvHandler] processIfPeerEvtHdrTag: Invalid Tag(33), not added to vector mPeerIdx(0)
06-13 06:36:29.036  2982  4414 D LOWI-9.0.1.74: [LOWIWifiTlvHandler] processIfPerFrmInfoTag: Invalid Tag(33) measurement not added for peer(0)
06-13 06:36:29.036  2982  4414 D LOWI-9.0.1.74: [LOWIWifiTlvHandler] checkTlvTag: Processing idx(1) received TLV: wmi_rtt_oem_measrsp_head
06-13 06:36:29.036  2982  4414 D LOWI-9.0.1.74: [LOWIWifiTlvHandler] processIfPeerEvtHdrTag: Invalid Tag(41), not added to vector mPeerIdx(0)
06-13 06:36:29.036  2982  4414 D LOWI-9.0.1.74: [LOWIWifiTlvHandler] processIfPerFrmInfoTag: Invalid Tag(41) measurement not added for peer(0)
06-13 06:36:29.036  2982  4414 D LOWI-9.0.1.74: [LOWIWifiTlvHandler] checkTlvTag: Processing idx(2) received TLV: loop_start
06-13 06:36:29.036  2982  4414 D LOWI-9.0.1.74: [LOWIWifiTlvHandler] processIfPeerEvtHdrTag: Invalid Tag(16), not added to vector mPeerIdx(0)
06-13 06:36:29.036  2982  4414 D LOWI-9.0.1.74: [LOWIWifiTlvHandler] processIfPerFrmInfoTag: Invalid Tag(16) measurement not added for peer(0)
06-13 06:36:29.036  2982  4414 D LOWI-9.0.1.74: [LOWIWifiTlvHandler] checkTlvTag: Processing idx(3) received TLV: wmi_rtt_oem_per_peer_event_hdr
06-13 06:36:29.036  2982  4414 D LOWI-9.0.1.74: [LOWIWifiTlvHandler] processIfPerFrmInfoTag: Invalid Tag(42) measurement not added for peer(0)
06-13 06:36:29.036  2982  4414 D LOWI-9.0.1.74: [LOWIWifiTlvHandler] checkTlvTag: Processing idx(4) received TLV: WMIRTT_TLV_TAG_ARRAY_UINT8
06-13 06:36:29.036  2982  4414 D LOWI-9.0.1.74: [LOWIWifiTlvHandler] processIfPeerEvtHdrTag: Invalid Tag(18), not added to vector mPeerIdx(0)
06-13 06:36:29.036  2982  4414 D LOWI-9.0.1.74: [LOWIWifiTlvHandler] processIfPerFrmInfoTag: Invalid Tag(18) measurement not added for peer(0)
06-13 06:36:29.036  2982  4414 D LOWI-9.0.1.74: [LOWIWifiTlvHandler] checkTlvTag: Processing idx(5) received TLV: loop_start
06-13 06:36:29.036  2982  4414 D LOWI-9.0.1.74: [LOWIWifiTlvHandler] processIfPeerEvtHdrTag: Invalid Tag(16), not added to vector mPeerIdx(0)
06-13 06:36:29.036  2982  4414 D LOWI-9.0.1.74: [LOWIWifiTlvHandler] processIfPerFrmInfoTag: Invalid Tag(16) measurement not added for peer(0)
06-13 06:36:29.036  2982  4414 D LOWI-9.0.1.74: [LOWIWifiTlvHandler] checkTlvTag: Processing idx(6) received TLV: wmi_rtt_oem_per_frame_info
06-13 06:36:29.036  2982  4414 D LOWI-9.0.1.74: [LOWIWifiTlvHandler] processIfPeerEvtHdrTag: Invalid Tag(43), not added to vector mPeerIdx(0)
06-13 06:36:29.036  2982  4414 D LOWI-9.0.1.74: [LOWIWifiTlvHandler] checkTlvTag: Processing idx(7) received unexpected but valid TLV(loop_end), going to idx(6)
06-13 06:36:29.036  2982  4414 D LOWI-9.0.1.74: [LOWIWifiTlvHandler] checkTlvTag: Processing idx(6) received TLV: wmi_rtt_oem_per_frame_info
06-13 06:36:29.036  2982  4414 D LOWI-9.0.1.74: [LOWIWifiTlvHandler] processIfPeerEvtHdrTag: Invalid Tag(43), not added to vector mPeerIdx(0)
06-13 06:36:29.036  2982  4414 D LOWI-9.0.1.74: [LOWIWifiTlvHandler] checkTlvTag: Processing idx(7) received TLV: loop_end
06-13 06:36:29.036  2982  4414 D LOWI-9.0.1.74: [LOWIWifiTlvHandler] processIfPeerEvtHdrTag: Invalid Tag(17), not added to vector mPeerIdx(0)
06-13 06:36:29.036  2982  4414 D LOWI-9.0.1.74: [LOWIWifiTlvHandler] processIfPerFrmInfoTag: Invalid Tag(17) measurement not added for peer(0)
06-13 06:36:29.036  2982  4414 D LOWI-9.0.1.74: [LOWIWifiTlvHandler] checkTlvTag: Processing idx(8) received unexpected but valid TLV(loop_end), going to idx(3)
06-13 06:36:29.036  2982  4414 D LOWI-9.0.1.74: [LOWIWifiTlvHandler] checkTlvTag: Processing idx(3) received TLV: wmi_rtt_oem_per_peer_event_hdr
06-13 06:36:29.036  2982  4414 D LOWI-9.0.1.74: [LOWIWifiTlvHandler] processIfPerFrmInfoTag: Invalid Tag(42) measurement not added for peer(1)
06-13 06:36:29.036  2982  4414 D LOWI-9.0.1.74: [LOWIWifiTlvHandler] checkTlvTag: Processing idx(4) received TLV: WMIRTT_TLV_TAG_ARRAY_UINT8
06-13 06:36:29.036  2982  4414 D LOWI-9.0.1.74: [LOWIWifiTlvHandler] processIfPeerEvtHdrTag: Invalid Tag(18), not added to vector mPeerIdx(1)
06-13 06:36:29.036  2982  4414 D LOWI-9.0.1.74: [LOWIWifiTlvHandler] processIfPerFrmInfoTag: Invalid Tag(18) measurement not added for peer(1)
06-13 06:36:29.036  2982  4414 D LOWI-9.0.1.74: [LOWIWifiTlvHandler] checkTlvTag: Processing idx(5) received TLV: loop_start
06-13 06:36:29.037  2982  4414 D LOWI-9.0.1.74: [LOWIWifiTlvHandler] processIfPeerEvtHdrTag: Invalid Tag(16), not added to vector mPeerIdx(1)
06-13 06:36:29.037  2982  4414 D LOWI-9.0.1.74: [LOWIWifiTlvHandler] processIfPerFrmInfoTag: Invalid Tag(16) measurement not added for peer(1)
06-13 06:36:29.037  2982  4414 D LOWI-9.0.1.74: [LOWIWifiTlvHandler] checkTlvTag: Processing idx(6) received TLV: wmi_rtt_oem_per_frame_info
06-13 06:36:29.037  2982  4414 D LOWI-9.0.1.74: [LOWIWifiTlvHandler] processIfPeerEvtHdrTag: Invalid Tag(43), not added to vector mPeerIdx(1)
06-13 06:36:29.037  2982  4414 D LOWI-9.0.1.74: [LOWIWifiTlvHandler] checkTlvTag: Processing idx(7) received unexpected but valid TLV(loop_end), going to idx(6)
06-13 06:36:29.037  2982  4414 D LOWI-9.0.1.74: [LOWIWifiTlvHandler] checkTlvTag: Processing idx(6) received TLV: wmi_rtt_oem_per_frame_info
06-13 06:36:29.037  2982  4414 D LOWI-9.0.1.74: [LOWIWifiTlvHandler] processIfPeerEvtHdrTag: Invalid Tag(43), not added to vector mPeerIdx(1)
06-13 06:36:29.037  2982  4414 D LOWI-9.0.1.74: [LOWIWifiTlvHandler] checkTlvTag: Processing idx(7) received TLV: loop_end
06-13 06:36:29.037  2982  4414 D LOWI-9.0.1.74: [LOWIWifiTlvHandler] processIfPeerEvtHdrTag: Invalid Tag(17), not added to vector mPeerIdx(1)
06-13 06:36:29.037  2982  4414 D LOWI-9.0.1.74: [LOWIWifiTlvHandler] processIfPerFrmInfoTag: Invalid Tag(17) measurement not added for peer(1)
06-13 06:36:29.037  2982  4414 D LOWI-9.0.1.74: [LOWIWifiTlvHandler] checkTlvTag: Processing idx(8) received TLV: loop_end
06-13 06:36:29.037  2982  4414 D LOWI-9.0.1.74: [LOWIWifiTlvHandler] processIfLoopEndTag: mPeerLs(0)...peer list ends
06-13 06:36:29.037  2982  4414 D LOWI-9.0.1.74: [LOWIWifiTlvHandler] processIfPeerEvtHdrTag: Invalid Tag(17), not added to vector mPeerIdx(1)
06-13 06:36:29.037  2982  4414 D LOWI-9.0.1.74: [LOWIWifiTlvHandler] processIfPerFrmInfoTag: Invalid Tag(17) measurement not added for peer(1)
06-13 06:36:29.037  2982  4414 D LOWI-9.0.1.74: [LOWIWifiTlvHandler] printBssidInfo: Peer 0 of 2,  numMeas = 2
06-13 06:36:29.037  2982  4414 D LOWI-9.0.1.74: [LOWIWifiTlvHandler] printBssidInfo: Peer 1 of 2,  numMeas = 2
06-13 06:36:29.037  2982  4414 D LOWI-9.0.1.74: [LOWI-HELIUM-RTT] printMeasRspHeadInfo: info(0x200002) channel_info(0x157c) rprtType(2) rttMeasType(0) rprtStatusV3(0) tmStart(0) numAPs(2) destMac(00:00:00:**:**:00) channelInfo(5500)
06-13 06:36:29.037  2982  4414 D LOWI-9.0.1.74: [LOWI-HELIUM-RTT] printPerPeerInfo: peerMac(60:d8:a4:**:**:9d) burstIdx(0) numIEs(0) numMeasThisAP(2)rttMeasType(1) isQtiPeer(0) tmrSubType(0) isLastRespForPeer (0) securityMode(0) numFrmAttempted(2) actualBurstDur(6) actualNumFrmPerBur(2) actualBurstExp(0) retryAfterDur(0) measStartTSF(716187657) control(0x102) result_info_1(0x60002)result_info_2(0x2) result_info_3(0x0) measStartTSF_field(0x2ab02809)
06-13 06:36:29.037  2982  4414 D LOWI-9.0.1.74: [LOWI-HELIUM-RTT] printPerPeerInfo: 11az params: i2r_lmr_feedback:0 ranging_priority:0 r2i_toa_type:0 i2r_toa_type:0 format_and_bw:0 imdt_r2i_feedback:0 imdt_i2r_feedback:0 max_i2r_repetition:0 max_r2i_repetition:0 device_class:0 full_bw_ul_mumimo:0 max_r2i_sts_le_80mhz:0 max_r2i_sts_gr_80mhz:0 max_r2i_ltf_total:0 max_i2r_sts_le_80mhz:0 max_i2r_sts_gr_80mhz:0 max_i2r_ltf_total:0 min_time_between_measurements:0 tb_max_session_expiry 0
06-13 06:36:29.037  2982  4414 D LOWI-9.0.1.74: [LOWI-P2P-RTT] p2pIsStored: Bad inputs
06-13 06:36:29.037  2982  4414 D LOWI-9.0.1.74: [LOWI-HELIUM-RTT] printPerFrameInfo: tx_rate_info1(0x10003) tx_rate_info2(0x41) rx_rate_info1(0x30000) rx_rate_info2(0x41) max_tod_toa_error(0x0)
06-13 06:36:29.037  2982  4414 D LOWI-9.0.1.74: [LOWI-HELIUM-RTT] printPerFrameInfo: rssi(1684300900) T1.time32(0x0) T1.time0(0x0) T2.time32(0x0) T2.time0(0x0) T3_del(0x0) T4_del(0x62f0f05) txPreamble(0x3) txBw(0x0) txRateMcsIdx(0x0)txSTS(0x0) txNREP(0x0) txBitRate(0x41) rxPreamble(0x0) rxBw(0x0) invalidFACBit(0x0) rxRateMcsIdx(0x0) rxBitRate(0x41) chainMask(0x3) maxTodError(0x0)maxToaError(0x0) useTxChainNo(0x1) useRxChainNo(0x0) rxSTS(0x0) rxNREP(0x0) r2iNDPIntegrityCheck(0x0)
06-13 06:36:29.037  2982  4414 D LOWI-9.0.1.74: [LOWI-HELIUM-RTT] processPerFrameInfo: RTT V2 Performed - Raw RSSI(0x0), toa - tod = 0x62f0f05(pre-offset), RTT(103747333 psecs), RSSI(0) 
06-13 06:36:29.037  2982  4414 D LOWI-9.0.1.74: [LOWI-HELIUM-RTT] printPerFrameInfo: tx_rate_info1(0x10003) tx_rate_info2(0x41) rx_rate_info1(0x30000) rx_rate_info2(0x41) max_tod_toa_error(0x0)
06-13 06:36:29.037  2982  4414 D LOWI-9.0.1.74: [LOWI-HELIUM-RTT] printPerFrameInfo: rssi(1684300900) T1.time32(0x0) T1.time0(0x0) T2.time32(0x0) T2.time0(0x0) T3_del(0x0) T4_del(0x62e57ea) txPreamble(0x3) txBw(0x0) txRateMcsIdx(0x0)txSTS(0x0) txNREP(0x0) txBitRate(0x41) rxPreamble(0x0) rxBw(0x0) invalidFACBit(0x0) rxRateMcsIdx(0x0) rxBitRate(0x41) chainMask(0x3) maxTodError(0x0)maxToaError(0x0) useTxChainNo(0x1) useRxChainNo(0x0) rxSTS(0x0) rxNREP(0x0) r2iNDPIntegrityCheck(0x0)
06-13 06:36:29.037  2982  4414 D LOWI-9.0.1.74: [LOWI-HELIUM-RTT] processPerFrameInfo: RTT V2 Performed - Raw RSSI(0x0), toa - tod = 0x62e57ea(pre-offset), RTT(103700458 psecs), RSSI(0) 
06-13 06:36:29.037  2982  4414 D LOWI-9.0.1.74: [LOWI-HELIUM-RTT] printPerPeerInfo: peerMac(62:d8:a4:**:**:f9) burstIdx(0) numIEs(0) numMeasThisAP(2)rttMeasType(1) isQtiPeer(0) tmrSubType(0) isLastRespForPeer (0) securityMode(0) numFrmAttempted(2) actualBurstDur(4) actualNumFrmPerBur(2) actualBurstExp(0) retryAfterDur(0) measStartTSF(716187657) control(0x102) result_info_1(0x40002)result_info_2(0x2) result_info_3(0x0) measStartTSF_field(0x2ab02809)
06-13 06:36:29.037  2982  4414 D LOWI-9.0.1.74: [LOWI-HELIUM-RTT] printPerPeerInfo: 11az params: i2r_lmr_feedback:0 ranging_priority:0 r2i_toa_type:0 i2r_toa_type:0 format_and_bw:0 imdt_r2i_feedback:0 imdt_i2r_feedback:0 max_i2r_repetition:0 max_r2i_repetition:0 device_class:0 full_bw_ul_mumimo:0 max_r2i_sts_le_80mhz:0 max_r2i_sts_gr_80mhz:0 max_r2i_ltf_total:0 max_i2r_sts_le_80mhz:0 max_i2r_sts_gr_80mhz:0 max_i2r_ltf_total:0 min_time_between_measurements:0 tb_max_session_expiry 0
06-13 06:36:29.037  2982  4414 D LOWI-9.0.1.74: [LOWI-P2P-RTT] p2pIsStored: Bad inputs
06-13 06:36:29.037  2982  4414 D LOWI-9.0.1.74: [LOWI-HELIUM-RTT] printPerFrameInfo: tx_rate_info1(0x10003) tx_rate_info2(0x41) rx_rate_info1(0x30000) rx_rate_info2(0x41) max_tod_toa_error(0x0)
06-13 06:36:29.037  2982  4414 D LOWI-9.0.1.74: [LOWI-HELIUM-RTT] printPerFrameInfo: rssi(1684300900) T1.time32(0x0) T1.time0(0x0) T2.time32(0x0) T2.time0(0x0) T3_del(0x0) T4_del(0x630032a) txPreamble(0x3) txBw(0x0) txRateMcsIdx(0x0)txSTS(0x0) txNREP(0x0) txBitRate(0x41) rxPreamble(0x0) rxBw(0x0) invalidFACBit(0x0) rxRateMcsIdx(0x0) rxBitRate(0x41) chainMask(0x3) maxTodError(0x0)maxToaError(0x0) useTxChainNo(0x1) useRxChainNo(0x0) rxSTS(0x0) rxNREP(0x0) r2iNDPIntegrityCheck(0x0)
06-13 06:36:29.037  2982  4414 D LOWI-9.0.1.74: [LOWI-HELIUM-RTT] processPerFrameInfo: RTT V2 Performed - Raw RSSI(0x0), toa - tod = 0x630032a(pre-offset), RTT(103809834 psecs), RSSI(0) 
06-13 06:36:29.037  2982  4414 D LOWI-9.0.1.74: [LOWI-HELIUM-RTT] printPerFrameInfo: tx_rate_info1(0x10003) tx_rate_info2(0x41) rx_rate_info1(0x30000) rx_rate_info2(0x41) max_tod_toa_error(0x0)
06-13 06:36:29.037  2982  4414 D LOWI-9.0.1.74: [LOWI-HELIUM-RTT] printPerFrameInfo: rssi(1684300900) T1.time32(0x0) T1.time0(0x0) T2.time32(0x0) T2.time0(0x0) T3_del(0x0) T4_del(0x62fa182) txPreamble(0x3) txBw(0x0) txRateMcsIdx(0x0)txSTS(0x0) txNREP(0x0) txBitRate(0x41) rxPreamble(0x0) rxBw(0x0) invalidFACBit(0x0) rxRateMcsIdx(0x0) rxBitRate(0x41) chainMask(0x3) maxTodError(0x0)maxToaError(0x0) useTxChainNo(0x1) useRxChainNo(0x0) rxSTS(0x0) rxNREP(0x0) r2iNDPIntegrityCheck(0x0)
06-13 06:36:29.037  2982  4414 D LOWI-9.0.1.74: [LOWI-HELIUM-RTT] processPerFrameInfo: RTT V2 Performed - Raw RSSI(0x0), toa - tod = 0x62fa182(pre-offset), RTT(103784834 psecs), RSSI(0) 
06-13 06:36:29.037  2982  4414 I LOWI-9.0.1.74: [LOWIRangingHeliumFSM] SendReqToFwOrRespToUser: All ranging measurements completed.Send response to client
06-13 06:36:29.037  2982  4414 I LOWI-9.0.1.74: [LOWIRangingHeliumFSM] SendReqToFwOrRespToUser this is not a rtt BG node
06-13 06:36:29.037  2982  4414 D LOWI-9.0.1.74: [LOWIRangingFSM] FSM: New FSM state: STATE_READY_AND_IDLE
06-13 06:36:29.037  2982  4414 D LOWI-9.0.1.74: [LOWI-ROME-RTT] RomeWaitOnActivityOnSocketOrPipe: issue blocking select 
06-13 06:36:29.038  2982  3006 D LOWI-9.0.1.74: [LOWIEventReceiver] handleEvent:FROM:NA, TO:NA, REQ:NA, IREQ:NA, REQ_ID:0, RESP:NA, INFO:NA
06-13 06:36:29.038  2982  3006 D LOWI-9.0.1.74: [LOWIBackgroundScanMgr] isRspForBgScanMgr: req(RANGING_SCAN) -- not handled
06-13 06:36:29.038  2982  3006 D LOWI-9.0.1.74: [LOWIScheduler] manageMsg: Results for RANGING_SCAN -- handled: scanStatus(SCAN_STATUS_SUCCESS)
06-13 06:36:29.038  2982  3006 D LOWI-9.0.1.74: [LOWICacheManager] putInCache:Num of Meas to add: 6
06-13 06:36:29.040  2982  3006 D LOWI-9.0.1.74: [LOWIScheduler] processNode: 5a:4c:77:**:**:11
06-13 06:36:29.040  2982  3006 I LOWI-9.0.1.74: [LOWIScheduler] Node isRttBgNode 0 is_last_resp_for_peer 0
06-13 06:36:29.040  2982  3006 D LOWI-9.0.1.74: [LOWIScheduler] processNode: 4a:4c:77:**:**:11
06-13 06:36:29.040  2982  3006 I LOWI-9.0.1.74: [LOWIScheduler] Node isRttBgNode 0 is_last_resp_for_peer 0
06-13 06:36:29.041  2982  3006 D LOWI-9.0.1.74: [LOWIScheduler] processNode: 40:4c:77:**:**:11
06-13 06:36:29.041  2982  3006 I LOWI-9.0.1.74: [LOWIScheduler] Node isRttBgNode 0 is_last_resp_for_peer 0
06-13 06:36:29.041  2982  3006 D LOWI-9.0.1.74: [LOWIScheduler] processNode: f0:09:0d:**:**:01
06-13 06:36:29.041  2982  3006 I LOWI-9.0.1.74: [LOWIScheduler] Node isRttBgNode 0 is_last_resp_for_peer 0
06-13 06:36:29.041  2982  3006 D LOWI-9.0.1.74: [LOWIScheduler] processNode: 60:d8:a4:**:**:9d
06-13 06:36:29.041  2982  3006 I LOWI-9.0.1.74: [LOWIScheduler] Node isRttBgNode 0 is_last_resp_for_peer 0
06-13 06:36:29.041  2982  3006 D LOWI-9.0.1.74: [LOWIScheduler] processNode: 62:d8:a4:**:**:f9
06-13 06:36:29.041  2982  3006 I LOWI-9.0.1.74: [LOWIScheduler] Node isRttBgNode 0 is_last_resp_for_peer 0
06-13 06:36:29.041  2982  3006 D LOWI-9.0.1.74: [LOWIScheduler] nodesForRsp: # nodes for this client(6)
06-13 06:36:29.042  2982  3006 D LOWI-9.0.1.74: [LOWIScheduler] processRangRsp: Create response: status(SCAN_STATUS_SUCCESS) numBssids(6) reqId(243) originator(73fd882c00-LC) reqType(5)
06-13 06:36:29.042  2982  3006 D LOWI-9.0.1.74: [LOWIController] generateResponse: Type (PERIODIC_RANGING_SCAN) ScanStatus (1) request 73fd882c00-LC_243
06-13 06:36:29.042  2982  3006 D LOWI-9.0.1.74: [LOWIEventDispatcher] sendResponse - originator = 73fd882c00-LC
06-13 06:36:29.042  2982  3006 D LOWI-9.0.1.74: [LOWIUtils] injectScanMeasurements - num of APs = 6
06-13 06:36:29.042  2982  3006 D LOWI-9.0.1.74: [LOWIUtils] injectRangingScanMeasurements - NUM_COLOC_BSS(0), PEER_OEM(LOWI_PEER_OEM_UNKNOWN)
06-13 06:36:29.042  2982  3006 D LOWI-9.0.1.74: [LOWIUtils] injectRangingScanMeasurements - NUM_COLOC_BSS(0), PEER_OEM(LOWI_PEER_OEM_UNKNOWN)
06-13 06:36:29.042  2982  3006 D LOWI-9.0.1.74: [LOWIUtils] injectRangingScanMeasurements - NUM_COLOC_BSS(0), PEER_OEM(LOWI_PEER_OEM_UNKNOWN)
06-13 06:36:29.042  2982  3006 D LOWI-9.0.1.74: [LOWIUtils] injectRangingScanMeasurements - NUM_COLOC_BSS(0), PEER_OEM(LOWI_PEER_OEM_UNKNOWN)
06-13 06:36:29.042  2982  3006 D LOWI-9.0.1.74: [LOWIUtils] injectRangingScanMeasurements - NUM_COLOC_BSS(0), PEER_OEM(LOWI_PEER_OEM_UNKNOWN)
06-13 06:36:29.042  2982  3006 D LOWI-9.0.1.74: [LOWIUtils] injectRangingScanMeasurements - NUM_COLOC_BSS(0), PEER_OEM(LOWI_PEER_OEM_UNKNOWN)
06-13 06:36:29.042  2982  3006 I LOWI-9.0.1.74: [LOWIUtils] responseToOutPostcard - TO: 73fd882c00-LC, FROM:   LOWI-SERVER, RESP:  LOWI_RANGING_SCAN
06-13 06:36:29.043  2982  3006 D LOWI-9.0.1.74: [LOWIEventDispatcher] sendResponse - originator = FreeWifiScanObserver
06-13 06:36:29.043  2200  4416 I QCALOG  : [LOWIUtils] inPostcardToResponse - FROM: LOWI-SERVER, TO:   73fd882c00-LC, RESP:  LOWI_RANGING_SCAN
06-13 06:36:29.043  2200  4416 D QCALOG  : [LOWIUtils] inPostcardToResponse - Request id(243) Scan Status(1)
06-13 06:36:29.043  2200  4416 D QCALOG  : [LOWIUtils] parseScanMeasurements - Total Scan measurements = 6
06-13 06:36:29.044  2200  4416 D QCALOG  : [LOWIUtils] parseRangingScanMeasurements - MAX_BSS_IND = 0, NUM_COLOC_BSS = 0, Peer OEM = 0
06-13 06:36:29.044  2200  4416 D QCALOG  : [LOWIUtils] parseScanMeasurements - FREQUENCY(5785) IS_SECURE(0) NODE_TYPE(1)RTT_TYPE(1) ADD_INFO 0x0tmr_subtype(0) security_mode(0)
06-13 06:36:29.044  2200  4416 D QCALOG  : [LOWIUtils] COUNTRY_CODE is 
06-13 06:36:29.044  2200  4416 D QCALOG  : [LOWIUtils] parseScanMeasurements - CELL_POWER(0) INDOOR OUTDOOR( ), MEASUREMENT_NUM(0)
06-13 06:36:29.044  2200  4416 D QCALOG  : [LOWIUtils] parseMeasurementInfo - Total measurements = 2
06-13 06:36:29.044  2200  4416 W QCALOG  : [LOWIUtils] parseMeasurementInfo - Unable to extract CFR_CIR_LENGTH
06-13 06:36:29.044  2200  4416 D QCALOG  : [LOWIUtils] parseMeasurementInfo - RSSI_TIMESTAMP(1781350588708) RSSI(0) MEAS_AGE(-1) RTT_TIMESTAMP(1781350588708) RTT(104330) TX_PREAMBLE(3) TX_NSS(1) TX_BW(0) TX_MCS_IDX(0) TX_BIT_RATE(65) RX_PREAMBLE(0) RX_NSS(2) RX_BW(0) RX_MCS_IDX(0) RX_BIT_RATE(65) tx_chain_no(0) rx_chain_no(-1) TX_STS(0) TX_NREP(0) RX_STS(0) RX_NREP(0) R2I_NDP_INTEGRITY_CHECK(0) INVALID_FAC(0)
06-13 06:36:29.044  2200  4416 W QCALOG  : [LOWIUtils] parseMeasurementInfo - Unable to extract CFR_CIR_LENGTH
06-13 06:36:29.044  2200  4416 D QCALOG  : [LOWIUtils] parseMeasurementInfo - RSSI_TIMESTAMP(1781350588708) RSSI(0) MEAS_AGE(-1) RTT_TIMESTAMP(1781350588708) RTT(104655) TX_PREAMBLE(3) TX_NSS(1) TX_BW(0) TX_MCS_IDX(0) TX_BIT_RATE(65) RX_PREAMBLE(0) RX_NSS(2) RX_BW(0) RX_MCS_IDX(0) RX_BIT_RATE(65) tx_chain_no(0) rx_chain_no(-1) TX_STS(0) TX_NREP(0) RX_STS(0) RX_NREP(0) R2I_NDP_INTEGRITY_CHECK(0) INVALID_FAC(0)
06-13 06:36:29.044  2200  4416 D QCALOG  : [LOWIUtils] parseIEDataInfo - Total IE's = 0
06-13 06:36:29.044  2200  4416 D QCALOG  : [LOWIUtils] parseScanMeasurements - RTT_TARGET_STATUS(0) BEACON_PERIOD(0), BEACON_CAPS(0), IE_LENGTH(0)
06-13 06:36:29.044  2982  3006 D LOWI-9.0.1.74: [LOWIUtils] injectScanMeasurements - num of APs = 6
06-13 06:36:29.044  2982  3006 I LOWI-9.0.1.74: [LOWIUtils] responseToOutPostcard - TO: FreeWifiScanObserver, FROM:   LOWI-SERVER, RESP:  LOWI_RANGING_SCAN
06-13 06:36:29.045  2982  3006 D LOWI-9.0.1.74: [LOWIController] sendRangingResponseToSnoopRTTClients: Response sent to Snoop RTT Client Request(ID:5, originator: FreeWifiScanObserver)
06-13 06:36:29.045  2982  3006 D LOWI-9.0.1.74: [LOWIScheduler] dataBaseCleanup:Status before cleanup
06-13 06:36:29.045  2982  3006 D LOWI-9.0.1.74: [LOWIScheduler] ****************************** WiFiNode Database *****************************************************************************************
06-13 06:36:29.045  2982  3006 D LOWI-9.0.1.74: [LOWIScheduler] Num of remaining nodes: 6
06-13 06:36:29.045  2982  3006 D LOWI-9.0.1.74: [LOWIScheduler] BSSID             Freq nodeT rttT  BW     pkts cont period       numMeas perCntr retries retCntr ReqId      schId      nodeState                  
06-13 06:36:29.045  2982  3006 D LOWI-9.0.1.74: [LOWIScheduler] 5a:4c:77:**:**:11 5785 AP    RTT2  BW_80  2    0    0            0       0       3       0       243        195428594  WIFI_NODE_READY_FOR_RSP    
06-13 06:36:29.045  2982  3006 D LOWI-9.0.1.74: [LOWIScheduler] 4a:4c:77:**:**:11 5785 AP    RTT2  BW_80  2    0    0            0       0       3       0       243        195428594  WIFI_NODE_READY_FOR_RSP    
06-13 06:36:29.045  2982  3006 D LOWI-9.0.1.74: [LOWIScheduler] 40:4c:77:**:**:11 5785 AP    RTT2  BW_80  2    0    0            0       0       3       0       243        195428594  WIFI_NODE_READY_FOR_RSP    
06-13 06:36:29.045  2982  3006 D LOWI-9.0.1.74: [LOWIScheduler] f0:09:0d:**:**:01 5220 AP    RTT2  BW_160 2    0    0            0       0       3       0       243        195428594  WIFI_NODE_READY_FOR_RSP    
06-13 06:36:29.045  2982  3006 D LOWI-9.0.1.74: [LOWIScheduler] 60:d8:a4:**:**:9d 5500 AP    RTT2  BW_80  2    0    0            0       0       3       0       243        195428594  WIFI_NODE_READY_FOR_RSP    
06-13 06:36:29.045  2982  3006 D LOWI-9.0.1.74: [LOWIScheduler] 62:d8:a4:**:**:f9 5500 AP    RTT2  BW_80  2    0    0            0       0       3       0       243        195428594  WIFI_NODE_READY_FOR_RSP    
06-13 06:36:29.045  2982  3006 D LOWI-9.0.1.74: [LOWIScheduler] ******************************************************************************************************************************************
06-13 06:36:29.045  2982  3006 D LOWI-9.0.1.74: [LOWIScheduler] One-shot node fully serviced: 5a:4c:77:**:**:11
06-13 06:36:29.045  2982  3006 D LOWI-9.0.1.74: [LOWIScheduler] One-shot node fully serviced: 4a:4c:77:**:**:11
06-13 06:36:29.045  2982  3006 D LOWI-9.0.1.74: [LOWIScheduler] One-shot node fully serviced: 40:4c:77:**:**:11
06-13 06:36:29.045  2982  3006 D LOWI-9.0.1.74: [LOWIScheduler] One-shot node fully serviced: f0:09:0d:**:**:01
06-13 06:36:29.045  2982  3006 D LOWI-9.0.1.74: [LOWIScheduler] One-shot node fully serviced: 60:d8:a4:**:**:9d
06-13 06:36:29.045  2982  3006 D LOWI-9.0.1.74: [LOWIScheduler] One-shot node fully serviced: 62:d8:a4:**:**:f9
06-13 06:36:29.045  2982  3006 D LOWI-9.0.1.74: [LOWIScheduler] dataBaseCleanup:Status after cleanup
06-13 06:36:29.045  2982  3006 D LOWI-9.0.1.74: [LOWIScheduler] ****************************** WiFiNode Database *****************************************************************************************
06-13 06:36:29.045  2982  3006 D LOWI-9.0.1.74: [LOWIScheduler] Num of remaining nodes: 0
06-13 06:36:29.045  2982  3006 D LOWI-9.0.1.74: [LOWIScheduler] BSSID             Freq nodeT rttT  BW     pkts cont period       numMeas perCntr retries retCntr ReqId      schId      nodeState                  
06-13 06:36:29.045  2982  3006 D LOWI-9.0.1.74: [LOWIScheduler] ******************************************************************************************************************************************
06-13 06:36:29.045  2982  3006 D LOWI-9.0.1.74: [LOWIScheduler] cleanUp: NumPeriodicNodesInDB left: 0
06-13 06:36:29.045  2982  3006 D LOWI-9.0.1.74: [LOWIScheduler] deleteClientInfo: deleting reqId(243) originator(73fd882c00-LC), reqType(PERIODIC_RANGING_SCAN)
06-13 06:36:29.045  2982  3006 D LOWI-9.0.1.74: [LOWIScheduler] getMeasInProgressNodeCnt mNodeDataBase size 0
06-13 06:36:29.045  2982  3006 D LOWI-9.0.1.74: [LOWIScheduler] All node are served ? YES delete rtt req 
06-13 06:36:29.045  2982  3006 D LOWI-9.0.1.74: [LOWIScheduler] manageMsg:delete current wifi rtt request
06-13 06:36:29.045  2982  3006 D LOWI-9.0.1.74: [LOWIController] Scheduler is managing the msg
06-13 06:36:29.046  2200  4416 D QCALOG  : [LOWIUtils] parseRangingScanMeasurements - MAX_BSS_IND = 0, NUM_COLOC_BSS = 0, Peer OEM = 0
06-13 06:36:29.046  2200  4416 D QCALOG  : [LOWIUtils] parseScanMeasurements - FREQUENCY(5785) IS_SECURE(0) NODE_TYPE(1)RTT_TYPE(1) ADD_INFO 0x0tmr_subtype(0) security_mode(0)
06-13 06:36:29.046  2200  4416 D QCALOG  : [LOWIUtils] COUNTRY_CODE is 
06-13 06:36:29.046  2200  4416 D QCALOG  : [LOWIUtils] parseScanMeasurements - CELL_POWER(0) INDOOR OUTDOOR( ), MEASUREMENT_NUM(0)
06-13 06:36:29.046  2200  4416 D QCALOG  : [LOWIUtils] parseMeasurementInfo - Total measurements = 2
06-13 06:36:29.046  2200  4416 W QCALOG  : [LOWIUtils] parseMeasurementInfo - Unable to extract CFR_CIR_LENGTH
06-13 06:36:29.046  2200  4416 D QCALOG  : [LOWIUtils] parseMeasurementInfo - RSSI_TIMESTAMP(1781350588708) RSSI(0) MEAS_AGE(-1) RTT_TIMESTAMP(1781350588708) RTT(104355) TX_PREAMBLE(3) TX_NSS(1) TX_BW(0) TX_MCS_IDX(0) TX_BIT_RATE(65) RX_PREAMBLE(0) RX_NSS(2) RX_BW(0) RX_MCS_IDX(0) RX_BIT_RATE(65) tx_chain_no(0) rx_chain_no(-1) TX_STS(0) TX_NREP(0) RX_STS(0) RX_NREP(0) R2I_NDP_INTEGRITY_CHECK(0) INVALID_FAC(0)
06-13 06:36:29.046  2200  4416 W QCALOG  : [LOWIUtils] parseMeasurementInfo - Unable to extract CFR_CIR_LENGTH
06-13 06:36:29.046  2200  4416 D QCALOG  : [LOWIUtils] parseMeasurementInfo - RSSI_TIMESTAMP(1781350588708) RSSI(0) MEAS_AGE(-1) RTT_TIMESTAMP(1781350588708) RTT(104330) TX_PREAMBLE(3) TX_NSS(1) TX_BW(0) TX_MCS_IDX(0) TX_BIT_RATE(65) RX_PREAMBLE(0) RX_NSS(2) RX_BW(0) RX_MCS_IDX(0) RX_BIT_RATE(65) tx_chain_no(0) rx_chain_no(-1) TX_STS(0) TX_NREP(0) RX_STS(0) RX_NREP(0) R2I_NDP_INTEGRITY_CHECK(0) INVALID_FAC(0)
06-13 06:36:29.046  2200  4416 D QCALOG  : [LOWIUtils] parseIEDataInfo - Total IE's = 0
06-13 06:36:29.046  2200  4416 D QCALOG  : [LOWIUtils] parseScanMeasurements - RTT_TARGET_STATUS(0) BEACON_PERIOD(0), BEACON_CAPS(0), IE_LENGTH(0)
06-13 06:36:29.047  2200  4416 D QCALOG  : [LOWIUtils] parseRangingScanMeasurements - MAX_BSS_IND = 0, NUM_COLOC_BSS = 0, Peer OEM = 0
06-13 06:36:29.047  2200  4416 D QCALOG  : [LOWIUtils] parseScanMeasurements - FREQUENCY(5785) IS_SECURE(0) NODE_TYPE(1)RTT_TYPE(1) ADD_INFO 0x0tmr_subtype(0) security_mode(0)
06-13 06:36:29.047  2200  4416 D QCALOG  : [LOWIUtils] COUNTRY_CODE is 
06-13 06:36:29.047  2200  4416 D QCALOG  : [LOWIUtils] parseScanMeasurements - CELL_POWER(0) INDOOR OUTDOOR( ), MEASUREMENT_NUM(0)
06-13 06:36:29.047  2200  4416 D QCALOG  : [LOWIUtils] parseMeasurementInfo - Total measurements = 2
06-13 06:36:29.047  2200  4416 W QCALOG  : [LOWIUtils] parseMeasurementInfo - Unable to extract CFR_CIR_LENGTH
06-13 06:36:29.047  2200  4416 D QCALOG  : [LOWIUtils] parseMeasurementInfo - RSSI_TIMESTAMP(1781350588709) RSSI(0) MEAS_AGE(-1) RTT_TIMESTAMP(1781350588709) RTT(104513) TX_PREAMBLE(3) TX_NSS(1) TX_BW(0) TX_MCS_IDX(0) TX_BIT_RATE(65) RX_PREAMBLE(0) RX_NSS(2) RX_BW(0) RX_MCS_IDX(0) RX_BIT_RATE(65) tx_chain_no(0) rx_chain_no(-1) TX_STS(0) TX_NREP(0) RX_STS(0) RX_NREP(0) R2I_NDP_INTEGRITY_CHECK(0) INVALID_FAC(0)
06-13 06:36:29.047  2200  4416 W QCALOG  : [LOWIUtils] parseMeasurementInfo - Unable to extract CFR_CIR_LENGTH
06-13 06:36:29.047  2200  4416 D QCALOG  : [LOWIUtils] parseMeasurementInfo - RSSI_TIMESTAMP(1781350588709) RSSI(0) MEAS_AGE(-1) RTT_TIMESTAMP(1781350588709) RTT(104355) TX_PREAMBLE(3) TX_NSS(1) TX_BW(0) TX_MCS_IDX(0) TX_BIT_RATE(65) RX_PREAMBLE(0) RX_NSS(2) RX_BW(0) RX_MCS_IDX(0) RX_BIT_RATE(65) tx_chain_no(0) rx_chain_no(-1) TX_STS(0) TX_NREP(0) RX_STS(0) RX_NREP(0) R2I_NDP_INTEGRITY_CHECK(0) INVALID_FAC(0)
06-13 06:36:29.047  2200  4416 D QCALOG  : [LOWIUtils] parseIEDataInfo - Total IE's = 0
06-13 06:36:29.047  2200  4416 D QCALOG  : [LOWIUtils] parseScanMeasurements - RTT_TARGET_STATUS(0) BEACON_PERIOD(0), BEACON_CAPS(0), IE_LENGTH(0)
06-13 06:36:29.048  2200  4416 D QCALOG  : [LOWIUtils] parseRangingScanMeasurements - MAX_BSS_IND = 0, NUM_COLOC_BSS = 0, Peer OEM = 0
06-13 06:36:29.048  2200  4416 D QCALOG  : [LOWIUtils] parseScanMeasurements - FREQUENCY(5220) IS_SECURE(0) NODE_TYPE(1)RTT_TYPE(1) ADD_INFO 0x0tmr_subtype(0) security_mode(0)
06-13 06:36:29.048  2200  4416 D QCALOG  : [LOWIUtils] COUNTRY_CODE is 
06-13 06:36:29.048  2200  4416 D QCALOG  : [LOWIUtils] parseScanMeasurements - CELL_POWER(0) INDOOR OUTDOOR( ), MEASUREMENT_NUM(0)
06-13 06:36:29.048  2200  4416 D QCALOG  : [LOWIUtils] parseMeasurementInfo - Total measurements = 2
06-13 06:36:29.048  2200  4416 W QCALOG  : [LOWIUtils] parseMeasurementInfo - Unable to extract CFR_CIR_LENGTH
06-13 06:36:29.048  2200  4416 D QCALOG  : [LOWIUtils] parseMeasurementInfo - RSSI_TIMESTAMP(1781350588734) RSSI(0) MEAS_AGE(-1) RTT_TIMESTAMP(1781350588734) RTT(103915) TX_PREAMBLE(3) TX_NSS(1) TX_BW(0) TX_MCS_IDX(0) TX_BIT_RATE(65) RX_PREAMBLE(0) RX_NSS(2) RX_BW(0) RX_MCS_IDX(0) RX_BIT_RATE(65) tx_chain_no(0) rx_chain_no(-1) TX_STS(0) TX_NREP(0) RX_STS(0) RX_NREP(0) R2I_NDP_INTEGRITY_CHECK(0) INVALID_FAC(0)
06-13 06:36:29.048  2200  4416 W QCALOG  : [LOWIUtils] parseMeasurementInfo - Unable to extract CFR_CIR_LENGTH
06-13 06:36:29.048  2200  4416 D QCALOG  : [LOWIUtils] parseMeasurementInfo - RSSI_TIMESTAMP(1781350588735) RSSI(0) MEAS_AGE(-1) RTT_TIMESTAMP(1781350588735) RTT(103891) TX_PREAMBLE(3) TX_NSS(1) TX_BW(0) TX_MCS_IDX(0) TX_BIT_RATE(65) RX_PREAMBLE(0) RX_NSS(2) RX_BW(0) RX_MCS_IDX(0) RX_BIT_RATE(65) tx_chain_no(0) rx_chain_no(-1) TX_STS(0) TX_NREP(0) RX_STS(0) RX_NREP(0) R2I_NDP_INTEGRITY_CHECK(0) INVALID_FAC(0)
06-13 06:36:29.048  2200  4416 D QCALOG  : [LOWIUtils] parseIEDataInfo - Total IE's = 0
06-13 06:36:29.048  2200  4416 D QCALOG  : [LOWIUtils] parseScanMeasurements - RTT_TARGET_STATUS(0) BEACON_PERIOD(0), BEACON_CAPS(0), IE_LENGTH(0)
06-13 06:36:29.048  2200  4416 D QCALOG  : [LOWIUtils] parseRangingScanMeasurements - MAX_BSS_IND = 0, NUM_COLOC_BSS = 0, Peer OEM = 0
06-13 06:36:29.048  2200  4416 D QCALOG  : [LOWIUtils] parseScanMeasurements - FREQUENCY(5500) IS_SECURE(0) NODE_TYPE(1)RTT_TYPE(1) ADD_INFO 0x0tmr_subtype(0) security_mode(0)
06-13 06:36:29.048  2200  4416 D QCALOG  : [LOWIUtils] COUNTRY_CODE is 
06-13 06:36:29.048  2200  4416 D QCALOG  : [LOWIUtils] parseScanMeasurements - CELL_POWER(0) INDOOR OUTDOOR( ), MEASUREMENT_NUM(0)
06-13 06:36:29.048  2200  4416 D QCALOG  : [LOWIUtils] parseMeasurementInfo - Total measurements = 2
06-13 06:36:29.048  2200  4416 W QCALOG  : [LOWIUtils] parseMeasurementInfo - Unable to extract CFR_CIR_LENGTH
06-13 06:36:29.048  2200  4416 D QCALOG  : [LOWIUtils] parseMeasurementInfo - RSSI_TIMESTAMP(1781350589037) RSSI(0) MEAS_AGE(-1) RTT_TIMESTAMP(1781350589037) RTT(103747) TX_PREAMBLE(3) TX_NSS(1) TX_BW(0) TX_MCS_IDX(0) TX_BIT_RATE(65) RX_PREAMBLE(0) RX_NSS(2) RX_BW(0) RX_MCS_IDX(0) RX_BIT_RATE(65) tx_chain_no(0) rx_chain_no(-1) TX_STS(0) TX_NREP(0) RX_STS(0) RX_NREP(0) R2I_NDP_INTEGRITY_CHECK(0) INVALID_FAC(0)
06-13 06:36:29.049  2200  4416 W QCALOG  : [LOWIUtils] parseMeasurementInfo - Unable to extract CFR_CIR_LENGTH
06-13 06:36:29.049  2200  4416 D QCALOG  : [LOWIUtils] parseMeasurementInfo - RSSI_TIMESTAMP(1781350589037) RSSI(0) MEAS_AGE(-1) RTT_TIMESTAMP(1781350589037) RTT(103700) TX_PREAMBLE(3) TX_NSS(1) TX_BW(0) TX_MCS_IDX(0) TX_BIT_RATE(65) RX_PREAMBLE(0) RX_NSS(2) RX_BW(0) RX_MCS_IDX(0) RX_BIT_RATE(65) tx_chain_no(0) rx_chain_no(-1) TX_STS(0) TX_NREP(0) RX_STS(0) RX_NREP(0) R2I_NDP_INTEGRITY_CHECK(0) INVALID_FAC(0)
06-13 06:36:29.049  2200  4416 D QCALOG  : [LOWIUtils] parseIEDataInfo - Total IE's = 0
06-13 06:36:29.049  2200  4416 D QCALOG  : [LOWIUtils] parseScanMeasurements - RTT_TARGET_STATUS(0) BEACON_PERIOD(0), BEACON_CAPS(0), IE_LENGTH(0)
06-13 06:36:29.049  2200  4416 D QCALOG  : [LOWIUtils] parseRangingScanMeasurements - MAX_BSS_IND = 0, NUM_COLOC_BSS = 0, Peer OEM = 0
06-13 06:36:29.049  2200  4416 D QCALOG  : [LOWIUtils] parseScanMeasurements - FREQUENCY(5500) IS_SECURE(0) NODE_TYPE(1)RTT_TYPE(1) ADD_INFO 0x0tmr_subtype(0) security_mode(0)
06-13 06:36:29.049  2200  4416 D QCALOG  : [LOWIUtils] COUNTRY_CODE is 
06-13 06:36:29.049  2200  4416 D QCALOG  : [LOWIUtils] parseScanMeasurements - CELL_POWER(0) INDOOR OUTDOOR( ), MEASUREMENT_NUM(0)
06-13 06:36:29.049  2200  4416 D QCALOG  : [LOWIUtils] parseMeasurementInfo - Total measurements = 2
06-13 06:36:29.049  2200  4416 W QCALOG  : [LOWIUtils] parseMeasurementInfo - Unable to extract CFR_CIR_LENGTH
06-13 06:36:29.049  2200  4416 D QCALOG  : [LOWIUtils] parseMeasurementInfo - RSSI_TIMESTAMP(1781350589038) RSSI(0) MEAS_AGE(-1) RTT_TIMESTAMP(1781350589038) RTT(103809) TX_PREAMBLE(3) TX_NSS(1) TX_BW(0) TX_MCS_IDX(0) TX_BIT_RATE(65) RX_PREAMBLE(0) RX_NSS(2) RX_BW(0) RX_MCS_IDX(0) RX_BIT_RATE(65) tx_chain_no(0) rx_chain_no(-1) TX_STS(0) TX_NREP(0) RX_STS(0) RX_NREP(0) R2I_NDP_INTEGRITY_CHECK(0) INVALID_FAC(0)
06-13 06:36:29.049  2200  4416 W QCALOG  : [LOWIUtils] parseMeasurementInfo - Unable to extract CFR_CIR_LENGTH
06-13 06:36:29.049  2200  4416 D QCALOG  : [LOWIUtils] parseMeasurementInfo - RSSI_TIMESTAMP(1781350589038) RSSI(0) MEAS_AGE(-1) RTT_TIMESTAMP(1781350589038) RTT(103784) TX_PREAMBLE(3) TX_NSS(1) TX_BW(0) TX_MCS_IDX(0) TX_BIT_RATE(65) RX_PREAMBLE(0) RX_NSS(2) RX_BW(0) RX_MCS_IDX(0) RX_BIT_RATE(65) tx_chain_no(0) rx_chain_no(-1) TX_STS(0) TX_NREP(0) RX_STS(0) RX_NREP(0) R2I_NDP_INTEGRITY_CHECK(0) INVALID_FAC(0)
06-13 06:36:29.049  2200  4416 D QCALOG  : [LOWIUtils] parseIEDataInfo - Total IE's = 0
06-13 06:36:29.050  2200  4416 D QCALOG  : [LOWIUtils] parseScanMeasurements - RTT_TARGET_STATUS(0) BEACON_PERIOD(0), BEACON_CAPS(0), IE_LENGTH(0)
06-13 06:36:29.050  2200  4416 D QCALOG  : [LOWIClientListener] Frequency = 5785, Is Secure = 0, Node type = 1
06-13 06:36:29.050  2200  4416 D QCALOG  : [LOWIClientListener] RSSI = 0, RSSI_TIMESTAMP = 1781350588708, RTT = 104330667ps, RTT_TIMESTAMP = 1781350588708
06-13 06:36:29.050  2200  4416 D QCALOG  : [LOWIClientListener] PREAMBLE = 3, BW = 0, MCS_IDX = 0, BIT_RATE = 65
06-13 06:36:29.050  2200  4416 D QCALOG  : [LOWIClientListener] RSSI = 0, RSSI_TIMESTAMP = 1781350588708, RTT = 104655667ps, RTT_TIMESTAMP = 1781350588708
06-13 06:36:29.050  2200  4416 D QCALOG  : [LOWIClientListener] PREAMBLE = 3, BW = 0, MCS_IDX = 0, BIT_RATE = 65
06-13 06:36:29.050  2200  4416 D QCALOG  : [LOWIClientListener] Frequency = 5785, Is Secure = 0, Node type = 1
06-13 06:36:29.050  2200  4416 D QCALOG  : [LOWIClientListener] RSSI = 0, RSSI_TIMESTAMP = 1781350588708, RTT = 104355667ps, RTT_TIMESTAMP = 1781350588708
06-13 06:36:29.050  2200  4416 D QCALOG  : [LOWIClientListener] PREAMBLE = 3, BW = 0, MCS_IDX = 0, BIT_RATE = 65
06-13 06:36:29.050  2200  4416 D QCALOG  : [LOWIClientListener] RSSI = 0, RSSI_TIMESTAMP = 1781350588708, RTT = 104330667ps, RTT_TIMESTAMP = 1781350588708
06-13 06:36:29.050  2200  4416 D QCALOG  : [LOWIClientListener] PREAMBLE = 3, BW = 0, MCS_IDX = 0, BIT_RATE = 65
06-13 06:36:29.050  2200  4416 D QCALOG  : [LOWIClientListener] Frequency = 5785, Is Secure = 0, Node type = 1
06-13 06:36:29.050  2200  4416 D QCALOG  : [LOWIClientListener] RSSI = 0, RSSI_TIMESTAMP = 1781350588709, RTT = 104513479ps, RTT_TIMESTAMP = 1781350588709
06-13 06:36:29.050  2200  4416 D QCALOG  : [LOWIClientListener] PREAMBLE = 3, BW = 0, MCS_IDX = 0, BIT_RATE = 65
06-13 06:36:29.050  2200  4416 D QCALOG  : [LOWIClientListener] RSSI = 0, RSSI_TIMESTAMP = 1781350588709, RTT = 104355667ps, RTT_TIMESTAMP = 1781350588709
06-13 06:36:29.050  2200  4416 D QCALOG  : [LOWIClientListener] PREAMBLE = 3, BW = 0, MCS_IDX = 0, BIT_RATE = 65
06-13 06:36:29.050  2200  4416 D QCALOG  : [LOWIClientListener] Frequency = 5220, Is Secure = 0, Node type = 1
06-13 06:36:29.050  2200  4416 D QCALOG  : [LOWIClientListener] RSSI = 0, RSSI_TIMESTAMP = 1781350588734, RTT = 103915248ps, RTT_TIMESTAMP = 1781350588734
06-13 06:36:29.050  2200  4416 D QCALOG  : [LOWIClientListener] PREAMBLE = 3, BW = 0, MCS_IDX = 0, BIT_RATE = 65
06-13 06:36:29.050  2200  4416 D QCALOG  : [LOWIClientListener] RSSI = 0, RSSI_TIMESTAMP = 1781350588735, RTT = 103891810ps, RTT_TIMESTAMP = 1781350588735
06-13 06:36:29.050  2200  4416 D QCALOG  : [LOWIClientListener] PREAMBLE = 3, BW = 0, MCS_IDX = 0, BIT_RATE = 65
06-13 06:36:29.050  2200  4416 D QCALOG  : [LOWIClientListener] Frequency = 5500, Is Secure = 0, Node type = 1
06-13 06:36:29.050  2200  4416 D QCALOG  : [LOWIClientListener] RSSI = 0, RSSI_TIMESTAMP = 1781350589037, RTT = 103747333ps, RTT_TIMESTAMP = 1781350589037
06-13 06:36:29.051  2200  4416 D QCALOG  : [LOWIClientListener] PREAMBLE = 3, BW = 0, MCS_IDX = 0, BIT_RATE = 65
06-13 06:36:29.051  2200  4416 D QCALOG  : [LOWIClientListener] RSSI = 0, RSSI_TIMESTAMP = 1781350589037, RTT = 103700458ps, RTT_TIMESTAMP = 1781350589037
06-13 06:36:29.051  2200  4416 D QCALOG  : [LOWIClientListener] PREAMBLE = 3, BW = 0, MCS_IDX = 0, BIT_RATE = 65
06-13 06:36:29.051  2200  4416 D QCALOG  : [LOWIClientListener] Frequency = 5500, Is Secure = 0, Node type = 1
06-13 06:36:29.051  2200  4416 D QCALOG  : [LOWIClientListener] RSSI = 0, RSSI_TIMESTAMP = 1781350589038, RTT = 103809834ps, RTT_TIMESTAMP = 1781350589038
06-13 06:36:29.051  2200  4416 D QCALOG  : [LOWIClientListener] PREAMBLE = 3, BW = 0, MCS_IDX = 0, BIT_RATE = 65
06-13 06:36:29.051  2200  4416 D QCALOG  : [LOWIClientListener] RSSI = 0, RSSI_TIMESTAMP = 1781350589038, RTT = 103784834ps, RTT_TIMESTAMP = 1781350589038
06-13 06:36:29.051  2200  4416 D QCALOG  : [LOWIClientListener] PREAMBLE = 3, BW = 0, MCS_IDX = 0, BIT_RATE = 65
06-13 06:36:29.051  2200  4416 D QCALOG  : [LOWIClientListener] computeRttMetrics: 5a:4c:77:**:**:11 RTT Chain_0 Final Mean:100000000.0000 Max:104330667 Min:100000000 Spread:4330667 Stdev:0 median: 100000000
06-13 06:36:29.051  2200  4416 D QCALOG  : [LOWIClientListener] @printWiFiHalNodeResult(): BSSID: 5a:4c:77:**:**:11, timestamp:(26322404000)
06-13 06:36:29.051  2200  4416 D QCALOG  : [LOWIClientListener] @printWiFiHalNodeResult(): measurement_num(0), status(RTT_STATUS_SUCCESS), type(RTT_TYPE_1_SIDED)
06-13 06:36:29.051  2200  4416 I QCALOG  : [LOWIClientListener] printWiFiHalNodeResult: rssi(0), rssi_spread(0), rtt(100000000), rtt_sd(0), rtt_spread(4330667)
06-13 06:36:29.051  2200  4416 D QCALOG  : [LOWIClientListener] @printWiFiHalNodeResult(): tx_rate info: preamble(VHT), nss(2x2), bw(WIFI_CHAN_WIDTH_80P80), mcs_idx(0), bitrate(65)
06-13 06:36:29.051  2200  4416 D QCALOG  : [LOWIClientListener] @printWiFiHalNodeResult(): distance_mm(15000001), distance_spread_mm(649600), distance_sd_mm(0)
06-13 06:36:29.051  2200  4416 D QCALOG  : [LOWIClientListener] @printWiFiHalNodeResult(): frequency(5785), packet_bw(4)
06-13 06:36:29.051  2200  4416 D QCALOG  : [LOWIClientListener] computeRttMetrics: 4a:4c:77:**:**:11 RTT Chain_0 Final Mean:100000000.0000 Max:104355667 Min:100000000 Spread:4355667 Stdev:0 median: 100000000
06-13 06:36:29.051  2200  4416 D QCALOG  : [LOWIClientListener] @printWiFiHalNodeResult(): BSSID: 4a:4c:77:**:**:11, timestamp:(26322404000)
06-13 06:36:29.051  2200  4416 D QCALOG  : [LOWIClientListener] @printWiFiHalNodeResult(): measurement_num(0), status(RTT_STATUS_SUCCESS), type(RTT_TYPE_1_SIDED)
06-13 06:36:29.051  2200  4416 I QCALOG  : [LOWIClientListener] printWiFiHalNodeResult: rssi(0), rssi_spread(0), rtt(100000000), rtt_sd(0), rtt_spread(4355667)
06-13 06:36:29.051  2200  4416 D QCALOG  : [LOWIClientListener] @printWiFiHalNodeResult(): tx_rate info: preamble(VHT), nss(2x2), bw(WIFI_CHAN_WIDTH_80P80), mcs_idx(0), bitrate(65)
06-13 06:36:29.051  2200  4416 D QCALOG  : [LOWIClientListener] @printWiFiHalNodeResult(): distance_mm(15000001), distance_spread_mm(653350), distance_sd_mm(0)
06-13 06:36:29.051  2200  4416 D QCALOG  : [LOWIClientListener] @printWiFiHalNodeResult(): frequency(5785), packet_bw(4)
06-13 06:36:29.051  2200  4416 D QCALOG  : [LOWIClientListener] computeRttMetrics: 40:4c:77:**:**:11 RTT Chain_0 Final Mean:100000000.0000 Max:104513479 Min:100000000 Spread:4513479 Stdev:0 median: 100000000
06-13 06:36:29.051  2200  4416 D QCALOG  : [LOWIClientListener] @printWiFiHalNodeResult(): BSSID: 40:4c:77:**:**:11, timestamp:(26322404000)
06-13 06:36:29.051  2200  4416 D QCALOG  : [LOWIClientListener] @printWiFiHalNodeResult(): measurement_num(0), status(RTT_STATUS_SUCCESS), type(RTT_TYPE_1_SIDED)
06-13 06:36:29.051  2200  4416 I QCALOG  : [LOWIClientListener] printWiFiHalNodeResult: rssi(0), rssi_spread(0), rtt(100000000), rtt_sd(0), rtt_spread(4513479)
06-13 06:36:29.051  2200  4416 D QCALOG  : [LOWIClientListener] @printWiFiHalNodeResult(): tx_rate info: preamble(VHT), nss(2x2), bw(WIFI_CHAN_WIDTH_80P80), mcs_idx(0), bitrate(65)
06-13 06:36:29.051  2200  4416 D QCALOG  : [LOWIClientListener] @printWiFiHalNodeResult(): distance_mm(15000001), distance_spread_mm(677021), distance_sd_mm(0)
06-13 06:36:29.051  2200  4416 D QCALOG  : [LOWIClientListener] @printWiFiHalNodeResult(): frequency(5785), packet_bw(4)
06-13 06:36:29.051  2200  4416 D QCALOG  : [LOWIClientListener] computeRttMetrics: f0:09:0d:**:**:01 RTT Chain_0 Final Mean:100000000.0000 Max:103915248 Min:100000000 Spread:3915248 Stdev:0 median: 100000000
06-13 06:36:29.051  2200  4416 D QCALOG  : [LOWIClientListener] @printWiFiHalNodeResult(): BSSID: f0:09:0d:**:**:01, timestamp:(26322404000)
06-13 06:36:29.051  2200  4416 D QCALOG  : [LOWIClientListener] @printWiFiHalNodeResult(): measurement_num(0), status(RTT_STATUS_SUCCESS), type(RTT_TYPE_1_SIDED)
06-13 06:36:29.051  2200  4416 I QCALOG  : [LOWIClientListener] printWiFiHalNodeResult: rssi(0), rssi_spread(0), rtt(100000000), rtt_sd(0), rtt_spread(3915248)
06-13 06:36:29.051  2200  4416 D QCALOG  : [LOWIClientListener] @printWiFiHalNodeResult(): tx_rate info: preamble(VHT), nss(2x2), bw(WIFI_CHAN_WIDTH_80P80), mcs_idx(0), bitrate(65)
06-13 06:36:29.051  2200  4416 D QCALOG  : [LOWIClientListener] @printWiFiHalNodeResult(): distance_mm(15000001), distance_spread_mm(587287), distance_sd_mm(0)
06-13 06:36:29.051  2200  4416 D QCALOG  : [LOWIClientListener] @printWiFiHalNodeResult(): frequency(5220), packet_bw(4)
06-13 06:36:29.051  2200  4416 D QCALOG  : [LOWIClientListener] computeRttMetrics: 60:d8:a4:**:**:9d RTT Chain_0 Final Mean:100000000.0000 Max:103747333 Min:100000000 Spread:3747333 Stdev:0 median: 100000000
06-13 06:36:29.051  2200  4416 D QCALOG  : [LOWIClientListener] @printWiFiHalNodeResult(): BSSID: 60:d8:a4:**:**:9d, timestamp:(26322405000)
06-13 06:36:29.051  2200  4416 D QCALOG  : [LOWIClientListener] @printWiFiHalNodeResult(): measurement_num(0), status(RTT_STATUS_SUCCESS), type(RTT_TYPE_1_SIDED)
06-13 06:36:29.051  2200  4416 I QCALOG  : [LOWIClientListener] printWiFiHalNodeResult: rssi(0), rssi_spread(0), rtt(100000000), rtt_sd(0), rtt_spread(3747333)
06-13 06:36:29.051  2200  4416 D QCALOG  : [LOWIClientListener] @printWiFiHalNodeResult(): tx_rate info: preamble(VHT), nss(2x2), bw(WIFI_CHAN_WIDTH_80P80), mcs_idx(0), bitrate(65)
06-13 06:36:29.051  2200  4416 D QCALOG  : [LOWIClientListener] @printWiFiHalNodeResult(): distance_mm(15000001), distance_spread_mm(562100), distance_sd_mm(0)
06-13 06:36:29.052  2200  4416 D QCALOG  : [LOWIClientListener] @printWiFiHalNodeResult(): frequency(5500), packet_bw(4)
06-13 06:36:29.052  2200  4416 D QCALOG  : [LOWIClientListener] computeRttMetrics: 62:d8:a4:**:**:f9 RTT Chain_0 Final Mean:100000000.0000 Max:103809834 Min:100000000 Spread:3809834 Stdev:0 median: 100000000
06-13 06:36:29.052  2200  4416 D QCALOG  : [LOWIClientListener] @printWiFiHalNodeResult(): BSSID: 62:d8:a4:**:**:f9, timestamp:(26322405000)
06-13 06:36:29.052  2200  4416 D QCALOG  : [LOWIClientListener] @printWiFiHalNodeResult(): measurement_num(0), status(RTT_STATUS_SUCCESS), type(RTT_TYPE_1_SIDED)
06-13 06:36:29.052  2200  4416 I QCALOG  : [LOWIClientListener] printWiFiHalNodeResult: rssi(0), rssi_spread(0), rtt(100000000), rtt_sd(0), rtt_spread(3809834)
06-13 06:36:29.052  2200  4416 D QCALOG  : [LOWIClientListener] @printWiFiHalNodeResult(): tx_rate info: preamble(VHT), nss(2x2), bw(WIFI_CHAN_WIDTH_80P80), mcs_idx(0), bitrate(65)
06-13 06:36:29.052  2200  4416 D QCALOG  : [LOWIClientListener] @printWiFiHalNodeResult(): distance_mm(15000001), distance_spread_mm(571475), distance_sd_mm(0)
06-13 06:36:29.052  2200  4416 D QCALOG  : [LOWIClientListener] @printWiFiHalNodeResult(): frequency(5500), packet_bw(4)
06-13 06:36:29.057  2200  4360 D QCALOG  : [LOWI-WIFIHAL-2.1.1.27] printWiFiHalRequest: Request_id: 1242, numBssids : 6
06-13 06:36:29.057  2200  4360 D QCALOG  : [LOWI-WIFIHAL-2.1.1.27] wifiNodeParamChecking: Request_id: 1242, numBssids : 6
06-13 06:36:29.058  2200  4360 D QCALOG  : [LOWIUtils] requestToOutPostcard - Added a node card to the main card
06-13 06:36:29.058  2200  4360 D QCALOG  : [LOWIUtils] requestToOutPostcard - Added a node card to the main card
06-13 06:36:29.058  2200  4360 D QCALOG  : [LOWIUtils] requestToOutPostcard - Added a node card to the main card
06-13 06:36:29.058  2200  4360 D QCALOG  : [LOWIUtils] requestToOutPostcard - Added a node card to the main card
06-13 06:36:29.058  2200  4360 D QCALOG  : [LOWIUtils] requestToOutPostcard - Added a node card to the main card
06-13 06:36:29.058  2200  4360 D QCALOG  : [LOWIUtils] requestToOutPostcard - Added a node card to the main card
06-13 06:36:29.058  2200  4360 D QCALOG  : [LOWI-WIFIHAL-2.1.1.27] printLowiRequest: Request_id: 244, numBssids: 6
06-13 06:36:29.058  2200  4360 D QCALOG  : [LOWI-WIFIHAL-2.1.1.27] printLowiRequest: freq(5500)MHz, band_center_freq1(5530)MHz, band_center_freq2(0)MHz, rttType(RTT2), bwType(BW_80MHZ), pktsPerMeas(2)
06-13 06:36:29.058  2200  4360 D QCALOG  : [LOWI-WIFIHAL-2.1.1.27] printLowiRequest: periodic(0), burstPeriod(0) ms, numBursts(0), numRetries(3)
06-13 06:36:29.058  2200  4360 D QCALOG  : [LOWI-WIFIHAL-2.1.1.27] printLowiRequest: LCI Req(0x1) Civic(0x1) Bursts Exp(0) Burst Duration(9) Burst Period(0)
06-13 06:36:29.058  2200  4360 D QCALOG  : [LOWI-WIFIHAL-2.1.1.27] printLowiRequest: freq(5500)MHz, band_center_freq1(5530)MHz, band_center_freq2(0)MHz, rttType(RTT2), bwType(BW_80MHZ), pktsPerMeas(2)
06-13 06:36:29.058  2200  4360 D QCALOG  : [LOWI-WIFIHAL-2.1.1.27] printLowiRequest: periodic(0), burstPeriod(0) ms, numBursts(0), numRetries(3)
06-13 06:36:29.058  2200  4360 D QCALOG  : [LOWI-WIFIHAL-2.1.1.27] printLowiRequest: LCI Req(0x1) Civic(0x1) Bursts Exp(0) Burst Duration(9) Burst Period(0)
06-13 06:36:29.058  2200  4360 D QCALOG  : [LOWI-WIFIHAL-2.1.1.27] printLowiRequest: freq(5220)MHz, band_center_freq1(5210)MHz, band_center_freq2(5250)MHz, rttType(RTT2), bwType(BW_160MHZ), pktsPerMeas(2)
06-13 06:36:29.058  2200  4360 D QCALOG  : [LOWI-WIFIHAL-2.1.1.27] printLowiRequest: periodic(0), burstPeriod(0) ms, numBursts(0), numRetries(3)
06-13 06:36:29.058  2200  4360 D QCALOG  : [LOWI-WIFIHAL-2.1.1.27] printLowiRequest: LCI Req(0x1) Civic(0x1) Bursts Exp(0) Burst Duration(9) Burst Period(0)
06-13 06:36:29.058  2200  4360 D QCALOG  : [LOWI-WIFIHAL-2.1.1.27] printLowiRequest: freq(5785)MHz, band_center_freq1(5775)MHz, band_center_freq2(0)MHz, rttType(RTT2), bwType(BW_80MHZ), pktsPerMeas(2)
06-13 06:36:29.058  2200  4360 D QCALOG  : [LOWI-WIFIHAL-2.1.1.27] printLowiRequest: periodic(0), burstPeriod(0) ms, numBursts(0), numRetries(3)
06-13 06:36:29.058  2200  4360 D QCALOG  : [LOWI-WIFIHAL-2.1.1.27] printLowiRequest: LCI Req(0x1) Civic(0x1) Bursts Exp(0) Burst Duration(9) Burst Period(0)
06-13 06:36:29.059  2200  4360 D QCALOG  : [LOWI-WIFIHAL-2.1.1.27] printLowiRequest: freq(5785)MHz, band_center_freq1(5775)MHz, band_center_freq2(0)MHz, rttType(RTT2), bwType(BW_80MHZ), pktsPerMeas(2)
06-13 06:36:29.059  2200  4360 D QCALOG  : [LOWI-WIFIHAL-2.1.1.27] printLowiRequest: periodic(0), burstPeriod(0) ms, numBursts(0), numRetries(3)
06-13 06:36:29.059  2200  4360 D QCALOG  : [LOWI-WIFIHAL-2.1.1.27] printLowiRequest: LCI Req(0x1) Civic(0x1) Bursts Exp(0) Burst Duration(9) Burst Period(0)
06-13 06:36:29.059  2200  4360 D QCALOG  : [LOWI-WIFIHAL-2.1.1.27] printLowiRequest: freq(5785)MHz, band_center_freq1(5775)MHz, band_center_freq2(0)MHz, rttType(RTT2), bwType(BW_80MHZ), pktsPerMeas(2)
06-13 06:36:29.059  2200  4360 D QCALOG  : [LOWI-WIFIHAL-2.1.1.27] printLowiRequest: periodic(0), burstPeriod(0) ms, numBursts(0), numRetries(3)
06-13 06:36:29.059  2200  4360 D QCALOG  : [LOWI-WIFIHAL-2.1.1.27] printLowiRequest: LCI Req(0x1) Civic(0x1) Bursts Exp(0) Burst Duration(9) Burst Period(0)
06-13 06:36:29.059  4432  4432 I wpa_supplicant: Heartbeat 2555
06-13 06:36:29.060  2982  3005 D LOWI-9.0.1.74: [MqClientIpcReciver] FROM: 73fd882c00-LC
06-13 06:36:29.060  2982  3005 D LOWI-9.0.1.74: [MqClientIpcReciver] REQ:  LOWI_PERIODIC_RANGING_SCAN
06-13 06:36:29.060  2982  3005 D LOWI-9.0.1.74: [MqClientIpcReciver] TX-ID:  244
06-13 06:36:29.060  2982  3006 D LOWI-9.0.1.74: [LOWIEventReceiver] handleEvent:FROM:73fd882c00-LC, TO:LOWI-SERVER, REQ:LOWI_PERIODIC_RANGING_SCAN, IREQ:NA, REQ_ID:244, RESP:NA, INFO:NA
06-13 06:36:29.060  2982  3006 I LOWI-9.0.1.74: [LOWIUtils] inPostcardToRequest - FROM: 73fd882c00-LC, TO:   LOWI-SERVER, REQ:  LOWI_PERIODIC_RANGING_SCAN
06-13 06:36:29.060  2982  3006 D LOWI-9.0.1.74: [LOWIUtils] parseRangReqInfo - Request id(244) REQ_TIMEOUT(0) RANGING_SCAN_REPORT_TYPE(2), NUM_OF_NODES(6)
06-13 06:36:29.060  2982  3006 D LOWI-9.0.1.74: [LOWIUtils] parseRangScanParams - 62:d8:a4:**:**:f9 FREQ(5500 - 5530, 0) NODE_TYPE(1) RTT Type(1) BW(2) PREAMBLE(2) PKTS_PER_MEAS(2) RETRIES_PER_MEAS(3) PHYMODE(-1)
06-13 06:36:29.060  2982  3006 D LOWI-9.0.1.74: [LOWIUtils] parseRangScanParams - isRttBgNode 0 tbPeriodicity 0 tbDuration 0 tbMaxSessionExpiry 0
06-13 06:36:29.060  2982  3006 D LOWI-9.0.1.74: [LOWIUtils] parseRangScanParams -  PERIODIC(0) PERIOD(0) COUNT(0)
06-13 06:36:29.060  2982  3006 D LOWI-9.0.1.74: [LOWIUtils] parseRangScanParams - 60:d8:a4:**:**:9d FREQ(5500 - 5530, 0) NODE_TYPE(1) RTT Type(1) BW(2) PREAMBLE(2) PKTS_PER_MEAS(2) RETRIES_PER_MEAS(3) PHYMODE(-1)
06-13 06:36:29.060  2982  3006 D LOWI-9.0.1.74: [LOWIUtils] parseRangScanParams - isRttBgNode 0 tbPeriodicity 0 tbDuration 0 tbMaxSessionExpiry 0
06-13 06:36:29.060  2982  3006 D LOWI-9.0.1.74: [LOWIUtils] parseRangScanParams -  PERIODIC(0) PERIOD(0) COUNT(0)
06-13 06:36:29.060  2982  3006 D LOWI-9.0.1.74: [LOWIUtils] parseRangScanParams - f0:09:0d:**:**:01 FREQ(5220 - 5210, 5250) NODE_TYPE(1) RTT Type(1) BW(3) PREAMBLE(2) PKTS_PER_MEAS(2) RETRIES_PER_MEAS(3) PHYMODE(-1)
06-13 06:36:29.060  2982  3006 D LOWI-9.0.1.74: [LOWIUtils] parseRangScanParams - isRttBgNode 0 tbPeriodicity 0 tbDuration 0 tbMaxSessionExpiry 0
06-13 06:36:29.060  2982  3006 D LOWI-9.0.1.74: [LOWIUtils] parseRangScanParams -  PERIODIC(0) PERIOD(0) COUNT(0)
06-13 06:36:29.061  2982  3006 D LOWI-9.0.1.74: [LOWIUtils] parseRangScanParams - 40:4c:77:**:**:11 FREQ(5785 - 5775, 0) NODE_TYPE(1) RTT Type(1) BW(2) PREAMBLE(2) PKTS_PER_MEAS(2) RETRIES_PER_MEAS(3) PHYMODE(-1)
06-13 06:36:29.061  2982  3006 D LOWI-9.0.1.74: [LOWIUtils] parseRangScanParams - isRttBgNode 0 tbPeriodicity 0 tbDuration 0 tbMaxSessionExpiry 0
06-13 06:36:29.061  2982  3006 D LOWI-9.0.1.74: [LOWIUtils] parseRangScanParams -  PERIODIC(0) PERIOD(0) COUNT(0)
06-13 06:36:29.061  2982  3006 D LOWI-9.0.1.74: [LOWIUtils] parseRangScanParams - 4a:4c:77:**:**:11 FREQ(5785 - 5775, 0) NODE_TYPE(1) RTT Type(1) BW(2) PREAMBLE(2) PKTS_PER_MEAS(2) RETRIES_PER_MEAS(3) PHYMODE(-1)
06-13 06:36:29.061  2982  3006 D LOWI-9.0.1.74: [LOWIUtils] parseRangScanParams - isRttBgNode 0 tbPeriodicity 0 tbDuration 0 tbMaxSessionExpiry 0
06-13 06:36:29.061  2982  3006 D LOWI-9.0.1.74: [LOWIUtils] parseRangScanParams -  PERIODIC(0) PERIOD(0) COUNT(0)
06-13 06:36:29.061  2982  3006 D LOWI-9.0.1.74: [LOWIUtils] parseRangScanParams - 5a:4c:77:**:**:11 FREQ(5785 - 5775, 0) NODE_TYPE(1) RTT Type(1) BW(2) PREAMBLE(2) PKTS_PER_MEAS(2) RETRIES_PER_MEAS(3) PHYMODE(-1)
06-13 06:36:29.061  2982  3006 D LOWI-9.0.1.74: [LOWIUtils] parseRangScanParams - isRttBgNode 0 tbPeriodicity 0 tbDuration 0 tbMaxSessionExpiry 0
06-13 06:36:29.061  2982  3006 D LOWI-9.0.1.74: [LOWIUtils] parseRangScanParams -  PERIODIC(0) PERIOD(0) COUNT(0)
06-13 06:36:29.061  2982  3006 D LOWI-9.0.1.74: [LOWIController] _process: Request 73fd882c00-LC_244 received, type(PERIODIC_RANGING_SCAN)
06-13 06:36:29.061  2982  3006 D LOWI-9.0.1.74: [LOWIBackgroundScanMgr] isReqForBgScanMgr: PERIODIC_RANGING_SCAN - not handled
06-13 06:36:29.061  2982  3006 D LOWI-9.0.1.74: [LOWIScheduler] manageRequest: Received: PERIODIC_RANGING_SCAN
06-13 06:36:29.061  2982  3006 D LOWI-9.0.1.74: [LOWIScheduler] manageRequest: NumPeriodicNodesInDB(0) DBsize(6) mTimerRunning(0)
06-13 06:36:29.061  2982  3006 D LOWI-9.0.1.74: [LOWIScheduler] ****************************** WiFiNode Database *****************************************************************************************
06-13 06:36:29.061  2982  3006 D LOWI-9.0.1.74: [LOWIScheduler] Num of remaining nodes: 6
06-13 06:36:29.061  2982  3006 D LOWI-9.0.1.74: [LOWIScheduler] BSSID             Freq nodeT rttT  BW     pkts cont period       numMeas perCntr retries retCntr ReqId      schId      nodeState                  
06-13 06:36:29.061  2982  3006 D LOWI-9.0.1.74: [LOWIScheduler] 5a:4c:77:**:**:11 5785 AP    RTT2  BW_80  2    0    0            0       0       3       0       244        0          WIFI_NODE_READY_FOR_REQ    
06-13 06:36:29.061  2982  3006 D LOWI-9.0.1.74: [LOWIScheduler] 4a:4c:77:**:**:11 5785 AP    RTT2  BW_80  2    0    0            0       0       3       0       244        0          WIFI_NODE_READY_FOR_REQ    
06-13 06:36:29.061  2982  3006 D LOWI-9.0.1.74: [LOWIScheduler] 40:4c:77:**:**:11 5785 AP    RTT2  BW_80  2    0    0            0       0       3       0       244        0          WIFI_NODE_READY_FOR_REQ    
06-13 06:36:29.061  2982  3006 D LOWI-9.0.1.74: [LOWIScheduler] f0:09:0d:**:**:01 5220 AP    RTT2  BW_160 2    0    0            0       0       3       0       244        0          WIFI_NODE_READY_FOR_REQ    
06-13 06:36:29.061  2982  3006 D LOWI-9.0.1.74: [LOWIScheduler] 60:d8:a4:**:**:9d 5500 AP    RTT2  BW_80  2    0    0            0       0       3       0       244        0          WIFI_NODE_READY_FOR_REQ    
06-13 06:36:29.061  2982  3006 D LOWI-9.0.1.74: [LOWIScheduler] 62:d8:a4:**:**:f9 5500 AP    RTT2  BW_80  2    0    0            0       0       3       0       244        0          WIFI_NODE_READY_FOR_REQ    
06-13 06:36:29.061  2982  3006 D LOWI-9.0.1.74: [LOWIScheduler] ******************************************************************************************************************************************
06-13 06:36:29.061  2982  3006 D LOWI-9.0.1.74: [LOWIScheduler] setupRequest: nodes in wifi req(6) wigig req(0) bg_nodes req(0)
06-13 06:36:29.061  2982  3006 D LOWI-9.0.1.74: [LOWIScheduler] schReqId: 2982-243
06-13 06:36:29.061  2982  3006 D LOWI-9.0.1.74: [LOWIController] isWifiEnabled: mNlWifiStatus 2 mWifiStateEnabled 1
06-13 06:36:29.062  2982  3006 D LOWI-9.0.1.74: [LOWI-ROME-RTT] RomeUnblockRangingThread
06-13 06:36:29.062  2982  3006 D LOWI-9.0.1.74: [LOWIController] issueRequest: LOWIRequestOriginator_195428595 sent to driver request - SUCCESS
06-13 06:36:29.062  2982  3006 D LOWI-9.0.1.74: [LOWIScheduler] setupRequest: database updated
06-13 06:36:29.062  2982  3006 D LOWI-9.0.1.74: [LOWIScheduler] ****************************** WiFiNode Database *****************************************************************************************
06-13 06:36:29.062  2982  3006 D LOWI-9.0.1.74: [LOWIScheduler] Num of remaining nodes: 6
06-13 06:36:29.062  2982  3006 D LOWI-9.0.1.74: [LOWIScheduler] BSSID             Freq nodeT rttT  BW     pkts cont period       numMeas perCntr retries retCntr ReqId      schId      nodeState                  
06-13 06:36:29.062  2982  3006 D LOWI-9.0.1.74: [LOWIScheduler] 5a:4c:77:**:**:11 5785 AP    RTT2  BW_80  2    0    0            0       0       3       0       244        195428595  WIFI_NODE_MEAS_IN_PROGRESS 
06-13 06:36:29.062  2982  3006 D LOWI-9.0.1.74: [LOWIScheduler] 4a:4c:77:**:**:11 5785 AP    RTT2  BW_80  2    0    0            0       0       3       0       244        195428595  WIFI_NODE_MEAS_IN_PROGRESS 
06-13 06:36:29.062  2982  3006 D LOWI-9.0.1.74: [LOWIScheduler] 40:4c:77:**:**:11 5785 AP    RTT2  BW_80  2    0    0            0       0       3       0       244        195428595  WIFI_NODE_MEAS_IN_PROGRESS 
06-13 06:36:29.062  2982  3006 D LOWI-9.0.1.74: [LOWIScheduler] f0:09:0d:**:**:01 5220 AP    RTT2  BW_160 2    0    0            0       0       3       0       244        195428595  WIFI_NODE_MEAS_IN_PROGRESS 
06-13 06:36:29.062  2982  3006 D LOWI-9.0.1.74: [LOWIScheduler] 60:d8:a4:**:**:9d 5500 AP    RTT2  BW_80  2    0    0            0       0       3       0       244        195428595  WIFI_NODE_MEAS_IN_PROGRESS 
06-13 06:36:29.062  2982  3006 D LOWI-9.0.1.74: [LOWIScheduler] 62:d8:a4:**:**:f9 5500 AP    RTT2  BW_80  2    0    0            0       0       3       0       244        195428595  WIFI_NODE_MEAS_IN_PROGRESS 
06-13 06:36:29.062  2982  3006 D LOWI-9.0.1.74: [LOWIScheduler] ******************************************************************************************************************************************
06-13 06:36:29.062  2982  3006 D LOWI-9.0.1.74: [LOWIController] Scheduler is managing the msg
06-13 06:36:29.063  2982  4414 D LOWI-9.0.1.74: [LOWI-ROME-RTT] RomeWaitOnActivityOnSocketOrPipe: Ranging thread Received string: Close, request socket shutdown 
06-13 06:36:29.063  2982  4414 D LOWI-9.0.1.74: [LOWIRangingFSM] FSM: Received Event EVENT_RANGING_REQ, Current state: STATE_READY_AND_IDLE
06-13 06:36:29.063  2198  2198 I sensors-hal: set_config:60, sample_period_ns is adjusted to 200000000 based on min/max delay_ns
06-13 06:36:29.063  2982  4414 I LOWI-9.0.1.74: [LOWIRangingFSM] Skipping TMR check temporarily 
06-13 06:36:29.063  2198  2198 I sensors-hal: batch:363, android.sensor.pressure/61, period=200000000, max_latency=0 request completed
06-13 06:36:29.064  2982  4414 I LOWI-9.0.1.74: [LOWIRangingFSM] PrepareRangingRequest: AP: 5a:4c:77:**:**:11MHz: 5785 freq1: 5775 freq2: 0 BW: 2 phy mode: LOWI_PHY_MODE_11AC_VHT80    Overwrite chanInfo from cache
06-13 06:36:29.064  2982  4414 D LOWI-9.0.1.74: [LOWIRangingHeliumFSM] validChannelBWPreambleCombo: Valid combo: BW(BW_80MHZ) channel(5785:5775) phy mode(LOWI_PHY_MODE_11AC_VHT80) & preamble(RTT_PREAMBLE_VHT) for AP:5a:4c:77:**:**:11
06-13 06:36:29.064 18470 18602 D SensorManager: unregisterListener
06-13 06:36:29.064  2982  4414 I LOWI-9.0.1.74: [LOWIRangingFSM] Skipping TMR check temporarily 
06-13 06:36:29.064  2982  4414 I LOWI-9.0.1.74: [LOWIRangingFSM] PrepareRangingRequest: AP: 4a:4c:77:**:**:11MHz: 5785 freq1: 5775 freq2: 0 BW: 2 phy mode: LOWI_PHY_MODE_11AC_VHT80    Overwrite chanInfo from cache
06-13 06:36:29.065  2982  4414 D LOWI-9.0.1.74: [LOWIRangingHeliumFSM] validChannelBWPreambleCombo: Valid combo: BW(BW_80MHZ) channel(5785:5775) phy mode(LOWI_PHY_MODE_11AC_VHT80) & preamble(RTT_PREAMBLE_VHT) for AP:4a:4c:77:**:**:11
06-13 06:36:29.065  2982  4414 I LOWI-9.0.1.74: [LOWIRangingFSM] Skipping TMR check temporarily 
06-13 06:36:29.065  2982  4414 I LOWI-9.0.1.74: [LOWIRangingFSM] PrepareRangingRequest: AP: 40:4c:77:**:**:11MHz: 5785 freq1: 5775 freq2: 0 BW: 2 phy mode: LOWI_PHY_MODE_11AC_VHT80    Overwrite chanInfo from cache
06-13 06:36:29.065  2982  4414 D LOWI-9.0.1.74: [LOWIRangingHeliumFSM] validChannelBWPreambleCombo: Valid combo: BW(BW_80MHZ) channel(5785:5775) phy mode(LOWI_PHY_MODE_11AC_VHT80) & preamble(RTT_PREAMBLE_VHT) for AP:40:4c:77:**:**:11
06-13 06:36:29.065  2982  4414 I LOWI-9.0.1.74: [LOWIRangingFSM] Skipping TMR check temporarily 
06-13 06:36:29.065  2982  4414 I LOWI-9.0.1.74: [LOWIRangingFSM] PrepareRangingRequest: AP: f0:09:0d:**:**:01MHz: 5220 freq1: 5210 freq2: 5250 BW: 3 phy mode: LOWI_PHY_MODE_11AX_HE160    Overwrite chanInfo from cache
06-13 06:36:29.065  2982  4414 D LOWI-9.0.1.74: [LOWIRangingHeliumFSM] validChannelBWPreambleCombo: Valid combo: BW(BW_160MHZ) channel(5220:5210) phy mode(LOWI_PHY_MODE_11AX_HE160) & preamble(RTT_PREAMBLE_VHT) for AP:f0:09:0d:**:**:01
06-13 06:36:29.066  2982  4414 I LOWI-9.0.1.74: [LOWIRangingFSM] Skipping TMR check temporarily 
06-13 06:36:29.066  2982  4414 I LOWI-9.0.1.74: [LOWIRangingFSM] PrepareRangingRequest: AP: 60:d8:a4:**:**:9dMHz: 5500 freq1: 5530 freq2: 0 BW: 2 phy mode: LOWI_PHY_MODE_11AC_VHT80    Overwrite chanInfo from cache
06-13 06:36:29.066  2982  4414 D LOWI-9.0.1.74: [LOWIRangingHeliumFSM] validChannelBWPreambleCombo: Valid combo: BW(BW_80MHZ) channel(5500:5530) phy mode(LOWI_PHY_MODE_11AC_VHT80) & preamble(RTT_PREAMBLE_VHT) for AP:60:d8:a4:**:**:9d
06-13 06:36:29.066  2982  4414 I LOWI-9.0.1.74: [LOWIRangingFSM] Skipping TMR check temporarily 
06-13 06:36:29.066  2982  4414 I LOWI-9.0.1.74: [LOWIRangingFSM] PrepareRangingRequest: AP: 62:d8:a4:**:**:f9MHz: 5500 freq1: 5530 freq2: 0 BW: 2 phy mode: LOWI_PHY_MODE_11AC_VHT80    Overwrite chanInfo from cache
06-13 06:36:29.066  2982  4414 D LOWI-9.0.1.74: [LOWIRangingHeliumFSM] validChannelBWPreambleCombo: Valid combo: BW(BW_80MHZ) channel(5500:5530) phy mode(LOWI_PHY_MODE_11AC_VHT80) & preamble(RTT_PREAMBLE_VHT) for AP:62:d8:a4:**:**:f9
06-13 06:36:29.066  2982  4414 D LOWI-9.0.1.74: [LOWIRangingFSM] SendRangingReq: curChIndex: 0, totChs: 3, curAp: 0, totAp: 3
06-13 06:36:29.067  2982  4414 I LOWI-9.0.1.74: [LOWIRangingFSM] SendRangingReq: Starting RTT with 3 APs over 3 channels
06-13 06:36:29.067  2982  4414 D LOWI-9.0.1.74: [LOWIUtils] freqToChBandBit: frequency 5785 channel 157 Band 1
06-13 06:36:29.067  2982  4414 D LOWI-9.0.1.74: [LOWIUtils] freqToChBandBit: frequency 5785 channel 157 Band 1
06-13 06:36:29.067  2982  4414 D LOWI-9.0.1.74: [LOWI-HELIUM-RTT] RomeSendRttReq: PHY Mode(LOWI_PHY_MODE_11AC_VHT80) timeoutPerTarget(50) reportType(RTT_REPORT_AGGREGATE)
06-13 06:36:29.068  2200  4411 I WifiHAL : send_nl_data: sent cld80211 msg of len: 268 to driver
06-13 06:36:29.068  2982  4414 D LOWI-9.0.1.74: [LOWI-ROME-RTT] send_oem_nl_msg: sent cld80211 message with subcmd: 5
06-13 06:36:29.068  2982  4414 D LOWI-9.0.1.74: [LOWIRangingFSM] FSM: New FSM state: STATE_PROCESSING_RANGING_REQ
06-13 06:36:29.068  2982  4414 D LOWI-9.0.1.74: [LOWI-ROME-RTT] RomeWaitOnActivityOnSocketOrPipe: issue timed select: TO: 5 
06-13 06:36:29.113  2200  4411 I WifiHAL : send oem msg of len : 644 to apps
06-13 06:36:29.114  2982  4414 D LOWI-9.0.1.74: [LOWI-ROME-RTT] RomeWaitOnActivityOnSocketOrPipe: timed select over: TO: 5 retVal: 1
06-13 06:36:29.114  2982  4414 D LOWI-9.0.1.74: [LOWI-ROME-RTT] event_handler: Valid data with length 612
06-13 06:36:29.114  2982  4414 D LOWI-9.0.1.74: [LOWI-HELIUM-RTT] storeNLFragment: new fragment group, tokenid(2), adding 604 chars @position 0
06-13 06:36:29.114  2982  4414 D LOWI-9.0.1.74: [LOWI-HELIUM-RTT] RomeNLRecvMessage: The Received OEMSubType: RTT_MSG_SUBTYPE_MEASUREMENT_RSP
06-13 06:36:29.114  2982  4414 D LOWI-9.0.1.74: [LOWI-HELIUM-RTT] RomeNLRecvMessage: The Received RomeMsgType: ROME_RANGING_MEAS_MSG
06-13 06:36:29.114  2982  4414 D LOWI-9.0.1.74: [LOWIRangingFSM] FSM: Received Event EVENT_RANGING_MEAS_RECV, Current state: STATE_PROCESSING_RANGING_REQ
06-13 06:36:29.114  2982  4414 D LOWI-9.0.1.74: [LOWIWifiTlvHandler] processRspHeadTlv: reqId(755) measDone(1) rttStatus(RTT_STATUS_SUCCESS) subtype(RTT_MSG_SUBTYPE_MEASUREMENT_RSP) isFrag(0) fragIdx(0) fragLen(580) tknId(10)
06-13 06:36:29.115  2982  4414 D LOWI-9.0.1.74: [LOWIWifiTlvHandler] checkTlvTag: Processing idx(0) received TLV: wmi_rtt_oem_rsp_head
06-13 06:36:29.115  2982  4414 D LOWI-9.0.1.74: [LOWIWifiTlvHandler] processIfPeerEvtHdrTag: Invalid Tag(33), not added to vector mPeerIdx(0)
06-13 06:36:29.115  2982  4414 D LOWI-9.0.1.74: [LOWIWifiTlvHandler] processIfPerFrmInfoTag: Invalid Tag(33) measurement not added for peer(0)
06-13 06:36:29.115  2982  4414 D LOWI-9.0.1.74: [LOWIWifiTlvHandler] checkTlvTag: Processing idx(1) received TLV: wmi_rtt_oem_measrsp_head
06-13 06:36:29.115  2982  4414 D LOWI-9.0.1.74: [LOWIWifiTlvHandler] processIfPeerEvtHdrTag: Invalid Tag(41), not added to vector mPeerIdx(0)
06-13 06:36:29.115  2982  4414 D LOWI-9.0.1.74: [LOWIWifiTlvHandler] processIfPerFrmInfoTag: Invalid Tag(41) measurement not added for peer(0)
06-13 06:36:29.115  2982  4414 D LOWI-9.0.1.74: [LOWIWifiTlvHandler] checkTlvTag: Processing idx(2) received TLV: loop_start
06-13 06:36:29.115  2982  4414 D LOWI-9.0.1.74: [LOWIWifiTlvHandler] processIfPeerEvtHdrTag: Invalid Tag(16), not added to vector mPeerIdx(0)
06-13 06:36:29.115  2982  4414 D LOWI-9.0.1.74: [LOWIWifiTlvHandler] processIfPerFrmInfoTag: Invalid Tag(16) measurement not added for peer(0)
06-13 06:36:29.115  2982  4414 D LOWI-9.0.1.74: [LOWIWifiTlvHandler] checkTlvTag: Processing idx(3) received TLV: wmi_rtt_oem_per_peer_event_hdr
06-13 06:36:29.115  2982  4414 D LOWI-9.0.1.74: [LOWIWifiTlvHandler] processIfPerFrmInfoTag: Invalid Tag(42) measurement not added for peer(0)
06-13 06:36:29.115  2982  4414 D LOWI-9.0.1.74: [LOWIWifiTlvHandler] checkTlvTag: Processing idx(4) received TLV: WMIRTT_TLV_TAG_ARRAY_UINT8
06-13 06:36:29.115  2982  4414 D LOWI-9.0.1.74: [LOWIWifiTlvHandler] processIfPeerEvtHdrTag: Invalid Tag(18), not added to vector mPeerIdx(0)
06-13 06:36:29.115  2982  4414 D LOWI-9.0.1.74: [LOWIWifiTlvHandler] processIfPerFrmInfoTag: Invalid Tag(18) measurement not added for peer(0)
06-13 06:36:29.115  2982  4414 D LOWI-9.0.1.74: [LOWIWifiTlvHandler] checkTlvTag: Processing idx(5) received TLV: loop_start
06-13 06:36:29.115  2982  4414 D LOWI-9.0.1.74: [LOWIWifiTlvHandler] processIfPeerEvtHdrTag: Invalid Tag(16), not added to vector mPeerIdx(0)
06-13 06:36:29.116  2982  4414 D LOWI-9.0.1.74: [LOWIWifiTlvHandler] processIfPerFrmInfoTag: Invalid Tag(16) measurement not added for peer(0)
06-13 06:36:29.116  2982  4414 D LOWI-9.0.1.74: [LOWIWifiTlvHandler] checkTlvTag: Processing idx(6) received TLV: wmi_rtt_oem_per_frame_info
06-13 06:36:29.116  2982  4414 D LOWI-9.0.1.74: [LOWIWifiTlvHandler] processIfPeerEvtHdrTag: Invalid Tag(43), not added to vector mPeerIdx(0)
06-13 06:36:29.116  2982  4414 D LOWI-9.0.1.74: [LOWIWifiTlvHandler] checkTlvTag: Processing idx(7) received unexpected but valid TLV(loop_end), going to idx(6)
06-13 06:36:29.116  2982  4414 D LOWI-9.0.1.74: [LOWIWifiTlvHandler] checkTlvTag: Processing idx(6) received TLV: wmi_rtt_oem_per_frame_info
06-13 06:36:29.116  2982  4414 D LOWI-9.0.1.74: [LOWIWifiTlvHandler] processIfPeerEvtHdrTag: Invalid Tag(43), not added to vector mPeerIdx(0)
06-13 06:36:29.116  2982  4414 D LOWI-9.0.1.74: [LOWIWifiTlvHandler] checkTlvTag: Processing idx(7) received TLV: loop_end
06-13 06:36:29.116  2982  4414 D LOWI-9.0.1.74: [LOWIWifiTlvHandler] processIfPeerEvtHdrTag: Invalid Tag(17), not added to vector mPeerIdx(0)
06-13 06:36:29.116  2982  4414 D LOWI-9.0.1.74: [LOWIWifiTlvHandler] processIfPerFrmInfoTag: Invalid Tag(17) measurement not added for peer(0)
06-13 06:36:29.116  2982  4414 D LOWI-9.0.1.74: [LOWIWifiTlvHandler] checkTlvTag: Processing idx(8) received unexpected but valid TLV(loop_end), going to idx(3)
06-13 06:36:29.117  2982  4414 D LOWI-9.0.1.74: [LOWIWifiTlvHandler] checkTlvTag: Processing idx(3) received TLV: wmi_rtt_oem_per_peer_event_hdr
06-13 06:36:29.117  2982  4414 D LOWI-9.0.1.74: [LOWIWifiTlvHandler] processIfPerFrmInfoTag: Invalid Tag(42) measurement not added for peer(1)
06-13 06:36:29.117  2982  4414 D LOWI-9.0.1.74: [LOWIWifiTlvHandler] checkTlvTag: Processing idx(4) received TLV: WMIRTT_TLV_TAG_ARRAY_UINT8
06-13 06:36:29.117  2982  4414 D LOWI-9.0.1.74: [LOWIWifiTlvHandler] processIfPeerEvtHdrTag: Invalid Tag(18), not added to vector mPeerIdx(1)
06-13 06:36:29.117  2982  4414 D LOWI-9.0.1.74: [LOWIWifiTlvHandler] processIfPerFrmInfoTag: Invalid Tag(18) measurement not added for peer(1)
06-13 06:36:29.117  2982  4414 D LOWI-9.0.1.74: [LOWIWifiTlvHandler] checkTlvTag: Processing idx(5) received TLV: loop_start
06-13 06:36:29.117  2982  4414 D LOWI-9.0.1.74: [LOWIWifiTlvHandler] processIfPeerEvtHdrTag: Invalid Tag(16), not added to vector mPeerIdx(1)
06-13 06:36:29.117  2982  4414 D LOWI-9.0.1.74: [LOWIWifiTlvHandler] processIfPerFrmInfoTag: Invalid Tag(16) measurement not added for peer(1)
06-13 06:36:29.117  2982  4414 D LOWI-9.0.1.74: [LOWIWifiTlvHandler] checkTlvTag: Processing idx(6) received TLV: wmi_rtt_oem_per_frame_info
06-13 06:36:29.117  2982  4414 D LOWI-9.0.1.74: [LOWIWifiTlvHandler] processIfPeerEvtHdrTag: Invalid Tag(43), not added to vector mPeerIdx(1)
06-13 06:36:29.117  2982  4414 D LOWI-9.0.1.74: [LOWIWifiTlvHandler] checkTlvTag: Processing idx(7) received unexpected but valid TLV(loop_end), going to idx(6)
06-13 06:36:29.117  2982  4414 D LOWI-9.0.1.74: [LOWIWifiTlvHandler] checkTlvTag: Processing idx(6) received TLV: wmi_rtt_oem_per_frame_info
06-13 06:36:29.117  2982  4414 D LOWI-9.0.1.74: [LOWIWifiTlvHandler] processIfPeerEvtHdrTag: Invalid Tag(43), not added to vector mPeerIdx(1)
06-13 06:36:29.117  2982  4414 D LOWI-9.0.1.74: [LOWIWifiTlvHandler] checkTlvTag: Processing idx(7) received TLV: loop_end
06-13 06:36:29.117  2982  4414 D LOWI-9.0.1.74: [LOWIWifiTlvHandler] processIfPeerEvtHdrTag: Invalid Tag(17), not added to vector mPeerIdx(1)
06-13 06:36:29.117  2982  4414 D LOWI-9.0.1.74: [LOWIWifiTlvHandler] processIfPerFrmInfoTag: Invalid Tag(17) measurement not added for peer(1)
06-13 06:36:29.117  2982  4414 D LOWI-9.0.1.74: [LOWIWifiTlvHandler] checkTlvTag: Processing idx(8) received unexpected but valid TLV(loop_end), going to idx(3)
06-13 06:36:29.117  2982  4414 D LOWI-9.0.1.74: [LOWIWifiTlvHandler] checkTlvTag: Processing idx(3) received TLV: wmi_rtt_oem_per_peer_event_hdr
06-13 06:36:29.117  2982  4414 D LOWI-9.0.1.74: [LOWIWifiTlvHandler] processIfPerFrmInfoTag: Invalid Tag(42) measurement not added for peer(2)
06-13 06:36:29.117  2982  4414 D LOWI-9.0.1.74: [LOWIWifiTlvHandler] checkTlvTag: Processing idx(4) received TLV: WMIRTT_TLV_TAG_ARRAY_UINT8
06-13 06:36:29.117  2982  4414 D LOWI-9.0.1.74: [LOWIWifiTlvHandler] processIfPeerEvtHdrTag: Invalid Tag(18), not added to vector mPeerIdx(2)
06-13 06:36:29.117  2982  4414 D LOWI-9.0.1.74: [LOWIWifiTlvHandler] processIfPerFrmInfoTag: Invalid Tag(18) measurement not added for peer(2)
06-13 06:36:29.117  2982  4414 D LOWI-9.0.1.74: [LOWIWifiTlvHandler] checkTlvTag: Processing idx(5) received TLV: loop_start
06-13 06:36:29.117  2982  4414 D LOWI-9.0.1.74: [LOWIWifiTlvHandler] processIfPeerEvtHdrTag: Invalid Tag(16), not added to vector mPeerIdx(2)
06-13 06:36:29.117  2982  4414 D LOWI-9.0.1.74: [LOWIWifiTlvHandler] processIfPerFrmInfoTag: Invalid Tag(16) measurement not added for peer(2)
06-13 06:36:29.117  2982  4414 D LOWI-9.0.1.74: [LOWIWifiTlvHandler] checkTlvTag: Processing idx(6) received TLV: wmi_rtt_oem_per_frame_info
06-13 06:36:29.117  2982  4414 D LOWI-9.0.1.74: [LOWIWifiTlvHandler] processIfPeerEvtHdrTag: Invalid Tag(43), not added to vector mPeerIdx(2)
06-13 06:36:29.117  2982  4414 D LOWI-9.0.1.74: [LOWIWifiTlvHandler] checkTlvTag: Processing idx(7) received unexpected but valid TLV(loop_end), going to idx(6)
06-13 06:36:29.117  2982  4414 D LOWI-9.0.1.74: [LOWIWifiTlvHandler] checkTlvTag: Processing idx(6) received TLV: wmi_rtt_oem_per_frame_info
06-13 06:36:29.117  2982  4414 D LOWI-9.0.1.74: [LOWIWifiTlvHandler] processIfPeerEvtHdrTag: Invalid Tag(43), not added to vector mPeerIdx(2)
06-13 06:36:29.117  2982  4414 D LOWI-9.0.1.74: [LOWIWifiTlvHandler] checkTlvTag: Processing idx(7) received TLV: loop_end
06-13 06:36:29.117  2982  4414 D LOWI-9.0.1.74: [LOWIWifiTlvHandler] processIfPeerEvtHdrTag: Invalid Tag(17), not added to vector mPeerIdx(2)
06-13 06:36:29.117  2982  4414 D LOWI-9.0.1.74: [LOWIWifiTlvHandler] processIfPerFrmInfoTag: Invalid Tag(17) measurement not added for peer(2)
06-13 06:36:29.117  2982  4414 D LOWI-9.0.1.74: [LOWIWifiTlvHandler] checkTlvTag: Processing idx(8) received TLV: loop_end
06-13 06:36:29.117  2982  4414 D LOWI-9.0.1.74: [LOWIWifiTlvHandler] processIfLoopEndTag: mPeerLs(0)...peer list ends
06-13 06:36:29.117  2982  4414 D LOWI-9.0.1.74: [LOWIWifiTlvHandler] processIfPeerEvtHdrTag: Invalid Tag(17), not added to vector mPeerIdx(2)
06-13 06:36:29.117  2982  4414 D LOWI-9.0.1.74: [LOWIWifiTlvHandler] processIfPerFrmInfoTag: Invalid Tag(17) measurement not added for peer(2)
06-13 06:36:29.117  2982  4414 D LOWI-9.0.1.74: [LOWIWifiTlvHandler] printBssidInfo: Peer 0 of 3,  numMeas = 2
06-13 06:36:29.117  2982  4414 D LOWI-9.0.1.74: [LOWIWifiTlvHandler] printBssidInfo: Peer 1 of 3,  numMeas = 2
06-13 06:36:29.117  2982  4414 D LOWI-9.0.1.74: [LOWIWifiTlvHandler] printBssidInfo: Peer 2 of 3,  numMeas = 2
06-13 06:36:29.117  2982  4414 D LOWI-9.0.1.74: [LOWI-HELIUM-RTT] printMeasRspHeadInfo: info(0x300002) channel_info(0x1699) rprtType(2) rttMeasType(0) rprtStatusV3(0) tmStart(0) numAPs(3) destMac(00:00:00:**:**:00) channelInfo(5785)
06-13 06:36:29.117  2982  4414 D LOWI-9.0.1.74: [LOWI-HELIUM-RTT] printPerPeerInfo: peerMac(5a:4c:77:**:**:11) burstIdx(0) numIEs(0) numMeasThisAP(2)rttMeasType(1) isQtiPeer(0) tmrSubType(0) isLastRespForPeer (0) securityMode(0) numFrmAttempted(2) actualBurstDur(7) actualNumFrmPerBur(2) actualBurstExp(0) retryAfterDur(0) measStartTSF(716187657) control(0x102) result_info_1(0x70002)result_info_2(0x2) result_info_3(0x0) measStartTSF_field(0x2ab02809)
06-13 06:36:29.117  2982  4414 D LOWI-9.0.1.74: [LOWI-HELIUM-RTT] printPerPeerInfo: 11az params: i2r_lmr_feedback:0 ranging_priority:0 r2i_toa_type:0 i2r_toa_type:0 format_and_bw:0 imdt_r2i_feedback:0 imdt_i2r_feedback:0 max_i2r_repetition:0 max_r2i_repetition:0 device_class:0 full_bw_ul_mumimo:0 max_r2i_sts_le_80mhz:0 max_r2i_sts_gr_80mhz:0 max_r2i_ltf_total:0 max_i2r_sts_le_80mhz:0 max_i2r_sts_gr_80mhz:0 max_i2r_ltf_total:0 min_time_between_measurements:0 tb_max_session_expiry 0
06-13 06:36:29.117  2982  4414 D LOWI-9.0.1.74: [LOWI-P2P-RTT] p2pIsStored: Bad inputs
06-13 06:36:29.117  2982  4414 D LOWI-9.0.1.74: [LOWI-HELIUM-RTT] printPerFrameInfo: tx_rate_info1(0x10003) tx_rate_info2(0x41) rx_rate_info1(0x30000) rx_rate_info2(0x41) max_tod_toa_error(0x0)
06-13 06:36:29.117  2982  4414 D LOWI-9.0.1.74: [LOWI-HELIUM-RTT] printPerFrameInfo: rssi(1684300900) T1.time32(0x0) T1.time0(0x0) T2.time32(0x0) T2.time0(0x0) T3_del(0x0) T4_del(0x6373053) txPreamble(0x3) txBw(0x0) txRateMcsIdx(0x0)txSTS(0x0) txNREP(0x0) txBitRate(0x41) rxPreamble(0x0) rxBw(0x0) invalidFACBit(0x0) rxRateMcsIdx(0x0) rxBitRate(0x41) chainMask(0x3) maxTodError(0x0)maxToaError(0x0) useTxChainNo(0x1) useRxChainNo(0x0) rxSTS(0x0) rxNREP(0x0) r2iNDPIntegrityCheck(0x0)
06-13 06:36:29.117  2982  4414 D LOWI-9.0.1.74: [LOWI-HELIUM-RTT] processPerFrameInfo: RTT V2 Performed - Raw RSSI(0x0), toa - tod = 0x6373053(pre-offset), RTT(104280147 psecs), RSSI(0) 
06-13 06:36:29.117  2982  4414 D LOWI-9.0.1.74: [LOWI-HELIUM-RTT] printPerFrameInfo: tx_rate_info1(0x10003) tx_rate_info2(0x41) rx_rate_info1(0x30000) rx_rate_info2(0x41) max_tod_toa_error(0x0)
06-13 06:36:29.117  2982  4414 D LOWI-9.0.1.74: [LOWI-HELIUM-RTT] printPerFrameInfo: rssi(1684300900) T1.time32(0x0) T1.time0(0x0) T2.time32(0x0) T2.time0(0x0) T3_del(0x0) T4_del(0x639ee3a) txPreamble(0x3) txBw(0x0) txRateMcsIdx(0x0)txSTS(0x0) txNREP(0x0) txBitRate(0x41) rxPreamble(0x0) rxBw(0x0) invalidFACBit(0x0) rxRateMcsIdx(0x0) rxBitRate(0x41) chainMask(0x3) maxTodError(0x0)maxToaError(0x0) useTxChainNo(0x1) useRxChainNo(0x0) rxSTS(0x0) rxNREP(0x0) r2iNDPIntegrityCheck(0x0)
06-13 06:36:29.117  2982  4414 D LOWI-9.0.1.74: [LOWI-HELIUM-RTT] processPerFrameInfo: RTT V2 Performed - Raw RSSI(0x0), toa - tod = 0x639ee3a(pre-offset), RTT(104459834 psecs), RSSI(0) 
06-13 06:36:29.117  2982  4414 D LOWI-9.0.1.74: [LOWI-HELIUM-RTT] printPerPeerInfo: peerMac(4a:4c:77:**:**:11) burstIdx(0) numIEs(0) numMeasThisAP(2)rttMeasType(1) isQtiPeer(0) tmrSubType(0) isLastRespForPeer (0) securityMode(0) numFrmAttempted(2) actualBurstDur(6) actualNumFrmPerBur(2) actualBurstExp(0) retryAfterDur(0) measStartTSF(716187657) control(0x102) result_info_1(0x60002)result_info_2(0x2) result_info_3(0x0) measStartTSF_field(0x2ab02809)
06-13 06:36:29.117  2982  4414 D LOWI-9.0.1.74: [LOWI-HELIUM-RTT] printPerPeerInfo: 11az params: i2r_lmr_feedback:0 ranging_priority:0 r2i_toa_type:0 i2r_toa_type:0 format_and_bw:0 imdt_r2i_feedback:0 imdt_i2r_feedback:0 max_i2r_repetition:0 max_r2i_repetition:0 device_class:0 full_bw_ul_mumimo:0 max_r2i_sts_le_80mhz:0 max_r2i_sts_gr_80mhz:0 max_r2i_ltf_total:0 max_i2r_sts_le_80mhz:0 max_i2r_sts_gr_80mhz:0 max_i2r_ltf_total:0 min_time_between_measurements:0 tb_max_session_expiry 0
06-13 06:36:29.117  2982  4414 D LOWI-9.0.1.74: [LOWI-P2P-RTT] p2pIsStored: Bad inputs
06-13 06:36:29.117  2982  4414 D LOWI-9.0.1.74: [LOWI-HELIUM-RTT] printPerFrameInfo: tx_rate_info1(0x10003) tx_rate_info2(0x41) rx_rate_info1(0x30000) rx_rate_info2(0x41) max_tod_toa_error(0x0)
06-13 06:36:29.117  2982  4414 D LOWI-9.0.1.74: [LOWI-HELIUM-RTT] printPerFrameInfo: rssi(1684300900) T1.time32(0x0) T1.time0(0x0) T2.time32(0x0) T2.time0(0x0) T3_del(0x0) T4_del(0x6367010) txPreamble(0x3) txBw(0x0) txRateMcsIdx(0x0)txSTS(0x0) txNREP(0x0) txBitRate(0x41) rxPreamble(0x0) rxBw(0x0) invalidFACBit(0x0) rxRateMcsIdx(0x0) rxBitRate(0x41) chainMask(0x3) maxTodError(0x0)maxToaError(0x0) useTxChainNo(0x1) useRxChainNo(0x0) rxSTS(0x0) rxNREP(0x0) r2iNDPIntegrityCheck(0x0)
06-13 06:36:29.117  2982  4414 D LOWI-9.0.1.74: [LOWI-HELIUM-RTT] processPerFrameInfo: RTT V2 Performed - Raw RSSI(0x0), toa - tod = 0x6367010(pre-offset), RTT(104230928 psecs), RSSI(0) 
06-13 06:36:29.118  2982  4414 D LOWI-9.0.1.74: [LOWI-HELIUM-RTT] printPerFrameInfo: tx_rate_info1(0x10003) tx_rate_info2(0x41) rx_rate_info1(0x30000) rx_rate_info2(0x41) max_tod_toa_error(0x0)
06-13 06:36:29.118  2982  4414 D LOWI-9.0.1.74: [LOWI-HELIUM-RTT] printPerFrameInfo: rssi(1684300900) T1.time32(0x0) T1.time0(0x0) T2.time32(0x0) T2.time0(0x0) T3_del(0x0) T4_del(0x6373f94) txPreamble(0x3) txBw(0x0) txRateMcsIdx(0x0)txSTS(0x0) txNREP(0x0) txBitRate(0x41) rxPreamble(0x0) rxBw(0x0) invalidFACBit(0x0) rxRateMcsIdx(0x0) rxBitRate(0x41) chainMask(0x3) maxTodError(0x0)maxToaError(0x0) useTxChainNo(0x1) useRxChainNo(0x0) rxSTS(0x0) rxNREP(0x0) r2iNDPIntegrityCheck(0x0)
06-13 06:36:29.118  2982  4414 D LOWI-9.0.1.74: [LOWI-HELIUM-RTT] processPerFrameInfo: RTT V2 Performed - Raw RSSI(0x0), toa - tod = 0x6373f94(pre-offset), RTT(104284052 psecs), RSSI(0) 
06-13 06:36:29.118  2982  4414 D LOWI-9.0.1.74: [LOWI-HELIUM-RTT] printPerPeerInfo: peerMac(40:4c:77:**:**:11) burstIdx(0) numIEs(0) numMeasThisAP(2)rttMeasType(1) isQtiPeer(0) tmrSubType(0) isLastRespForPeer (0) securityMode(0) numFrmAttempted(2) actualBurstDur(7) actualNumFrmPerBur(2) actualBurstExp(0) retryAfterDur(0) measStartTSF(716187657) control(0x102) result_info_1(0x70002)result_info_2(0x2) result_info_3(0x0) measStartTSF_field(0x2ab02809)
06-13 06:36:29.118  2982  4414 D LOWI-9.0.1.74: [LOWI-HELIUM-RTT] printPerPeerInfo: 11az params: i2r_lmr_feedback:0 ranging_priority:0 r2i_toa_type:0 i2r_toa_type:0 format_and_bw:0 imdt_r2i_feedback:0 imdt_i2r_feedback:0 max_i2r_repetition:0 max_r2i_repetition:0 device_class:0 full_bw_ul_mumimo:0 max_r2i_sts_le_80mhz:0 max_r2i_sts_gr_80mhz:0 max_r2i_ltf_total:0 max_i2r_sts_le_80mhz:0 max_i2r_sts_gr_80mhz:0 max_i2r_ltf_total:0 min_time_between_measurements:0 tb_max_session_expiry 0
06-13 06:36:29.118  2982  4414 D LOWI-9.0.1.74: [LOWI-P2P-RTT] p2pIsStored: Bad inputs
06-13 06:36:29.118  2982  4414 D LOWI-9.0.1.74: [LOWI-HELIUM-RTT] printPerFrameInfo: tx_rate_info1(0x10003) tx_rate_info2(0x41) rx_rate_info1(0x30000) rx_rate_info2(0x41) max_tod_toa_error(0x0)
06-13 06:36:29.118  2982  4414 D LOWI-9.0.1.74: [LOWI-HELIUM-RTT] printPerFrameInfo: rssi(1684300900) T1.time32(0x0) T1.time0(0x0) T2.time32(0x0) T2.time0(0x0) T3_del(0x0) T4_del(0x637b9a6) txPreamble(0x3) txBw(0x0) txRateMcsIdx(0x0)txSTS(0x0) txNREP(0x0) txBitRate(0x41) rxPreamble(0x0) rxBw(0x0) invalidFACBit(0x0) rxRateMcsIdx(0x0) rxBitRate(0x41) chainMask(0x3) maxTodError(0x0)maxToaError(0x0) useTxChainNo(0x1) useRxChainNo(0x0) rxSTS(0x0) rxNREP(0x0) r2iNDPIntegrityCheck(0x0)
06-13 06:36:29.118  2982  4414 D LOWI-9.0.1.74: [LOWI-HELIUM-RTT] processPerFrameInfo: RTT V2 Performed - Raw RSSI(0x0), toa - tod = 0x637b9a6(pre-offset), RTT(104315302 psecs), RSSI(0) 
06-13 06:36:29.118  2982  4414 D LOWI-9.0.1.74: [LOWI-HELIUM-RTT] printPerFrameInfo: tx_rate_info1(0x10003) tx_rate_info2(0x41) rx_rate_info1(0x30000) rx_rate_info2(0x41) max_tod_toa_error(0x0)
06-13 06:36:29.118  2982  4414 D LOWI-9.0.1.74: [LOWI-HELIUM-RTT] printPerFrameInfo: rssi(1684300900) T1.time32(0x0) T1.time0(0x0) T2.time32(0x0) T2.time0(0x0) T3_del(0x0) T4_del(0x6371af6) txPreamble(0x3) txBw(0x0) txRateMcsIdx(0x0)txSTS(0x0) txNREP(0x0) txBitRate(0x41) rxPreamble(0x0) rxBw(0x0) invalidFACBit(0x0) rxRateMcsIdx(0x0) rxBitRate(0x41) chainMask(0x3) maxTodError(0x0)maxToaError(0x0) useTxChainNo(0x1) useRxChainNo(0x0) rxSTS(0x0) rxNREP(0x0) r2iNDPIntegrityCheck(0x0)
06-13 06:36:29.118  2982  4414 D LOWI-9.0.1.74: [LOWI-HELIUM-RTT] processPerFrameInfo: RTT V2 Performed - Raw RSSI(0x0), toa - tod = 0x6371af6(pre-offset), RTT(104274678 psecs), RSSI(0) 
06-13 06:36:29.118  2982  4414 I LOWI-9.0.1.74: [LOWIRangingHeliumFSM] SendReqToFwOrRespToUser: All ranging measurements completed.Send response to client
06-13 06:36:29.118  2982  4414 D LOWI-9.0.1.74: [LOWIRangingFSM] SendRangingReq: curChIndex: 1, totChs: 3, curAp: 0, totAp: 1
06-13 06:36:29.118  2982  4414 D LOWI-9.0.1.74: [LOWIUtils] freqToChBandBit: frequency 5220 channel 44 Band 1
06-13 06:36:29.118  2982  4414 D LOWI-9.0.1.74: [LOWIUtils] freqToChBandBit: frequency 5220 channel 44 Band 1
06-13 06:36:29.118  2982  4414 D LOWI-9.0.1.74: [LOWI-HELIUM-RTT] RomeSendRttReq: PHY Mode(LOWI_PHY_MODE_11AX_HE160) timeoutPerTarget(50) reportType(RTT_REPORT_AGGREGATE)
06-13 06:36:29.118  2200  4411 I WifiHAL : send_nl_data: sent cld80211 msg of len: 164 to driver
06-13 06:36:29.118  2982  4414 D LOWI-9.0.1.74: [LOWI-ROME-RTT] send_oem_nl_msg: sent cld80211 message with subcmd: 5
06-13 06:36:29.119  2982  4414 D LOWI-9.0.1.74: [LOWIRangingFSM] FSM: New FSM state: STATE_PROCESSING_RANGING_REQ
06-13 06:36:29.119  2982  4414 D LOWI-9.0.1.74: [LOWI-ROME-RTT] RomeWaitOnActivityOnSocketOrPipe: issue timed select: TO: 5 
06-13 06:36:29.125  3178  4595 I ActivityManager: Changes in 10115 10 to 10, 256 to 384
06-13 06:36:29.132  3178  4595 I ActivityManager: Changes in 10258 10 to 17, 384 to 128
06-13 06:36:29.132  3178  4595 I ActivityManager: Changes in 10115 10 to 19, 384 to 0
06-13 06:36:29.158  2200  4411 I WifiHAL : send oem msg of len : 276 to apps
06-13 06:36:29.159  2982  4414 D LOWI-9.0.1.74: [LOWI-ROME-RTT] RomeWaitOnActivityOnSocketOrPipe: timed select over: TO: 5 retVal: 1
06-13 06:36:29.159  2982  4414 D LOWI-9.0.1.74: [LOWI-ROME-RTT] event_handler: Valid data with length 244
06-13 06:36:29.159  2982  4414 D LOWI-9.0.1.74: [LOWI-HELIUM-RTT] storeNLFragment: new fragment group, tokenid(2), adding 236 chars @position 0
06-13 06:36:29.159  2982  4414 D LOWI-9.0.1.74: [LOWI-HELIUM-RTT] RomeNLRecvMessage: The Received OEMSubType: RTT_MSG_SUBTYPE_MEASUREMENT_RSP
06-13 06:36:29.159  2982  4414 D LOWI-9.0.1.74: [LOWI-HELIUM-RTT] RomeNLRecvMessage: The Received RomeMsgType: ROME_RANGING_MEAS_MSG
06-13 06:36:29.159  2982  4414 D LOWI-9.0.1.74: [LOWIRangingFSM] FSM: Received Event EVENT_RANGING_MEAS_RECV, Current state: STATE_PROCESSING_RANGING_REQ
06-13 06:36:29.159  2982  4414 D LOWI-9.0.1.74: [LOWIWifiTlvHandler] processRspHeadTlv: reqId(756) measDone(1) rttStatus(RTT_STATUS_SUCCESS) subtype(RTT_MSG_SUBTYPE_MEASUREMENT_RSP) isFrag(0) fragIdx(0) fragLen(212) tknId(11)
06-13 06:36:29.159  2982  4414 D LOWI-9.0.1.74: [LOWIWifiTlvHandler] checkTlvTag: Processing idx(0) received TLV: wmi_rtt_oem_rsp_head
06-13 06:36:29.159  2982  4414 D LOWI-9.0.1.74: [LOWIWifiTlvHandler] processIfPeerEvtHdrTag: Invalid Tag(33), not added to vector mPeerIdx(0)
06-13 06:36:29.159  2982  4414 D LOWI-9.0.1.74: [LOWIWifiTlvHandler] processIfPerFrmInfoTag: Invalid Tag(33) measurement not added for peer(0)
06-13 06:36:29.159  2982  4414 D LOWI-9.0.1.74: [LOWIWifiTlvHandler] checkTlvTag: Processing idx(1) received TLV: wmi_rtt_oem_measrsp_head
06-13 06:36:29.159  2982  4414 D LOWI-9.0.1.74: [LOWIWifiTlvHandler] processIfPeerEvtHdrTag: Invalid Tag(41), not added to vector mPeerIdx(0)
06-13 06:36:29.159  2982  4414 D LOWI-9.0.1.74: [LOWIWifiTlvHandler] processIfPerFrmInfoTag: Invalid Tag(41) measurement not added for peer(0)
06-13 06:36:29.159  2982  4414 D LOWI-9.0.1.74: [LOWIWifiTlvHandler] checkTlvTag: Processing idx(2) received TLV: loop_start
06-13 06:36:29.159  2982  4414 D LOWI-9.0.1.74: [LOWIWifiTlvHandler] processIfPeerEvtHdrTag: Invalid Tag(16), not added to vector mPeerIdx(0)
06-13 06:36:29.159  2982  4414 D LOWI-9.0.1.74: [LOWIWifiTlvHandler] processIfPerFrmInfoTag: Invalid Tag(16) measurement not added for peer(0)
06-13 06:36:29.159  2982  4414 D LOWI-9.0.1.74: [LOWIWifiTlvHandler] checkTlvTag: Processing idx(3) received TLV: wmi_rtt_oem_per_peer_event_hdr
06-13 06:36:29.159  2982  4414 D LOWI-9.0.1.74: [LOWIWifiTlvHandler] processIfPerFrmInfoTag: Invalid Tag(42) measurement not added for peer(0)
06-13 06:36:29.159  2982  4414 D LOWI-9.0.1.74: [LOWIWifiTlvHandler] checkTlvTag: Processing idx(4) received TLV: WMIRTT_TLV_TAG_ARRAY_UINT8
06-13 06:36:29.159  2982  4414 D LOWI-9.0.1.74: [LOWIWifiTlvHandler] processIfPeerEvtHdrTag: Invalid Tag(18), not added to vector mPeerIdx(0)
06-13 06:36:29.159  2982  4414 D LOWI-9.0.1.74: [LOWIWifiTlvHandler] processIfPerFrmInfoTag: Invalid Tag(18) measurement not added for peer(0)
06-13 06:36:29.159  2982  4414 D LOWI-9.0.1.74: [LOWIWifiTlvHandler] checkTlvTag: Processing idx(5) received TLV: loop_start
06-13 06:36:29.159  2982  4414 D LOWI-9.0.1.74: [LOWIWifiTlvHandler] processIfPeerEvtHdrTag: Invalid Tag(16), not added to vector mPeerIdx(0)
06-13 06:36:29.159  2982  4414 D LOWI-9.0.1.74: [LOWIWifiTlvHandler] processIfPerFrmInfoTag: Invalid Tag(16) measurement not added for peer(0)
06-13 06:36:29.159  2982  4414 D LOWI-9.0.1.74: [LOWIWifiTlvHandler] checkTlvTag: Processing idx(6) received TLV: wmi_rtt_oem_per_frame_info
06-13 06:36:29.159  2982  4414 D LOWI-9.0.1.74: [LOWIWifiTlvHandler] processIfPeerEvtHdrTag: Invalid Tag(43), not added to vector mPeerIdx(0)
06-13 06:36:29.159  2982  4414 D LOWI-9.0.1.74: [LOWIWifiTlvHandler] checkTlvTag: Processing idx(7) received unexpected but valid TLV(loop_end), going to idx(6)
06-13 06:36:29.159  2982  4414 D LOWI-9.0.1.74: [LOWIWifiTlvHandler] checkTlvTag: Processing idx(6) received TLV: wmi_rtt_oem_per_frame_info
06-13 06:36:29.159  2982  4414 D LOWI-9.0.1.74: [LOWIWifiTlvHandler] processIfPeerEvtHdrTag: Invalid Tag(43), not added to vector mPeerIdx(0)
06-13 06:36:29.159  2982  4414 D LOWI-9.0.1.74: [LOWIWifiTlvHandler] checkTlvTag: Processing idx(7) received TLV: loop_end
06-13 06:36:29.159  2982  4414 D LOWI-9.0.1.74: [LOWIWifiTlvHandler] processIfPeerEvtHdrTag: Invalid Tag(17), not added to vector mPeerIdx(0)
06-13 06:36:29.159  2982  4414 D LOWI-9.0.1.74: [LOWIWifiTlvHandler] processIfPerFrmInfoTag: Invalid Tag(17) measurement not added for peer(0)
06-13 06:36:29.159  2982  4414 D LOWI-9.0.1.74: [LOWIWifiTlvHandler] checkTlvTag: Processing idx(8) received TLV: loop_end
06-13 06:36:29.159  2982  4414 D LOWI-9.0.1.74: [LOWIWifiTlvHandler] processIfLoopEndTag: mPeerLs(0)...peer list ends
06-13 06:36:29.159  2982  4414 D LOWI-9.0.1.74: [LOWIWifiTlvHandler] processIfPeerEvtHdrTag: Invalid Tag(17), not added to vector mPeerIdx(0)
06-13 06:36:29.159  2982  4414 D LOWI-9.0.1.74: [LOWIWifiTlvHandler] processIfPerFrmInfoTag: Invalid Tag(17) measurement not added for peer(0)
06-13 06:36:29.159  2982  4414 D LOWI-9.0.1.74: [LOWIWifiTlvHandler] printBssidInfo: Peer 0 of 1,  numMeas = 2
06-13 06:36:29.159  2982  4414 D LOWI-9.0.1.74: [LOWI-HELIUM-RTT] printMeasRspHeadInfo: info(0x100002) channel_info(0x1464) rprtType(2) rttMeasType(0) rprtStatusV3(0) tmStart(0) numAPs(1) destMac(00:00:00:**:**:00) channelInfo(5220)
06-13 06:36:29.159  2982  4414 D LOWI-9.0.1.74: [LOWI-HELIUM-RTT] printPerPeerInfo: peerMac(f0:09:0d:**:**:01) burstIdx(0) numIEs(0) numMeasThisAP(2)rttMeasType(1) isQtiPeer(0) tmrSubType(0) isLastRespForPeer (0) securityMode(0) numFrmAttempted(2) actualBurstDur(23) actualNumFrmPerBur(2) actualBurstExp(0) retryAfterDur(0) measStartTSF(716187657) control(0x102) result_info_1(0x170002)result_info_2(0x2) result_info_3(0x0) measStartTSF_field(0x2ab02809)
06-13 06:36:29.159  2982  4414 D LOWI-9.0.1.74: [LOWI-HELIUM-RTT] printPerPeerInfo: 11az params: i2r_lmr_feedback:0 ranging_priority:0 r2i_toa_type:0 i2r_toa_type:0 format_and_bw:0 imdt_r2i_feedback:0 imdt_i2r_feedback:0 max_i2r_repetition:0 max_r2i_repetition:0 device_class:0 full_bw_ul_mumimo:0 max_r2i_sts_le_80mhz:0 max_r2i_sts_gr_80mhz:0 max_r2i_ltf_total:0 max_i2r_sts_le_80mhz:0 max_i2r_sts_gr_80mhz:0 max_i2r_ltf_total:0 min_time_between_measurements:0 tb_max_session_expiry 0
06-13 06:36:29.159  2982  4414 D LOWI-9.0.1.74: [LOWI-P2P-RTT] p2pIsStored: Bad inputs
06-13 06:36:29.159  2982  4414 D LOWI-9.0.1.74: [LOWI-HELIUM-RTT] printPerFrameInfo: tx_rate_info1(0x10003) tx_rate_info2(0x41) rx_rate_info1(0x30000) rx_rate_info2(0x41) max_tod_toa_error(0x0)
06-13 06:36:29.159  2982  4414 D LOWI-9.0.1.74: [LOWI-HELIUM-RTT] printPerFrameInfo: rssi(1684300900) T1.time32(0x0) T1.time0(0x0) T2.time32(0x0) T2.time0(0x0) T3_del(0x0) T4_del(0x631bb6b) txPreamble(0x3) txBw(0x0) txRateMcsIdx(0x0)txSTS(0x0) txNREP(0x0) txBitRate(0x41) rxPreamble(0x0) rxBw(0x0) invalidFACBit(0x0) rxRateMcsIdx(0x0) rxBitRate(0x41) chainMask(0x3) maxTodError(0x0)maxToaError(0x0) useTxChainNo(0x1) useRxChainNo(0x0) rxSTS(0x0) rxNREP(0x0) r2iNDPIntegrityCheck(0x0)
06-13 06:36:29.159  2982  4414 D LOWI-9.0.1.74: [LOWI-HELIUM-RTT] processPerFrameInfo: RTT V2 Performed - Raw RSSI(0x0), toa - tod = 0x631bb6b(pre-offset), RTT(103922539 psecs), RSSI(0) 
06-13 06:36:29.159  2982  4414 D LOWI-9.0.1.74: [LOWI-HELIUM-RTT] printPerFrameInfo: tx_rate_info1(0x10003) tx_rate_info2(0x41) rx_rate_info1(0x30000) rx_rate_info2(0x41) max_tod_toa_error(0x0)
06-13 06:36:29.159  2982  4414 D LOWI-9.0.1.74: [LOWI-HELIUM-RTT] printPerFrameInfo: rssi(1684300900) T1.time32(0x0) T1.time0(0x0) T2.time32(0x0) T2.time0(0x0) T3_del(0x0) T4_del(0x631ac29) txPreamble(0x3) txBw(0x0) txRateMcsIdx(0x0)txSTS(0x0) txNREP(0x0) txBitRate(0x41) rxPreamble(0x0) rxBw(0x0) invalidFACBit(0x0) rxRateMcsIdx(0x0) rxBitRate(0x41) chainMask(0x3) maxTodError(0x0)maxToaError(0x0) useTxChainNo(0x1) useRxChainNo(0x0) rxSTS(0x0) rxNREP(0x0) r2iNDPIntegrityCheck(0x0)
06-13 06:36:29.159  2982  4414 D LOWI-9.0.1.74: [LOWI-HELIUM-RTT] processPerFrameInfo: RTT V2 Performed - Raw RSSI(0x0), toa - tod = 0x631ac29(pre-offset), RTT(103918633 psecs), RSSI(0) 
06-13 06:36:29.159  2982  4414 I LOWI-9.0.1.74: [LOWIRangingHeliumFSM] SendReqToFwOrRespToUser: All ranging measurements completed.Send response to client
06-13 06:36:29.159  2982  4414 D LOWI-9.0.1.74: [LOWIRangingFSM] SendRangingReq: curChIndex: 2, totChs: 3, curAp: 0, totAp: 2
06-13 06:36:29.159  2982  4414 D LOWI-9.0.1.74: [LOWIUtils] freqToChBandBit: frequency 5500 channel 100 Band 1
06-13 06:36:29.159  2982  4414 D LOWI-9.0.1.74: [LOWIUtils] freqToChBandBit: frequency 5500 channel 100 Band 1
06-13 06:36:29.159  2982  4414 D LOWI-9.0.1.74: [LOWI-HELIUM-RTT] RomeSendRttReq: PHY Mode(LOWI_PHY_MODE_11AC_VHT80) timeoutPerTarget(50) reportType(RTT_REPORT_AGGREGATE)
06-13 06:36:29.159  2200  4411 I WifiHAL : send_nl_data: sent cld80211 msg of len: 216 to driver
06-13 06:36:29.159  2982  4414 D LOWI-9.0.1.74: [LOWI-ROME-RTT] send_oem_nl_msg: sent cld80211 message with subcmd: 5
06-13 06:36:29.159  2982  4414 D LOWI-9.0.1.74: [LOWIRangingFSM] FSM: New FSM state: STATE_PROCESSING_RANGING_REQ
06-13 06:36:29.159  2982  4414 D LOWI-9.0.1.74: [LOWI-ROME-RTT] RomeWaitOnActivityOnSocketOrPipe: issue timed select: TO: 5 
06-13 06:36:29.238  3178  4240 V SilentRoamingWifiInfo: hasActiveStream: mSuccessfulTxPacketsPerSecond= 44.089462193405986, mSuccessfulRxPacketsPerSecond= 33.427411276514135, mPps= 16, isVoipRunning= false
06-13 06:36:29.337  2198 22209 I sensors-hal: handle_sns_client_event:375, [0][33480] accel_sample [ 3.718, -1.261,  9.003] 26322673126836
06-13 06:36:29.444  2200  4411 I WifiHAL : send oem msg of len : 460 to apps
06-13 06:36:29.445  2982  4414 D LOWI-9.0.1.74: [LOWI-ROME-RTT] RomeWaitOnActivityOnSocketOrPipe: timed select over: TO: 5 retVal: 1
06-13 06:36:29.445  2982  4414 D LOWI-9.0.1.74: [LOWI-ROME-RTT] event_handler: Valid data with length 428
06-13 06:36:29.445  2982  4414 D LOWI-9.0.1.74: [LOWI-HELIUM-RTT] storeNLFragment: new fragment group, tokenid(2), adding 420 chars @position 0
06-13 06:36:29.445  2982  4414 D LOWI-9.0.1.74: [LOWI-HELIUM-RTT] RomeNLRecvMessage: The Received OEMSubType: RTT_MSG_SUBTYPE_MEASUREMENT_RSP
06-13 06:36:29.445  2982  4414 D LOWI-9.0.1.74: [LOWI-HELIUM-RTT] RomeNLRecvMessage: The Received RomeMsgType: ROME_RANGING_MEAS_MSG
06-13 06:36:29.445  2982  4414 D LOWI-9.0.1.74: [LOWIRangingFSM] FSM: Received Event EVENT_RANGING_MEAS_RECV, Current state: STATE_PROCESSING_RANGING_REQ
06-13 06:36:29.445  2982  4414 D LOWI-9.0.1.74: [LOWIWifiTlvHandler] processRspHeadTlv: reqId(757) measDone(1) rttStatus(RTT_STATUS_SUCCESS) subtype(RTT_MSG_SUBTYPE_MEASUREMENT_RSP) isFrag(0) fragIdx(0) fragLen(396) tknId(12)
06-13 06:36:29.445  2982  4414 D LOWI-9.0.1.74: [LOWIWifiTlvHandler] checkTlvTag: Processing idx(0) received TLV: wmi_rtt_oem_rsp_head
06-13 06:36:29.445  2982  4414 D LOWI-9.0.1.74: [LOWIWifiTlvHandler] processIfPeerEvtHdrTag: Invalid Tag(33), not added to vector mPeerIdx(0)
06-13 06:36:29.445  2982  4414 D LOWI-9.0.1.74: [LOWIWifiTlvHandler] processIfPerFrmInfoTag: Invalid Tag(33) measurement not added for peer(0)
06-13 06:36:29.445  2982  4414 D LOWI-9.0.1.74: [LOWIWifiTlvHandler] checkTlvTag: Processing idx(1) received TLV: wmi_rtt_oem_measrsp_head
06-13 06:36:29.445  2982  4414 D LOWI-9.0.1.74: [LOWIWifiTlvHandler] processIfPeerEvtHdrTag: Invalid Tag(41), not added to vector mPeerIdx(0)
06-13 06:36:29.445  2982  4414 D LOWI-9.0.1.74: [LOWIWifiTlvHandler] processIfPerFrmInfoTag: Invalid Tag(41) measurement not added for peer(0)
06-13 06:36:29.445  2982  4414 D LOWI-9.0.1.74: [LOWIWifiTlvHandler] checkTlvTag: Processing idx(2) received TLV: loop_start
06-13 06:36:29.445  2982  4414 D LOWI-9.0.1.74: [LOWIWifiTlvHandler] processIfPeerEvtHdrTag: Invalid Tag(16), not added to vector mPeerIdx(0)
06-13 06:36:29.445  2982  4414 D LOWI-9.0.1.74: [LOWIWifiTlvHandler] processIfPerFrmInfoTag: Invalid Tag(16) measurement not added for peer(0)
06-13 06:36:29.445  2982  4414 D LOWI-9.0.1.74: [LOWIWifiTlvHandler] checkTlvTag: Processing idx(3) received TLV: wmi_rtt_oem_per_peer_event_hdr
06-13 06:36:29.445  2982  4414 D LOWI-9.0.1.74: [LOWIWifiTlvHandler] processIfPerFrmInfoTag: Invalid Tag(42) measurement not added for peer(0)
06-13 06:36:29.445  2982  4414 D LOWI-9.0.1.74: [LOWIWifiTlvHandler] checkTlvTag: Processing idx(4) received TLV: WMIRTT_TLV_TAG_ARRAY_UINT8
06-13 06:36:29.445  2982  4414 D LOWI-9.0.1.74: [LOWIWifiTlvHandler] processIfPeerEvtHdrTag: Invalid Tag(18), not added to vector mPeerIdx(0)
06-13 06:36:29.445  2982  4414 D LOWI-9.0.1.74: [LOWIWifiTlvHandler] processIfPerFrmInfoTag: Invalid Tag(18) measurement not added for peer(0)
06-13 06:36:29.445  2982  4414 D LOWI-9.0.1.74: [LOWIWifiTlvHandler] checkTlvTag: Processing idx(5) received TLV: loop_start
06-13 06:36:29.445  2982  4414 D LOWI-9.0.1.74: [LOWIWifiTlvHandler] processIfPeerEvtHdrTag: Invalid Tag(16), not added to vector mPeerIdx(0)
06-13 06:36:29.445  2982  4414 D LOWI-9.0.1.74: [LOWIWifiTlvHandler] processIfPerFrmInfoTag: Invalid Tag(16) measurement not added for peer(0)
06-13 06:36:29.445  2982  4414 D LOWI-9.0.1.74: [LOWIWifiTlvHandler] checkTlvTag: Processing idx(6) received TLV: wmi_rtt_oem_per_frame_info
06-13 06:36:29.445  2982  4414 D LOWI-9.0.1.74: [LOWIWifiTlvHandler] processIfPeerEvtHdrTag: Invalid Tag(43), not added to vector mPeerIdx(0)
06-13 06:36:29.445  2982  4414 D LOWI-9.0.1.74: [LOWIWifiTlvHandler] checkTlvTag: Processing idx(7) received unexpected but valid TLV(loop_end), going to idx(6)
06-13 06:36:29.445  2982  4414 D LOWI-9.0.1.74: [LOWIWifiTlvHandler] checkTlvTag: Processing idx(6) received TLV: wmi_rtt_oem_per_frame_info
06-13 06:36:29.446  2982  4414 D LOWI-9.0.1.74: [LOWIWifiTlvHandler] processIfPeerEvtHdrTag: Invalid Tag(43), not added to vector mPeerIdx(0)
06-13 06:36:29.446  2982  4414 D LOWI-9.0.1.74: [LOWIWifiTlvHandler] checkTlvTag: Processing idx(7) received TLV: loop_end
06-13 06:36:29.446  2982  4414 D LOWI-9.0.1.74: [LOWIWifiTlvHandler] processIfPeerEvtHdrTag: Invalid Tag(17), not added to vector mPeerIdx(0)
06-13 06:36:29.446  2982  4414 D LOWI-9.0.1.74: [LOWIWifiTlvHandler] processIfPerFrmInfoTag: Invalid Tag(17) measurement not added for peer(0)
06-13 06:36:29.446  2982  4414 D LOWI-9.0.1.74: [LOWIWifiTlvHandler] checkTlvTag: Processing idx(8) received unexpected but valid TLV(loop_end), going to idx(3)
06-13 06:36:29.446  2982  4414 D LOWI-9.0.1.74: [LOWIWifiTlvHandler] checkTlvTag: Processing idx(3) received TLV: wmi_rtt_oem_per_peer_event_hdr
06-13 06:36:29.446  2982  4414 D LOWI-9.0.1.74: [LOWIWifiTlvHandler] processIfPerFrmInfoTag: Invalid Tag(42) measurement not added for peer(1)
06-13 06:36:29.446  2982  4414 D LOWI-9.0.1.74: [LOWIWifiTlvHandler] checkTlvTag: Processing idx(4) received TLV: WMIRTT_TLV_TAG_ARRAY_UINT8
06-13 06:36:29.446  2982  4414 D LOWI-9.0.1.74: [LOWIWifiTlvHandler] processIfPeerEvtHdrTag: Invalid Tag(18), not added to vector mPeerIdx(1)
06-13 06:36:29.446  2982  4414 D LOWI-9.0.1.74: [LOWIWifiTlvHandler] processIfPerFrmInfoTag: Invalid Tag(18) measurement not added for peer(1)
06-13 06:36:29.446  2982  4414 D LOWI-9.0.1.74: [LOWIWifiTlvHandler] checkTlvTag: Processing idx(5) received TLV: loop_start
06-13 06:36:29.446  2982  4414 D LOWI-9.0.1.74: [LOWIWifiTlvHandler] processIfPeerEvtHdrTag: Invalid Tag(16), not added to vector mPeerIdx(1)
06-13 06:36:29.446  2982  4414 D LOWI-9.0.1.74: [LOWIWifiTlvHandler] processIfPerFrmInfoTag: Invalid Tag(16) measurement not added for peer(1)
06-13 06:36:29.446  2982  4414 D LOWI-9.0.1.74: [LOWIWifiTlvHandler] checkTlvTag: Processing idx(6) received TLV: wmi_rtt_oem_per_frame_info
06-13 06:36:29.447  2982  4414 D LOWI-9.0.1.74: [LOWIWifiTlvHandler] processIfPeerEvtHdrTag: Invalid Tag(43), not added to vector mPeerIdx(1)
06-13 06:36:29.447  2982  4414 D LOWI-9.0.1.74: [LOWIWifiTlvHandler] checkTlvTag: Processing idx(7) received unexpected but valid TLV(loop_end), going to idx(6)
06-13 06:36:29.447  2982  4414 D LOWI-9.0.1.74: [LOWIWifiTlvHandler] checkTlvTag: Processing idx(6) received TLV: wmi_rtt_oem_per_frame_info
06-13 06:36:29.447  2982  4414 D LOWI-9.0.1.74: [LOWIWifiTlvHandler] processIfPeerEvtHdrTag: Invalid Tag(43), not added to vector mPeerIdx(1)
06-13 06:36:29.447  2982  4414 D LOWI-9.0.1.74: [LOWIWifiTlvHandler] checkTlvTag: Processing idx(7) received TLV: loop_end
06-13 06:36:29.447  2982  4414 D LOWI-9.0.1.74: [LOWIWifiTlvHandler] processIfPeerEvtHdrTag: Invalid Tag(17), not added to vector mPeerIdx(1)
06-13 06:36:29.448  2982  4414 D LOWI-9.0.1.74: [LOWIWifiTlvHandler] processIfPerFrmInfoTag: Invalid Tag(17) measurement not added for peer(1)
06-13 06:36:29.448  2982  4414 D LOWI-9.0.1.74: [LOWIWifiTlvHandler] checkTlvTag: Processing idx(8) received TLV: loop_end
06-13 06:36:29.448  2982  4414 D LOWI-9.0.1.74: [LOWIWifiTlvHandler] processIfLoopEndTag: mPeerLs(0)...peer list ends
06-13 06:36:29.448  2982  4414 D LOWI-9.0.1.74: [LOWIWifiTlvHandler] processIfPeerEvtHdrTag: Invalid Tag(17), not added to vector mPeerIdx(1)
06-13 06:36:29.448  2982  4414 D LOWI-9.0.1.74: [LOWIWifiTlvHandler] processIfPerFrmInfoTag: Invalid Tag(17) measurement not added for peer(1)
06-13 06:36:29.448  2982  4414 D LOWI-9.0.1.74: [LOWIWifiTlvHandler] printBssidInfo: Peer 0 of 2,  numMeas = 2
06-13 06:36:29.448  2982  4414 D LOWI-9.0.1.74: [LOWIWifiTlvHandler] printBssidInfo: Peer 1 of 2,  numMeas = 2
06-13 06:36:29.448  2982  4414 D LOWI-9.0.1.74: [LOWI-HELIUM-RTT] printMeasRspHeadInfo: info(0x200002) channel_info(0x157c) rprtType(2) rttMeasType(0) rprtStatusV3(0) tmStart(0) numAPs(2) destMac(00:00:00:**:**:00) channelInfo(5500)
06-13 06:36:29.448  2982  4414 D LOWI-9.0.1.74: [LOWI-HELIUM-RTT] printPerPeerInfo: peerMac(60:d8:a4:**:**:9d) burstIdx(0) numIEs(0) numMeasThisAP(2)rttMeasType(1) isQtiPeer(0) tmrSubType(0) isLastRespForPeer (0) securityMode(0) numFrmAttempted(2) actualBurstDur(8) actualNumFrmPerBur(2) actualBurstExp(0) retryAfterDur(0) measStartTSF(716187657) control(0x102) result_info_1(0x80002)result_info_2(0x2) result_info_3(0x0) measStartTSF_field(0x2ab02809)
06-13 06:36:29.448  2982  4414 D LOWI-9.0.1.74: [LOWI-HELIUM-RTT] printPerPeerInfo: 11az params: i2r_lmr_feedback:0 ranging_priority:0 r2i_toa_type:0 i2r_toa_type:0 format_and_bw:0 imdt_r2i_feedback:0 imdt_i2r_feedback:0 max_i2r_repetition:0 max_r2i_repetition:0 device_class:0 full_bw_ul_mumimo:0 max_r2i_sts_le_80mhz:0 max_r2i_sts_gr_80mhz:0 max_r2i_ltf_total:0 max_i2r_sts_le_80mhz:0 max_i2r_sts_gr_80mhz:0 max_i2r_ltf_total:0 min_time_between_measurements:0 tb_max_session_expiry 0
06-13 06:36:29.448  2982  4414 D LOWI-9.0.1.74: [LOWI-P2P-RTT] p2pIsStored: Bad inputs
06-13 06:36:29.448  2982  4414 D LOWI-9.0.1.74: [LOWI-HELIUM-RTT] printPerFrameInfo: tx_rate_info1(0x10003) tx_rate_info2(0x41) rx_rate_info1(0x30000) rx_rate_info2(0x41) max_tod_toa_error(0x0)
06-13 06:36:29.448  2982  4414 D LOWI-9.0.1.74: [LOWI-HELIUM-RTT] printPerFrameInfo: rssi(1684300900) T1.time32(0x0) T1.time0(0x0) T2.time32(0x0) T2.time0(0x0) T3_del(0x0) T4_del(0x62e54dc) txPreamble(0x3) txBw(0x0) txRateMcsIdx(0x0)txSTS(0x0) txNREP(0x0) txBitRate(0x41) rxPreamble(0x0) rxBw(0x0) invalidFACBit(0x0) rxRateMcsIdx(0x0) rxBitRate(0x41) chainMask(0x3) maxTodError(0x0)maxToaError(0x0) useTxChainNo(0x1) useRxChainNo(0x0) rxSTS(0x0) rxNREP(0x0) r2iNDPIntegrityCheck(0x0)
06-13 06:36:29.448  2982  4414 D LOWI-9.0.1.74: [LOWI-HELIUM-RTT] processPerFrameInfo: RTT V2 Performed - Raw RSSI(0x0), toa - tod = 0x62e54dc(pre-offset), RTT(103699676 psecs), RSSI(0) 
06-13 06:36:29.448  2982  4414 D LOWI-9.0.1.74: [LOWI-HELIUM-RTT] printPerFrameInfo: tx_rate_info1(0x10003) tx_rate_info2(0x41) rx_rate_info1(0x30000) rx_rate_info2(0x41) max_tod_toa_error(0x0)
06-13 06:36:29.448  2982  4414 D LOWI-9.0.1.74: [LOWI-HELIUM-RTT] printPerFrameInfo: rssi(1684300900) T1.time32(0x0) T1.time0(0x0) T2.time32(0x0) T2.time0(0x0) T3_del(0x0) T4_del(0x62f8c25) txPreamble(0x3) txBw(0x0) txRateMcsIdx(0x0)txSTS(0x0) txNREP(0x0) txBitRate(0x41) rxPreamble(0x0) rxBw(0x0) invalidFACBit(0x0) rxRateMcsIdx(0x0) rxBitRate(0x41) chainMask(0x3) maxTodError(0x0)maxToaError(0x0) useTxChainNo(0x1) useRxChainNo(0x0) rxSTS(0x0) rxNREP(0x0) r2iNDPIntegrityCheck(0x0)
06-13 06:36:29.448  2982  4414 D LOWI-9.0.1.74: [LOWI-HELIUM-RTT] processPerFrameInfo: RTT V2 Performed - Raw RSSI(0x0), toa - tod = 0x62f8c25(pre-offset), RTT(103779365 psecs), RSSI(0) 
06-13 06:36:29.448  2982  4414 D LOWI-9.0.1.74: [LOWI-HELIUM-RTT] printPerPeerInfo: peerMac(62:d8:a4:**:**:f9) burstIdx(0) numIEs(0) numMeasThisAP(2)rttMeasType(1) isQtiPeer(0) tmrSubType(0) isLastRespForPeer (0) securityMode(0) numFrmAttempted(2) actualBurstDur(4) actualNumFrmPerBur(2) actualBurstExp(0) retryAfterDur(0) measStartTSF(716187657) control(0x102) result_info_1(0x40002)result_info_2(0x2) result_info_3(0x0) measStartTSF_field(0x2ab02809)
06-13 06:36:29.448  2982  4414 D LOWI-9.0.1.74: [LOWI-HELIUM-RTT] printPerPeerInfo: 11az params: i2r_lmr_feedback:0 ranging_priority:0 r2i_toa_type:0 i2r_toa_type:0 format_and_bw:0 imdt_r2i_feedback:0 imdt_i2r_feedback:0 max_i2r_repetition:0 max_r2i_repetition:0 device_class:0 full_bw_ul_mumimo:0 max_r2i_sts_le_80mhz:0 max_r2i_sts_gr_80mhz:0 max_r2i_ltf_total:0 max_i2r_sts_le_80mhz:0 max_i2r_sts_gr_80mhz:0 max_i2r_ltf_total:0 min_time_between_measurements:0 tb_max_session_expiry 0
06-13 06:36:29.448  2982  4414 D LOWI-9.0.1.74: [LOWI-P2P-RTT] p2pIsStored: Bad inputs
06-13 06:36:29.448  2982  4414 D LOWI-9.0.1.74: [LOWI-HELIUM-RTT] printPerFrameInfo: tx_rate_info1(0x10003) tx_rate_info2(0x41) rx_rate_info1(0x30000) rx_rate_info2(0x41) max_tod_toa_error(0x0)
06-13 06:36:29.448  2982  4414 D LOWI-9.0.1.74: [LOWI-HELIUM-RTT] printPerFrameInfo: rssi(1684300900) T1.time32(0x0) T1.time0(0x0) T2.time32(0x0) T2.time0(0x0) T3_del(0x0) T4_del(0x62d5791) txPreamble(0x3) txBw(0x0) txRateMcsIdx(0x0)txSTS(0x0) txNREP(0x0) txBitRate(0x41) rxPreamble(0x0) rxBw(0x0) invalidFACBit(0x0) rxRateMcsIdx(0x0) rxBitRate(0x41) chainMask(0x3) maxTodError(0x0)maxToaError(0x0) useTxChainNo(0x1) useRxChainNo(0x0) rxSTS(0x0) rxNREP(0x0) r2iNDPIntegrityCheck(0x0)
06-13 06:36:29.448  2982  4414 D LOWI-9.0.1.74: [LOWI-HELIUM-RTT] processPerFrameInfo: RTT V2 Performed - Raw RSSI(0x0), toa - tod = 0x62d5791(pre-offset), RTT(103634833 psecs), RSSI(0) 
06-13 06:36:29.448  2982  4414 D LOWI-9.0.1.74: [LOWI-HELIUM-RTT] printPerFrameInfo: tx_rate_info1(0x10003) tx_rate_info2(0x41) rx_rate_info1(0x30000) rx_rate_info2(0x41) max_tod_toa_error(0x0)
06-13 06:36:29.448  2982  4414 D LOWI-9.0.1.74: [LOWI-HELIUM-RTT] printPerFrameInfo: rssi(1684300900) T1.time32(0x0) T1.time0(0x0) T2.time32(0x0) T2.time0(0x0) T3_del(0x0) T4_del(0x62ee758) txPreamble(0x3) txBw(0x0) txRateMcsIdx(0x0)txSTS(0x0) txNREP(0x0) txBitRate(0x41) rxPreamble(0x0) rxBw(0x0) invalidFACBit(0x0) rxRateMcsIdx(0x0) rxBitRate(0x41) chainMask(0x3) maxTodError(0x0)maxToaError(0x0) useTxChainNo(0x1) useRxChainNo(0x0) rxSTS(0x0) rxNREP(0x0) r2iNDPIntegrityCheck(0x0)
06-13 06:36:29.448  2982  4414 D LOWI-9.0.1.74: [LOWI-HELIUM-RTT] processPerFrameInfo: RTT V2 Performed - Raw RSSI(0x0), toa - tod = 0x62ee758(pre-offset), RTT(103737176 psecs), RSSI(0) 
06-13 06:36:29.448  2982  4414 I LOWI-9.0.1.74: [LOWIRangingHeliumFSM] SendReqToFwOrRespToUser: All ranging measurements completed.Send response to client
06-13 06:36:29.448  2982  4414 I LOWI-9.0.1.74: [LOWIRangingHeliumFSM] SendReqToFwOrRespToUser this is not a rtt BG node
06-13 06:36:29.448  2982  4414 D LOWI-9.0.1.74: [LOWIRangingFSM] FSM: New FSM state: STATE_READY_AND_IDLE
06-13 06:36:29.448  2982  4414 D LOWI-9.0.1.74: [LOWI-ROME-RTT] RomeWaitOnActivityOnSocketOrPipe: issue blocking select 
06-13 06:36:29.448  2982  3006 D LOWI-9.0.1.74: [LOWIEventReceiver] handleEvent:FROM:NA, TO:NA, REQ:NA, IREQ:NA, REQ_ID:0, RESP:NA, INFO:NA
06-13 06:36:29.448  2982  3006 D LOWI-9.0.1.74: [LOWIBackgroundScanMgr] isRspForBgScanMgr: req(RANGING_SCAN) -- not handled
06-13 06:36:29.448  2982  3006 D LOWI-9.0.1.74: [LOWIScheduler] manageMsg: Results for RANGING_SCAN -- handled: scanStatus(SCAN_STATUS_SUCCESS)
06-13 06:36:29.448  2982  3006 D LOWI-9.0.1.74: [LOWICacheManager] putInCache:Num of Meas to add: 6
06-13 06:36:29.449  2982  3006 D LOWI-9.0.1.74: [LOWIScheduler] processNode: 5a:4c:77:**:**:11
06-13 06:36:29.450  2982  3006 I LOWI-9.0.1.74: [LOWIScheduler] Node isRttBgNode 0 is_last_resp_for_peer 0
06-13 06:36:29.450  2982  3006 D LOWI-9.0.1.74: [LOWIScheduler] processNode: 4a:4c:77:**:**:11
06-13 06:36:29.450  2982  3006 I LOWI-9.0.1.74: [LOWIScheduler] Node isRttBgNode 0 is_last_resp_for_peer 0
06-13 06:36:29.450  2982  3006 D LOWI-9.0.1.74: [LOWIScheduler] processNode: 40:4c:77:**:**:11
06-13 06:36:29.451  2982  3006 I LOWI-9.0.1.74: [LOWIScheduler] Node isRttBgNode 0 is_last_resp_for_peer 0
06-13 06:36:29.451  2982  3006 D LOWI-9.0.1.74: [LOWIScheduler] processNode: f0:09:0d:**:**:01
06-13 06:36:29.451  2982  3006 I LOWI-9.0.1.74: [LOWIScheduler] Node isRttBgNode 0 is_last_resp_for_peer 0
06-13 06:36:29.451  2982  3006 D LOWI-9.0.1.74: [LOWIScheduler] processNode: 60:d8:a4:**:**:9d
06-13 06:36:29.451  2982  3006 I LOWI-9.0.1.74: [LOWIScheduler] Node isRttBgNode 0 is_last_resp_for_peer 0
06-13 06:36:29.451  2982  3006 D LOWI-9.0.1.74: [LOWIScheduler] processNode: 62:d8:a4:**:**:f9
06-13 06:36:29.452  2982  3006 I LOWI-9.0.1.74: [LOWIScheduler] Node isRttBgNode 0 is_last_resp_for_peer 0
06-13 06:36:29.452  2982  3006 D LOWI-9.0.1.74: [LOWIScheduler] nodesForRsp: # nodes for this client(6)
06-13 06:36:29.452  2982  3006 D LOWI-9.0.1.74: [LOWIScheduler] processRangRsp: Create response: status(SCAN_STATUS_SUCCESS) numBssids(6) reqId(244) originator(73fd882c00-LC) reqType(5)
06-13 06:36:29.452  2982  3006 D LOWI-9.0.1.74: [LOWIController] generateResponse: Type (PERIODIC_RANGING_SCAN) ScanStatus (1) request 73fd882c00-LC_244
06-13 06:36:29.452  2982  3006 D LOWI-9.0.1.74: [LOWIEventDispatcher] sendResponse - originator = 73fd882c00-LC
06-13 06:36:29.453  2982  3006 D LOWI-9.0.1.74: [LOWIUtils] injectScanMeasurements - num of APs = 6
06-13 06:36:29.454  2982  3006 D LOWI-9.0.1.74: [LOWIUtils] injectRangingScanMeasurements - NUM_COLOC_BSS(0), PEER_OEM(LOWI_PEER_OEM_UNKNOWN)
06-13 06:36:29.456  2982  3006 D LOWI-9.0.1.74: [LOWIUtils] injectRangingScanMeasurements - NUM_COLOC_BSS(0), PEER_OEM(LOWI_PEER_OEM_UNKNOWN)
06-13 06:36:29.456  2982  3006 D LOWI-9.0.1.74: [LOWIUtils] injectRangingScanMeasurements - NUM_COLOC_BSS(0), PEER_OEM(LOWI_PEER_OEM_UNKNOWN)
06-13 06:36:29.457  2982  3006 D LOWI-9.0.1.74: [LOWIUtils] injectRangingScanMeasurements - NUM_COLOC_BSS(0), PEER_OEM(LOWI_PEER_OEM_UNKNOWN)
06-13 06:36:29.457  2982  3006 D LOWI-9.0.1.74: [LOWIUtils] injectRangingScanMeasurements - NUM_COLOC_BSS(0), PEER_OEM(LOWI_PEER_OEM_UNKNOWN)
06-13 06:36:29.457  2982  3006 D LOWI-9.0.1.74: [LOWIUtils] injectRangingScanMeasurements - NUM_COLOC_BSS(0), PEER_OEM(LOWI_PEER_OEM_UNKNOWN)
06-13 06:36:29.457  2982  3006 I LOWI-9.0.1.74: [LOWIUtils] responseToOutPostcard - TO: 73fd882c00-LC, FROM:   LOWI-SERVER, RESP:  LOWI_RANGING_SCAN
06-13 06:36:29.458  2982  3006 D LOWI-9.0.1.74: [LOWIEventDispatcher] sendResponse - originator = FreeWifiScanObserver
06-13 06:36:29.458  2982  3006 D LOWI-9.0.1.74: [LOWIUtils] injectScanMeasurements - num of APs = 6
06-13 06:36:29.458  2200  4416 I QCALOG  : [LOWIUtils] inPostcardToResponse - FROM: LOWI-SERVER, TO:   73fd882c00-LC, RESP:  LOWI_RANGING_SCAN
06-13 06:36:29.458  2200  4416 D QCALOG  : [LOWIUtils] inPostcardToResponse - Request id(244) Scan Status(1)
06-13 06:36:29.458  2200  4416 D QCALOG  : [LOWIUtils] parseScanMeasurements - Total Scan measurements = 6
06-13 06:36:29.458  2200  4416 D QCALOG  : [LOWIUtils] parseRangingScanMeasurements - MAX_BSS_IND = 0, NUM_COLOC_BSS = 0, Peer OEM = 0
06-13 06:36:29.458  2200  4416 D QCALOG  : [LOWIUtils] parseScanMeasurements - FREQUENCY(5785) IS_SECURE(0) NODE_TYPE(1)RTT_TYPE(1) ADD_INFO 0x0tmr_subtype(0) security_mode(0)
06-13 06:36:29.458  2200  4416 D QCALOG  : [LOWIUtils] COUNTRY_CODE is 
06-13 06:36:29.458  2200  4416 D QCALOG  : [LOWIUtils] parseScanMeasurements - CELL_POWER(0) INDOOR OUTDOOR( ), MEASUREMENT_NUM(0)
06-13 06:36:29.458  2200  4416 D QCALOG  : [LOWIUtils] parseMeasurementInfo - Total measurements = 2
06-13 06:36:29.458  2200  4416 W QCALOG  : [LOWIUtils] parseMeasurementInfo - Unable to extract CFR_CIR_LENGTH
06-13 06:36:29.458  2200  4416 D QCALOG  : [LOWIUtils] parseMeasurementInfo - RSSI_TIMESTAMP(1781350589118) RSSI(0) MEAS_AGE(-1) RTT_TIMESTAMP(1781350589118) RTT(104280) TX_PREAMBLE(3) TX_NSS(1) TX_BW(0) TX_MCS_IDX(0) TX_BIT_RATE(65) RX_PREAMBLE(0) RX_NSS(2) RX_BW(0) RX_MCS_IDX(0) RX_BIT_RATE(65) tx_chain_no(0) rx_chain_no(-1) TX_STS(0) TX_NREP(0) RX_STS(0) RX_NREP(0) R2I_NDP_INTEGRITY_CHECK(0) INVALID_FAC(0)
06-13 06:36:29.458  2982  3006 I LOWI-9.0.1.74: [LOWIUtils] responseToOutPostcard - TO: FreeWifiScanObserver, FROM:   LOWI-SERVER, RESP:  LOWI_RANGING_SCAN
06-13 06:36:29.458  2200  4416 W QCALOG  : [LOWIUtils] parseMeasurementInfo - Unable to extract CFR_CIR_LENGTH
06-13 06:36:29.458  2200  4416 D QCALOG  : [LOWIUtils] parseMeasurementInfo - RSSI_TIMESTAMP(1781350589118) RSSI(0) MEAS_AGE(-1) RTT_TIMESTAMP(1781350589118) RTT(104459) TX_PREAMBLE(3) TX_NSS(1) TX_BW(0) TX_MCS_IDX(0) TX_BIT_RATE(65) RX_PREAMBLE(0) RX_NSS(2) RX_BW(0) RX_MCS_IDX(0) RX_BIT_RATE(65) tx_chain_no(0) rx_chain_no(-1) TX_STS(0) TX_NREP(0) RX_STS(0) RX_NREP(0) R2I_NDP_INTEGRITY_CHECK(0) INVALID_FAC(0)
06-13 06:36:29.458  2200  4416 D QCALOG  : [LOWIUtils] parseIEDataInfo - Total IE's = 0
06-13 06:36:29.458  2200  4416 D QCALOG  : [LOWIUtils] parseScanMeasurements - RTT_TARGET_STATUS(0) BEACON_PERIOD(0), BEACON_CAPS(0), IE_LENGTH(0)
06-13 06:36:29.459  2200  4416 D QCALOG  : [LOWIUtils] parseRangingScanMeasurements - MAX_BSS_IND = 0, NUM_COLOC_BSS = 0, Peer OEM = 0
06-13 06:36:29.459  2982  3006 D LOWI-9.0.1.74: [LOWIController] sendRangingResponseToSnoopRTTClients: Response sent to Snoop RTT Client Request(ID:5, originator: FreeWifiScanObserver)
06-13 06:36:29.459  2982  3006 D LOWI-9.0.1.74: [LOWIScheduler] dataBaseCleanup:Status before cleanup
06-13 06:36:29.459  2982  3006 D LOWI-9.0.1.74: [LOWIScheduler] ****************************** WiFiNode Database *****************************************************************************************
06-13 06:36:29.459  2982  3006 D LOWI-9.0.1.74: [LOWIScheduler] Num of remaining nodes: 6
06-13 06:36:29.459  2982  3006 D LOWI-9.0.1.74: [LOWIScheduler] BSSID             Freq nodeT rttT  BW     pkts cont period       numMeas perCntr retries retCntr ReqId      schId      nodeState                  
06-13 06:36:29.459  2982  3006 D LOWI-9.0.1.74: [LOWIScheduler] 5a:4c:77:**:**:11 5785 AP    RTT2  BW_80  2    0    0            0       0       3       0       244        195428595  WIFI_NODE_READY_FOR_RSP    
06-13 06:36:29.459  2982  3006 D LOWI-9.0.1.74: [LOWIScheduler] 4a:4c:77:**:**:11 5785 AP    RTT2  BW_80  2    0    0            0       0       3       0       244        195428595  WIFI_NODE_READY_FOR_RSP    
06-13 06:36:29.459  2982  3006 D LOWI-9.0.1.74: [LOWIScheduler] 40:4c:77:**:**:11 5785 AP    RTT2  BW_80  2    0    0            0       0       3       0       244        195428595  WIFI_NODE_READY_FOR_RSP    
06-13 06:36:29.459  2982  3006 D LOWI-9.0.1.74: [LOWIScheduler] f0:09:0d:**:**:01 5220 AP    RTT2  BW_160 2    0    0            0       0       3       0       244        195428595  WIFI_NODE_READY_FOR_RSP    
06-13 06:36:29.459  2982  3006 D LOWI-9.0.1.74: [LOWIScheduler] 60:d8:a4:**:**:9d 5500 AP    RTT2  BW_80  2    0    0            0       0       3       0       244        195428595  WIFI_NODE_READY_FOR_RSP    
06-13 06:36:29.459  2982  3006 D LOWI-9.0.1.74: [LOWIScheduler] 62:d8:a4:**:**:f9 5500 AP    RTT2  BW_80  2    0    0            0       0       3       0       244        195428595  WIFI_NODE_READY_FOR_RSP    
06-13 06:36:29.459  2982  3006 D LOWI-9.0.1.74: [LOWIScheduler] ******************************************************************************************************************************************
06-13 06:36:29.459  2982  3006 D LOWI-9.0.1.74: [LOWIScheduler] One-shot node fully serviced: 5a:4c:77:**:**:11
06-13 06:36:29.459  2982  3006 D LOWI-9.0.1.74: [LOWIScheduler] One-shot node fully serviced: 4a:4c:77:**:**:11
06-13 06:36:29.459  2982  3006 D LOWI-9.0.1.74: [LOWIScheduler] One-shot node fully serviced: 40:4c:77:**:**:11
06-13 06:36:29.459  2982  3006 D LOWI-9.0.1.74: [LOWIScheduler] One-shot node fully serviced: f0:09:0d:**:**:01
06-13 06:36:29.459  2982  3006 D LOWI-9.0.1.74: [LOWIScheduler] One-shot node fully serviced: 60:d8:a4:**:**:9d
06-13 06:36:29.459  2982  3006 D LOWI-9.0.1.74: [LOWIScheduler] One-shot node fully serviced: 62:d8:a4:**:**:f9
06-13 06:36:29.459  2982  3006 D LOWI-9.0.1.74: [LOWIScheduler] dataBaseCleanup:Status after cleanup
06-13 06:36:29.459  2982  3006 D LOWI-9.0.1.74: [LOWIScheduler] ****************************** WiFiNode Database *****************************************************************************************
06-13 06:36:29.459  2982  3006 D LOWI-9.0.1.74: [LOWIScheduler] Num of remaining nodes: 0
06-13 06:36:29.459  2982  3006 D LOWI-9.0.1.74: [LOWIScheduler] BSSID             Freq nodeT rttT  BW     pkts cont period       numMeas perCntr retries retCntr ReqId      schId      nodeState                  
06-13 06:36:29.459  2982  3006 D LOWI-9.0.1.74: [LOWIScheduler] ******************************************************************************************************************************************
06-13 06:36:29.459  2982  3006 D LOWI-9.0.1.74: [LOWIScheduler] cleanUp: NumPeriodicNodesInDB left: 0
06-13 06:36:29.459  2982  3006 D LOWI-9.0.1.74: [LOWIScheduler] deleteClientInfo: deleting reqId(244) originator(73fd882c00-LC), reqType(PERIODIC_RANGING_SCAN)
06-13 06:36:29.459  2982  3006 D LOWI-9.0.1.74: [LOWIScheduler] getMeasInProgressNodeCnt mNodeDataBase size 0
06-13 06:36:29.459  2200  4416 D QCALOG  : [LOWIUtils] parseScanMeasurements - FREQUENCY(5785) IS_SECURE(0) NODE_TYPE(1)RTT_TYPE(1) ADD_INFO 0x0tmr_subtype(0) security_mode(0)
06-13 06:36:29.459  2982  3006 D LOWI-9.0.1.74: [LOWIScheduler] All node are served ? YES delete rtt req 
06-13 06:36:29.459  2982  3006 D LOWI-9.0.1.74: [LOWIScheduler] manageMsg:delete current wifi rtt request
06-13 06:36:29.459  2982  3006 D LOWI-9.0.1.74: [LOWIController] Scheduler is managing the msg
06-13 06:36:29.459  2200  4416 D QCALOG  : [LOWIUtils] COUNTRY_CODE is 
06-13 06:36:29.460  2200  4416 D QCALOG  : [LOWIUtils] parseScanMeasurements - CELL_POWER(0) INDOOR OUTDOOR( ), MEASUREMENT_NUM(0)
06-13 06:36:29.460  2200  4416 D QCALOG  : [LOWIUtils] parseMeasurementInfo - Total measurements = 2
06-13 06:36:29.460  2200  4416 W QCALOG  : [LOWIUtils] parseMeasurementInfo - Unable to extract CFR_CIR_LENGTH
06-13 06:36:29.460  2200  4416 D QCALOG  : [LOWIUtils] parseMeasurementInfo - RSSI_TIMESTAMP(1781350589118) RSSI(0) MEAS_AGE(-1) RTT_TIMESTAMP(1781350589118) RTT(104230) TX_PREAMBLE(3) TX_NSS(1) TX_BW(0) TX_MCS_IDX(0) TX_BIT_RATE(65) RX_PREAMBLE(0) RX_NSS(2) RX_BW(0) RX_MCS_IDX(0) RX_BIT_RATE(65) tx_chain_no(0) rx_chain_no(-1) TX_STS(0) TX_NREP(0) RX_STS(0) RX_NREP(0) R2I_NDP_INTEGRITY_CHECK(0) INVALID_FAC(0)
06-13 06:36:29.460  2200  4416 W QCALOG  : [LOWIUtils] parseMeasurementInfo - Unable to extract CFR_CIR_LENGTH
06-13 06:36:29.460  2200  4416 D QCALOG  : [LOWIUtils] parseMeasurementInfo - RSSI_TIMESTAMP(1781350589118) RSSI(0) MEAS_AGE(-1) RTT_TIMESTAMP(1781350589118) RTT(104284) TX_PREAMBLE(3) TX_NSS(1) TX_BW(0) TX_MCS_IDX(0) TX_BIT_RATE(65) RX_PREAMBLE(0) RX_NSS(2) RX_BW(0) RX_MCS_IDX(0) RX_BIT_RATE(65) tx_chain_no(0) rx_chain_no(-1) TX_STS(0) TX_NREP(0) RX_STS(0) RX_NREP(0) R2I_NDP_INTEGRITY_CHECK(0) INVALID_FAC(0)
06-13 06:36:29.460  2200  4416 D QCALOG  : [LOWIUtils] parseIEDataInfo - Total IE's = 0
06-13 06:36:29.460  2200  4416 D QCALOG  : [LOWIUtils] parseScanMeasurements - RTT_TARGET_STATUS(0) BEACON_PERIOD(0), BEACON_CAPS(0), IE_LENGTH(0)
06-13 06:36:29.460  2200  4416 D QCALOG  : [LOWIUtils] parseRangingScanMeasurements - MAX_BSS_IND = 0, NUM_COLOC_BSS = 0, Peer OEM = 0
06-13 06:36:29.461  2200  4416 D QCALOG  : [LOWIUtils] parseScanMeasurements - FREQUENCY(5785) IS_SECURE(0) NODE_TYPE(1)RTT_TYPE(1) ADD_INFO 0x0tmr_subtype(0) security_mode(0)
06-13 06:36:29.461  2200  4416 D QCALOG  : [LOWIUtils] COUNTRY_CODE is 
06-13 06:36:29.461  2200  4416 D QCALOG  : [LOWIUtils] parseScanMeasurements - CELL_POWER(0) INDOOR OUTDOOR( ), MEASUREMENT_NUM(0)
06-13 06:36:29.461  2200  4416 D QCALOG  : [LOWIUtils] parseMeasurementInfo - Total measurements = 2
06-13 06:36:29.461  2200  4416 W QCALOG  : [LOWIUtils] parseMeasurementInfo - Unable to extract CFR_CIR_LENGTH
06-13 06:36:29.462  2200  4416 D QCALOG  : [LOWIUtils] parseMeasurementInfo - RSSI_TIMESTAMP(1781350589118) RSSI(0) MEAS_AGE(-1) RTT_TIMESTAMP(1781350589118) RTT(104315) TX_PREAMBLE(3) TX_NSS(1) TX_BW(0) TX_MCS_IDX(0) TX_BIT_RATE(65) RX_PREAMBLE(0) RX_NSS(2) RX_BW(0) RX_MCS_IDX(0) RX_BIT_RATE(65) tx_chain_no(0) rx_chain_no(-1) TX_STS(0) TX_NREP(0) RX_STS(0) RX_NREP(0) R2I_NDP_INTEGRITY_CHECK(0) INVALID_FAC(0)
06-13 06:36:29.462  2200  4416 W QCALOG  : [LOWIUtils] parseMeasurementInfo - Unable to extract CFR_CIR_LENGTH
06-13 06:36:29.463  2200  4416 D QCALOG  : [LOWIUtils] parseMeasurementInfo - RSSI_TIMESTAMP(1781350589118) RSSI(0) MEAS_AGE(-1) RTT_TIMESTAMP(1781350589118) RTT(104274) TX_PREAMBLE(3) TX_NSS(1) TX_BW(0) TX_MCS_IDX(0) TX_BIT_RATE(65) RX_PREAMBLE(0) RX_NSS(2) RX_BW(0) RX_MCS_IDX(0) RX_BIT_RATE(65) tx_chain_no(0) rx_chain_no(-1) TX_STS(0) TX_NREP(0) RX_STS(0) RX_NREP(0) R2I_NDP_INTEGRITY_CHECK(0) INVALID_FAC(0)
06-13 06:36:29.463  2200  4416 D QCALOG  : [LOWIUtils] parseIEDataInfo - Total IE's = 0
06-13 06:36:29.463  2200  4416 D QCALOG  : [LOWIUtils] parseScanMeasurements - RTT_TARGET_STATUS(0) BEACON_PERIOD(0), BEACON_CAPS(0), IE_LENGTH(0)
06-13 06:36:29.464  2200  4416 D QCALOG  : [LOWIUtils] parseRangingScanMeasurements - MAX_BSS_IND = 0, NUM_COLOC_BSS = 0, Peer OEM = 0
06-13 06:36:29.464  2200  4416 D QCALOG  : [LOWIUtils] parseScanMeasurements - FREQUENCY(5220) IS_SECURE(0) NODE_TYPE(1)RTT_TYPE(1) ADD_INFO 0x0tmr_subtype(0) security_mode(0)
06-13 06:36:29.464  2200  4416 D QCALOG  : [LOWIUtils] COUNTRY_CODE is 
06-13 06:36:29.464  2200  4416 D QCALOG  : [LOWIUtils] parseScanMeasurements - CELL_POWER(0) INDOOR OUTDOOR( ), MEASUREMENT_NUM(0)
06-13 06:36:29.464  2200  4416 D QCALOG  : [LOWIUtils] parseMeasurementInfo - Total measurements = 2
06-13 06:36:29.464  2200  4416 W QCALOG  : [LOWIUtils] parseMeasurementInfo - Unable to extract CFR_CIR_LENGTH
06-13 06:36:29.465  2200  4416 D QCALOG  : [LOWIUtils] parseMeasurementInfo - RSSI_TIMESTAMP(1781350589159) RSSI(0) MEAS_AGE(-1) RTT_TIMESTAMP(1781350589159) RTT(103922) TX_PREAMBLE(3) TX_NSS(1) TX_BW(0) TX_MCS_IDX(0) TX_BIT_RATE(65) RX_PREAMBLE(0) RX_NSS(2) RX_BW(0) RX_MCS_IDX(0) RX_BIT_RATE(65) tx_chain_no(0) rx_chain_no(-1) TX_STS(0) TX_NREP(0) RX_STS(0) RX_NREP(0) R2I_NDP_INTEGRITY_CHECK(0) INVALID_FAC(0)
06-13 06:36:29.465  2200  4416 W QCALOG  : [LOWIUtils] parseMeasurementInfo - Unable to extract CFR_CIR_LENGTH
06-13 06:36:29.465  2200  4416 D QCALOG  : [LOWIUtils] parseMeasurementInfo - RSSI_TIMESTAMP(1781350589159) RSSI(0) MEAS_AGE(-1) RTT_TIMESTAMP(1781350589159) RTT(103918) TX_PREAMBLE(3) TX_NSS(1) TX_BW(0) TX_MCS_IDX(0) TX_BIT_RATE(65) RX_PREAMBLE(0) RX_NSS(2) RX_BW(0) RX_MCS_IDX(0) RX_BIT_RATE(65) tx_chain_no(0) rx_chain_no(-1) TX_STS(0) TX_NREP(0) RX_STS(0) RX_NREP(0) R2I_NDP_INTEGRITY_CHECK(0) INVALID_FAC(0)
06-13 06:36:29.465  2200  4416 D QCALOG  : [LOWIUtils] parseIEDataInfo - Total IE's = 0
06-13 06:36:29.465  2200  4416 D QCALOG  : [LOWIUtils] parseScanMeasurements - RTT_TARGET_STATUS(0) BEACON_PERIOD(0), BEACON_CAPS(0), IE_LENGTH(0)
06-13 06:36:29.466  2200  4416 D QCALOG  : [LOWIUtils] parseRangingScanMeasurements - MAX_BSS_IND = 0, NUM_COLOC_BSS = 0, Peer OEM = 0
06-13 06:36:29.467  2200  4416 D QCALOG  : [LOWIUtils] parseScanMeasurements - FREQUENCY(5500) IS_SECURE(0) NODE_TYPE(1)RTT_TYPE(1) ADD_INFO 0x0tmr_subtype(0) security_mode(0)
06-13 06:36:29.467  2200  4416 D QCALOG  : [LOWIUtils] COUNTRY_CODE is 
06-13 06:36:29.467  2200  4416 D QCALOG  : [LOWIUtils] parseScanMeasurements - CELL_POWER(0) INDOOR OUTDOOR( ), MEASUREMENT_NUM(0)
06-13 06:36:29.467  2200  4416 D QCALOG  : [LOWIUtils] parseMeasurementInfo - Total measurements = 2
06-13 06:36:29.468  2200  4416 W QCALOG  : [LOWIUtils] parseMeasurementInfo - Unable to extract CFR_CIR_LENGTH
06-13 06:36:29.468  2200  4416 D QCALOG  : [LOWIUtils] parseMeasurementInfo - RSSI_TIMESTAMP(1781350589448) RSSI(0) MEAS_AGE(-1) RTT_TIMESTAMP(1781350589448) RTT(103699) TX_PREAMBLE(3) TX_NSS(1) TX_BW(0) TX_MCS_IDX(0) TX_BIT_RATE(65) RX_PREAMBLE(0) RX_NSS(2) RX_BW(0) RX_MCS_IDX(0) RX_BIT_RATE(65) tx_chain_no(0) rx_chain_no(-1) TX_STS(0) TX_NREP(0) RX_STS(0) RX_NREP(0) R2I_NDP_INTEGRITY_CHECK(0) INVALID_FAC(0)
06-13 06:36:29.468  2200  4416 W QCALOG  : [LOWIUtils] parseMeasurementInfo - Unable to extract CFR_CIR_LENGTH
06-13 06:36:29.468  2200  4416 D QCALOG  : [LOWIUtils] parseMeasurementInfo - RSSI_TIMESTAMP(1781350589448) RSSI(0) MEAS_AGE(-1) RTT_TIMESTAMP(1781350589448) RTT(103779) TX_PREAMBLE(3) TX_NSS(1) TX_BW(0) TX_MCS_IDX(0) TX_BIT_RATE(65) RX_PREAMBLE(0) RX_NSS(2) RX_BW(0) RX_MCS_IDX(0) RX_BIT_RATE(65) tx_chain_no(0) rx_chain_no(-1) TX_STS(0) TX_NREP(0) RX_STS(0) RX_NREP(0) R2I_NDP_INTEGRITY_CHECK(0) INVALID_FAC(0)
06-13 06:36:29.468  2200  4416 D QCALOG  : [LOWIUtils] parseIEDataInfo - Total IE's = 0
06-13 06:36:29.468  2200  4416 D QCALOG  : [LOWIUtils] parseScanMeasurements - RTT_TARGET_STATUS(0) BEACON_PERIOD(0), BEACON_CAPS(0), IE_LENGTH(0)
06-13 06:36:29.469  2200  4416 D QCALOG  : [LOWIUtils] parseRangingScanMeasurements - MAX_BSS_IND = 0, NUM_COLOC_BSS = 0, Peer OEM = 0
06-13 06:36:29.469  2200  4416 D QCALOG  : [LOWIUtils] parseScanMeasurements - FREQUENCY(5500) IS_SECURE(0) NODE_TYPE(1)RTT_TYPE(1) ADD_INFO 0x0tmr_subtype(0) security_mode(0)
06-13 06:36:29.469  2200  4416 D QCALOG  : [LOWIUtils] COUNTRY_CODE is 
06-13 06:36:29.469  2200  4416 D QCALOG  : [LOWIUtils] parseScanMeasurements - CELL_POWER(0) INDOOR OUTDOOR( ), MEASUREMENT_NUM(0)
06-13 06:36:29.469  2200  4416 D QCALOG  : [LOWIUtils] parseMeasurementInfo - Total measurements = 2
06-13 06:36:29.469  2200  4416 W QCALOG  : [LOWIUtils] parseMeasurementInfo - Unable to extract CFR_CIR_LENGTH
06-13 06:36:29.470  2200  4416 D QCALOG  : [LOWIUtils] parseMeasurementInfo - RSSI_TIMESTAMP(1781350589448) RSSI(0) MEAS_AGE(-1) RTT_TIMESTAMP(1781350589448) RTT(103634) TX_PREAMBLE(3) TX_NSS(1) TX_BW(0) TX_MCS_IDX(0) TX_BIT_RATE(65) RX_PREAMBLE(0) RX_NSS(2) RX_BW(0) RX_MCS_IDX(0) RX_BIT_RATE(65) tx_chain_no(0) rx_chain_no(-1) TX_STS(0) TX_NREP(0) RX_STS(0) RX_NREP(0) R2I_NDP_INTEGRITY_CHECK(0) INVALID_FAC(0)
06-13 06:36:29.470  2200  4416 W QCALOG  : [LOWIUtils] parseMeasurementInfo - Unable to extract CFR_CIR_LENGTH
06-13 06:36:29.470  2200  4416 D QCALOG  : [LOWIUtils] parseMeasurementInfo - RSSI_TIMESTAMP(1781350589449) RSSI(0) MEAS_AGE(-1) RTT_TIMESTAMP(1781350589449) RTT(103737) TX_PREAMBLE(3) TX_NSS(1) TX_BW(0) TX_MCS_IDX(0) TX_BIT_RATE(65) RX_PREAMBLE(0) RX_NSS(2) RX_BW(0) RX_MCS_IDX(0) RX_BIT_RATE(65) tx_chain_no(0) rx_chain_no(-1) TX_STS(0) TX_NREP(0) RX_STS(0) RX_NREP(0) R2I_NDP_INTEGRITY_CHECK(0) INVALID_FAC(0)
06-13 06:36:29.470  2200  4416 D QCALOG  : [LOWIUtils] parseIEDataInfo - Total IE's = 0
06-13 06:36:29.470  2200  4416 D QCALOG  : [LOWIUtils] parseScanMeasurements - RTT_TARGET_STATUS(0) BEACON_PERIOD(0), BEACON_CAPS(0), IE_LENGTH(0)
06-13 06:36:29.471  2200  4416 D QCALOG  : [LOWIClientListener] Frequency = 5785, Is Secure = 0, Node type = 1
06-13 06:36:29.471  2200  4416 D QCALOG  : [LOWIClientListener] RSSI = 0, RSSI_TIMESTAMP = 1781350589118, RTT = 104280147ps, RTT_TIMESTAMP = 1781350589118
06-13 06:36:29.471  2200  4416 D QCALOG  : [LOWIClientListener] PREAMBLE = 3, BW = 0, MCS_IDX = 0, BIT_RATE = 65
06-13 06:36:29.471  2200  4416 D QCALOG  : [LOWIClientListener] RSSI = 0, RSSI_TIMESTAMP = 1781350589118, RTT = 104459834ps, RTT_TIMESTAMP = 1781350589118
06-13 06:36:29.471  2200  4416 D QCALOG  : [LOWIClientListener] PREAMBLE = 3, BW = 0, MCS_IDX = 0, BIT_RATE = 65
06-13 06:36:29.472  2200  4416 D QCALOG  : [LOWIClientListener] Frequency = 5785, Is Secure = 0, Node type = 1
06-13 06:36:29.472  2200  4416 D QCALOG  : [LOWIClientListener] RSSI = 0, RSSI_TIMESTAMP = 1781350589118, RTT = 104230928ps, RTT_TIMESTAMP = 1781350589118
06-13 06:36:29.472  2200  4416 D QCALOG  : [LOWIClientListener] PREAMBLE = 3, BW = 0, MCS_IDX = 0, BIT_RATE = 65
06-13 06:36:29.472  2200  4416 D QCALOG  : [LOWIClientListener] RSSI = 0, RSSI_TIMESTAMP = 1781350589118, RTT = 104284052ps, RTT_TIMESTAMP = 1781350589118
06-13 06:36:29.472  2200  4416 D QCALOG  : [LOWIClientListener] PREAMBLE = 3, BW = 0, MCS_IDX = 0, BIT_RATE = 65
06-13 06:36:29.472  2200  4416 D QCALOG  : [LOWIClientListener] Frequency = 5785, Is Secure = 0, Node type = 1
06-13 06:36:29.472  2200  4416 D QCALOG  : [LOWIClientListener] RSSI = 0, RSSI_TIMESTAMP = 1781350589118, RTT = 104315302ps, RTT_TIMESTAMP = 1781350589118
06-13 06:36:29.472  2200  4416 D QCALOG  : [LOWIClientListener] PREAMBLE = 3, BW = 0, MCS_IDX = 0, BIT_RATE = 65
06-13 06:36:29.473  2200  4416 D QCALOG  : [LOWIClientListener] RSSI = 0, RSSI_TIMESTAMP = 1781350589118, RTT = 104274678ps, RTT_TIMESTAMP = 1781350589118
06-13 06:36:29.473  2200  4416 D QCALOG  : [LOWIClientListener] PREAMBLE = 3, BW = 0, MCS_IDX = 0, BIT_RATE = 65
06-13 06:36:29.473  2200  4416 D QCALOG  : [LOWIClientListener] Frequency = 5220, Is Secure = 0, Node type = 1
06-13 06:36:29.473  2200  4416 D QCALOG  : [LOWIClientListener] RSSI = 0, RSSI_TIMESTAMP = 1781350589159, RTT = 103922539ps, RTT_TIMESTAMP = 1781350589159
06-13 06:36:29.473  2200  4416 D QCALOG  : [LOWIClientListener] PREAMBLE = 3, BW = 0, MCS_IDX = 0, BIT_RATE = 65
06-13 06:36:29.473  2200  4416 D QCALOG  : [LOWIClientListener] RSSI = 0, RSSI_TIMESTAMP = 1781350589159, RTT = 103918633ps, RTT_TIMESTAMP = 1781350589159
06-13 06:36:29.473  2200  4416 D QCALOG  : [LOWIClientListener] PREAMBLE = 3, BW = 0, MCS_IDX = 0, BIT_RATE = 65
06-13 06:36:29.473  2200  4416 D QCALOG  : [LOWIClientListener] Frequency = 5500, Is Secure = 0, Node type = 1
06-13 06:36:29.473  2200  4416 D QCALOG  : [LOWIClientListener] RSSI = 0, RSSI_TIMESTAMP = 1781350589448, RTT = 103699676ps, RTT_TIMESTAMP = 1781350589448
06-13 06:36:29.473  2200  4416 D QCALOG  : [LOWIClientListener] PREAMBLE = 3, BW = 0, MCS_IDX = 0, BIT_RATE = 65
06-13 06:36:29.473  2200  4416 D QCALOG  : [LOWIClientListener] RSSI = 0, RSSI_TIMESTAMP = 1781350589448, RTT = 103779365ps, RTT_TIMESTAMP = 1781350589448
06-13 06:36:29.473  2200  4416 D QCALOG  : [LOWIClientListener] PREAMBLE = 3, BW = 0, MCS_IDX = 0, BIT_RATE = 65
06-13 06:36:29.473  2200  4416 D QCALOG  : [LOWIClientListener] Frequency = 5500, Is Secure = 0, Node type = 1
06-13 06:36:29.474  2200  4416 D QCALOG  : [LOWIClientListener] RSSI = 0, RSSI_TIMESTAMP = 1781350589448, RTT = 103634833ps, RTT_TIMESTAMP = 1781350589448
06-13 06:36:29.474  2200  4416 D QCALOG  : [LOWIClientListener] PREAMBLE = 3, BW = 0, MCS_IDX = 0, BIT_RATE = 65
06-13 06:36:29.474  2200  4416 D QCALOG  : [LOWIClientListener] RSSI = 0, RSSI_TIMESTAMP = 1781350589449, RTT = 103737176ps, RTT_TIMESTAMP = 1781350589449
06-13 06:36:29.474  2200  4416 D QCALOG  : [LOWIClientListener] PREAMBLE = 3, BW = 0, MCS_IDX = 0, BIT_RATE = 65
06-13 06:36:29.474  2200  4416 D QCALOG  : [LOWIClientListener] computeRttMetrics: 5a:4c:77:**:**:11 RTT Chain_0 Final Mean:100000000.0000 Max:104280147 Min:100000000 Spread:4280147 Stdev:0 median: 100000000
06-13 06:36:29.474  2200  4416 D QCALOG  : [LOWIClientListener] @printWiFiHalNodeResult(): BSSID: 5a:4c:77:**:**:11, timestamp:(26322827000)
06-13 06:36:29.474  2200  4416 D QCALOG  : [LOWIClientListener] @printWiFiHalNodeResult(): measurement_num(0), status(RTT_STATUS_SUCCESS), type(RTT_TYPE_1_SIDED)
06-13 06:36:29.474  2200  4416 I QCALOG  : [LOWIClientListener] printWiFiHalNodeResult: rssi(0), rssi_spread(0), rtt(100000000), rtt_sd(0), rtt_spread(4280147)
06-13 06:36:29.475  2200  4416 D QCALOG  : [LOWIClientListener] @printWiFiHalNodeResult(): tx_rate info: preamble(VHT), nss(2x2), bw(WIFI_CHAN_WIDTH_80P80), mcs_idx(0), bitrate(65)
06-13 06:36:29.475  2200  4416 D QCALOG  : [LOWIClientListener] @printWiFiHalNodeResult(): distance_mm(15000001), distance_spread_mm(642022), distance_sd_mm(0)
06-13 06:36:29.475  2200  4416 D QCALOG  : [LOWIClientListener] @printWiFiHalNodeResult(): frequency(5785), packet_bw(4)
06-13 06:36:29.475  2200  4416 D QCALOG  : [LOWIClientListener] computeRttMetrics: 4a:4c:77:**:**:11 RTT Chain_0 Final Mean:100000000.0000 Max:104230928 Min:100000000 Spread:4230928 Stdev:0 median: 100000000
06-13 06:36:29.475  2200  4416 D QCALOG  : [LOWIClientListener] @printWiFiHalNodeResult(): BSSID: 4a:4c:77:**:**:11, timestamp:(26322828000)
06-13 06:36:29.475  2200  4416 D QCALOG  : [LOWIClientListener] @printWiFiHalNodeResult(): measurement_num(0), status(RTT_STATUS_SUCCESS), type(RTT_TYPE_1_SIDED)
06-13 06:36:29.476  2200  4416 I QCALOG  : [LOWIClientListener] printWiFiHalNodeResult: rssi(0), rssi_spread(0), rtt(100000000), rtt_sd(0), rtt_spread(4230928)
06-13 06:36:29.476  2200  4416 D QCALOG  : [LOWIClientListener] @printWiFiHalNodeResult(): tx_rate info: preamble(VHT), nss(2x2), bw(WIFI_CHAN_WIDTH_80P80), mcs_idx(0), bitrate(65)
06-13 06:36:29.476  2200  4416 D QCALOG  : [LOWIClientListener] @printWiFiHalNodeResult(): distance_mm(15000001), distance_spread_mm(634639), distance_sd_mm(0)
06-13 06:36:29.476  2200  4416 D QCALOG  : [LOWIClientListener] @printWiFiHalNodeResult(): frequency(5785), packet_bw(4)
06-13 06:36:29.476  2200  4416 D QCALOG  : [LOWIClientListener] computeRttMetrics: 40:4c:77:**:**:11 RTT Chain_0 Final Mean:100000000.0000 Max:104315302 Min:100000000 Spread:4315302 Stdev:0 median: 100000000
06-13 06:36:29.476  2200  4416 D QCALOG  : [LOWIClientListener] @printWiFiHalNodeResult(): BSSID: 40:4c:77:**:**:11, timestamp:(26322829000)
06-13 06:36:29.476  2200  4416 D QCALOG  : [LOWIClientListener] @printWiFiHalNodeResult(): measurement_num(0), status(RTT_STATUS_SUCCESS), type(RTT_TYPE_1_SIDED)
06-13 06:36:29.476  2200  4416 I QCALOG  : [LOWIClientListener] printWiFiHalNodeResult: rssi(0), rssi_spread(0), rtt(100000000), rtt_sd(0), rtt_spread(4315302)
06-13 06:36:29.476  2200  4416 D QCALOG  : [LOWIClientListener] @printWiFiHalNodeResult(): tx_rate info: preamble(VHT), nss(2x2), bw(WIFI_CHAN_WIDTH_80P80), mcs_idx(0), bitrate(65)
06-13 06:36:29.476  2200  4416 D QCALOG  : [LOWIClientListener] @printWiFiHalNodeResult(): distance_mm(15000001), distance_spread_mm(647295), distance_sd_mm(0)
06-13 06:36:29.476  2200  4416 D QCALOG  : [LOWIClientListener] @printWiFiHalNodeResult(): frequency(5785), packet_bw(4)
06-13 06:36:29.476  2200  4416 D QCALOG  : [LOWIClientListener] computeRttMetrics: f0:09:0d:**:**:01 RTT Chain_0 Final Mean:100000000.0000 Max:103922539 Min:100000000 Spread:3922539 Stdev:0 median: 100000000
06-13 06:36:29.476  2200  4416 D QCALOG  : [LOWIClientListener] @printWiFiHalNodeResult(): BSSID: f0:09:0d:**:**:01, timestamp:(26322830000)
06-13 06:36:29.477  2200  4416 D QCALOG  : [LOWIClientListener] @printWiFiHalNodeResult(): measurement_num(0), status(RTT_STATUS_SUCCESS), type(RTT_TYPE_1_SIDED)
06-13 06:36:29.477  2200  4416 I QCALOG  : [LOWIClientListener] printWiFiHalNodeResult: rssi(0), rssi_spread(0), rtt(100000000), rtt_sd(0), rtt_spread(3922539)
06-13 06:36:29.477  2200  4416 D QCALOG  : [LOWIClientListener] @printWiFiHalNodeResult(): tx_rate info: preamble(VHT), nss(2x2), bw(WIFI_CHAN_WIDTH_80P80), mcs_idx(0), bitrate(65)
06-13 06:36:29.477  2200  4416 D QCALOG  : [LOWIClientListener] @printWiFiHalNodeResult(): distance_mm(15000001), distance_spread_mm(588380), distance_sd_mm(0)
06-13 06:36:29.477  2200  4416 D QCALOG  : [LOWIClientListener] @printWiFiHalNodeResult(): frequency(5220), packet_bw(4)
06-13 06:36:29.477  2200  4416 D QCALOG  : [LOWIClientListener] computeRttMetrics: 60:d8:a4:**:**:9d RTT Chain_0 Final Mean:100000000.0000 Max:103699676 Min:100000000 Spread:3699676 Stdev:0 median: 100000000
06-13 06:36:29.477  2200  4416 D QCALOG  : [LOWIClientListener] @printWiFiHalNodeResult(): BSSID: 60:d8:a4:**:**:9d, timestamp:(26322830000)
06-13 06:36:29.477  2200  4416 D QCALOG  : [LOWIClientListener] @printWiFiHalNodeResult(): measurement_num(0), status(RTT_STATUS_SUCCESS), type(RTT_TYPE_1_SIDED)
06-13 06:36:29.477  2200  4416 I QCALOG  : [LOWIClientListener] printWiFiHalNodeResult: rssi(0), rssi_spread(0), rtt(100000000), rtt_sd(0), rtt_spread(3699676)
06-13 06:36:29.478  2200  4416 D QCALOG  : [LOWIClientListener] @printWiFiHalNodeResult(): tx_rate info: preamble(VHT), nss(2x2), bw(WIFI_CHAN_WIDTH_80P80), mcs_idx(0), bitrate(65)
06-13 06:36:29.478  2200  4416 D QCALOG  : [LOWIClientListener] @printWiFiHalNodeResult(): distance_mm(15000001), distance_spread_mm(554951), distance_sd_mm(0)
06-13 06:36:29.478  2200  4416 D QCALOG  : [LOWIClientListener] @printWiFiHalNodeResult(): frequency(5500), packet_bw(4)
06-13 06:36:29.478  2200  4416 D QCALOG  : [LOWIClientListener] computeRttMetrics: 62:d8:a4:**:**:f9 RTT Chain_0 Final Mean:100000000.0000 Max:103634833 Min:100000000 Spread:3634833 Stdev:0 median: 100000000
06-13 06:36:29.478  2200  4416 D QCALOG  : [LOWIClientListener] @printWiFiHalNodeResult(): BSSID: 62:d8:a4:**:**:f9, timestamp:(26322831000)
06-13 06:36:29.478  2200  4416 D QCALOG  : [LOWIClientListener] @printWiFiHalNodeResult(): measurement_num(0), status(RTT_STATUS_SUCCESS), type(RTT_TYPE_1_SIDED)
06-13 06:36:29.478  2200  4416 I QCALOG  : [LOWIClientListener] printWiFiHalNodeResult: rssi(0), rssi_spread(0), rtt(100000000), rtt_sd(0), rtt_spread(3634833)
06-13 06:36:29.478  2200  4416 D QCALOG  : [LOWIClientListener] @printWiFiHalNodeResult(): tx_rate info: preamble(VHT), nss(2x2), bw(WIFI_CHAN_WIDTH_80P80), mcs_idx(0), bitrate(65)
06-13 06:36:29.478  2200  4416 D QCALOG  : [LOWIClientListener] @printWiFiHalNodeResult(): distance_mm(15000001), distance_spread_mm(545225), distance_sd_mm(0)
06-13 06:36:29.478  2200  4416 D QCALOG  : [LOWIClientListener] @printWiFiHalNodeResult(): frequency(5500), packet_bw(4)
06-13 06:36:29.482  2200  4360 D QCALOG  : [LOWI-WIFIHAL-2.1.1.27] printWiFiHalRequest: Request_id: 1243, numBssids : 6
06-13 06:36:29.482  2200  4360 D QCALOG  : [LOWI-WIFIHAL-2.1.1.27] wifiNodeParamChecking: Request_id: 1243, numBssids : 6
06-13 06:36:29.482  2200  4360 D QCALOG  : [LOWIUtils] requestToOutPostcard - Added a node card to the main card
06-13 06:36:29.483  2200  4360 D QCALOG  : [LOWIUtils] requestToOutPostcard - Added a node card to the main card
06-13 06:36:29.483  2200  4360 D QCALOG  : [LOWIUtils] requestToOutPostcard - Added a node card to the main card
06-13 06:36:29.483  2200  4360 D QCALOG  : [LOWIUtils] requestToOutPostcard - Added a node card to the main card
06-13 06:36:29.483  2200  4360 D QCALOG  : [LOWIUtils] requestToOutPostcard - Added a node card to the main card
06-13 06:36:29.483  2200  4360 D QCALOG  : [LOWIUtils] requestToOutPostcard - Added a node card to the main card
06-13 06:36:29.483  2200  4360 D QCALOG  : [LOWI-WIFIHAL-2.1.1.27] printLowiRequest: Request_id: 245, numBssids: 6
06-13 06:36:29.483  2200  4360 D QCALOG  : [LOWI-WIFIHAL-2.1.1.27] printLowiRequest: freq(5500)MHz, band_center_freq1(5530)MHz, band_center_freq2(0)MHz, rttType(RTT2), bwType(BW_80MHZ), pktsPerMeas(2)
06-13 06:36:29.483  2200  4360 D QCALOG  : [LOWI-WIFIHAL-2.1.1.27] printLowiRequest: periodic(0), burstPeriod(0) ms, numBursts(0), numRetries(3)
06-13 06:36:29.483  2200  4360 D QCALOG  : [LOWI-WIFIHAL-2.1.1.27] printLowiRequest: LCI Req(0x1) Civic(0x1) Bursts Exp(0) Burst Duration(9) Burst Period(0)
06-13 06:36:29.483  2200  4360 D QCALOG  : [LOWI-WIFIHAL-2.1.1.27] printLowiRequest: freq(5500)MHz, band_center_freq1(5530)MHz, band_center_freq2(0)MHz, rttType(RTT2), bwType(BW_80MHZ), pktsPerMeas(2)
06-13 06:36:29.483  2982  3005 D LOWI-9.0.1.74: [MqClientIpcReciver] FROM: 73fd882c00-LC
06-13 06:36:29.484  2982  3005 D LOWI-9.0.1.74: [MqClientIpcReciver] REQ:  LOWI_PERIODIC_RANGING_SCAN
06-13 06:36:29.484  2982  3005 D LOWI-9.0.1.74: [MqClientIpcReciver] TX-ID:  245
06-13 06:36:29.483  2200  4360 D QCALOG  : [LOWI-WIFIHAL-2.1.1.27] printLowiRequest: periodic(0), burstPeriod(0) ms, numBursts(0), numRetries(3)
06-13 06:36:29.484  2200  4360 D QCALOG  : [LOWI-WIFIHAL-2.1.1.27] printLowiRequest: LCI Req(0x1) Civic(0x1) Bursts Exp(0) Burst Duration(9) Burst Period(0)
06-13 06:36:29.484  2200  4360 D QCALOG  : [LOWI-WIFIHAL-2.1.1.27] printLowiRequest: freq(5220)MHz, band_center_freq1(5210)MHz, band_center_freq2(5250)MHz, rttType(RTT2), bwType(BW_160MHZ), pktsPerMeas(2)
06-13 06:36:29.484  2982  3006 D LOWI-9.0.1.74: [LOWIEventReceiver] handleEvent:FROM:73fd882c00-LC, TO:LOWI-SERVER, REQ:LOWI_PERIODIC_RANGING_SCAN, IREQ:NA, REQ_ID:245, RESP:NA, INFO:NA
06-13 06:36:29.484  2982  3006 I LOWI-9.0.1.74: [LOWIUtils] inPostcardToRequest - FROM: 73fd882c00-LC, TO:   LOWI-SERVER, REQ:  LOWI_PERIODIC_RANGING_SCAN
06-13 06:36:29.484  2200  4360 D QCALOG  : [LOWI-WIFIHAL-2.1.1.27] printLowiRequest: periodic(0), burstPeriod(0) ms, numBursts(0), numRetries(3)
06-13 06:36:29.484  2982  3006 D LOWI-9.0.1.74: [LOWIUtils] parseRangReqInfo - Request id(245) REQ_TIMEOUT(0) RANGING_SCAN_REPORT_TYPE(2), NUM_OF_NODES(6)
06-13 06:36:29.484  2200  4360 D QCALOG  : [LOWI-WIFIHAL-2.1.1.27] printLowiRequest: LCI Req(0x1) Civic(0x1) Bursts Exp(0) Burst Duration(9) Burst Period(0)
06-13 06:36:29.484  2200  4360 D QCALOG  : [LOWI-WIFIHAL-2.1.1.27] printLowiRequest: freq(5785)MHz, band_center_freq1(5775)MHz, band_center_freq2(0)MHz, rttType(RTT2), bwType(BW_80MHZ), pktsPerMeas(2)
06-13 06:36:29.484  2200  4360 D QCALOG  : [LOWI-WIFIHAL-2.1.1.27] printLowiRequest: periodic(0), burstPeriod(0) ms, numBursts(0), numRetries(3)
06-13 06:36:29.484  2982  3006 D LOWI-9.0.1.74: [LOWIUtils] parseRangScanParams - 62:d8:a4:**:**:f9 FREQ(5500 - 5530, 0) NODE_TYPE(1) RTT Type(1) BW(2) PREAMBLE(2) PKTS_PER_MEAS(2) RETRIES_PER_MEAS(3) PHYMODE(-1)
06-13 06:36:29.484  2982  3006 D LOWI-9.0.1.74: [LOWIUtils] parseRangScanParams - isRttBgNode 0 tbPeriodicity 0 tbDuration 0 tbMaxSessionExpiry 0
06-13 06:36:29.484  2200  4360 D QCALOG  : [LOWI-WIFIHAL-2.1.1.27] printLowiRequest: LCI Req(0x1) Civic(0x1) Bursts Exp(0) Burst Duration(9) Burst Period(0)
06-13 06:36:29.484  2200  4360 D QCALOG  : [LOWI-WIFIHAL-2.1.1.27] printLowiRequest: freq(5785)MHz, band_center_freq1(5775)MHz, band_center_freq2(0)MHz, rttType(RTT2), bwType(BW_80MHZ), pktsPerMeas(2)
06-13 06:36:29.484  2982  3006 D LOWI-9.0.1.74: [LOWIUtils] parseRangScanParams -  PERIODIC(0) PERIOD(0) COUNT(0)
06-13 06:36:29.484  2200  4360 D QCALOG  : [LOWI-WIFIHAL-2.1.1.27] printLowiRequest: periodic(0), burstPeriod(0) ms, numBursts(0), numRetries(3)
06-13 06:36:29.484  2200  4360 D QCALOG  : [LOWI-WIFIHAL-2.1.1.27] printLowiRequest: LCI Req(0x1) Civic(0x1) Bursts Exp(0) Burst Duration(9) Burst Period(0)
06-13 06:36:29.484  2200  4360 D QCALOG  : [LOWI-WIFIHAL-2.1.1.27] printLowiRequest: freq(5785)MHz, band_center_freq1(5775)MHz, band_center_freq2(0)MHz, rttType(RTT2), bwType(BW_80MHZ), pktsPerMeas(2)
06-13 06:36:29.484  2200  4360 D QCALOG  : [LOWI-WIFIHAL-2.1.1.27] printLowiRequest: periodic(0), burstPeriod(0) ms, numBursts(0), numRetries(3)
06-13 06:36:29.484  2200  4360 D QCALOG  : [LOWI-WIFIHAL-2.1.1.27] printLowiRequest: LCI Req(0x1) Civic(0x1) Bursts Exp(0) Burst Duration(9) Burst Period(0)
06-13 06:36:29.485  2982  3006 D LOWI-9.0.1.74: [LOWIUtils] parseRangScanParams - 60:d8:a4:**:**:9d FREQ(5500 - 5530, 0) NODE_TYPE(1) RTT Type(1) BW(2) PREAMBLE(2) PKTS_PER_MEAS(2) RETRIES_PER_MEAS(3) PHYMODE(-1)
06-13 06:36:29.485  2982  3006 D LOWI-9.0.1.74: [LOWIUtils] parseRangScanParams - isRttBgNode 0 tbPeriodicity 0 tbDuration 0 tbMaxSessionExpiry 0
06-13 06:36:29.485  2982  3006 D LOWI-9.0.1.74: [LOWIUtils] parseRangScanParams -  PERIODIC(0) PERIOD(0) COUNT(0)
06-13 06:36:29.485  2982  3006 D LOWI-9.0.1.74: [LOWIUtils] parseRangScanParams - f0:09:0d:**:**:01 FREQ(5220 - 5210, 5250) NODE_TYPE(1) RTT Type(1) BW(3) PREAMBLE(2) PKTS_PER_MEAS(2) RETRIES_PER_MEAS(3) PHYMODE(-1)
06-13 06:36:29.485  2982  3006 D LOWI-9.0.1.74: [LOWIUtils] parseRangScanParams - isRttBgNode 0 tbPeriodicity 0 tbDuration 0 tbMaxSessionExpiry 0
06-13 06:36:29.485  2982  3006 D LOWI-9.0.1.74: [LOWIUtils] parseRangScanParams -  PERIODIC(0) PERIOD(0) COUNT(0)
06-13 06:36:29.485  2982  3006 D LOWI-9.0.1.74: [LOWIUtils] parseRangScanParams - 40:4c:77:**:**:11 FREQ(5785 - 5775, 0) NODE_TYPE(1) RTT Type(1) BW(2) PREAMBLE(2) PKTS_PER_MEAS(2) RETRIES_PER_MEAS(3) PHYMODE(-1)
06-13 06:36:29.485  2982  3006 D LOWI-9.0.1.74: [LOWIUtils] parseRangScanParams - isRttBgNode 0 tbPeriodicity 0 tbDuration 0 tbMaxSessionExpiry 0
06-13 06:36:29.485  2982  3006 D LOWI-9.0.1.74: [LOWIUtils] parseRangScanParams -  PERIODIC(0) PERIOD(0) COUNT(0)
06-13 06:36:29.485  2982  3006 D LOWI-9.0.1.74: [LOWIUtils] parseRangScanParams - 4a:4c:77:**:**:11 FREQ(5785 - 5775, 0) NODE_TYPE(1) RTT Type(1) BW(2) PREAMBLE(2) PKTS_PER_MEAS(2) RETRIES_PER_MEAS(3) PHYMODE(-1)
06-13 06:36:29.485  2982  3006 D LOWI-9.0.1.74: [LOWIUtils] parseRangScanParams - isRttBgNode 0 tbPeriodicity 0 tbDuration 0 tbMaxSessionExpiry 0
06-13 06:36:29.485  2982  3006 D LOWI-9.0.1.74: [LOWIUtils] parseRangScanParams -  PERIODIC(0) PERIOD(0) COUNT(0)
06-13 06:36:29.485  2982  3006 D LOWI-9.0.1.74: [LOWIUtils] parseRangScanParams - 5a:4c:77:**:**:11 FREQ(5785 - 5775, 0) NODE_TYPE(1) RTT Type(1) BW(2) PREAMBLE(2) PKTS_PER_MEAS(2) RETRIES_PER_MEAS(3) PHYMODE(-1)
06-13 06:36:29.485  2982  3006 D LOWI-9.0.1.74: [LOWIUtils] parseRangScanParams - isRttBgNode 0 tbPeriodicity 0 tbDuration 0 tbMaxSessionExpiry 0
06-13 06:36:29.485  2982  3006 D LOWI-9.0.1.74: [LOWIUtils] parseRangScanParams -  PERIODIC(0) PERIOD(0) COUNT(0)
06-13 06:36:29.485  2982  3006 D LOWI-9.0.1.74: [LOWIController] _process: Request 73fd882c00-LC_245 received, type(PERIODIC_RANGING_SCAN)
06-13 06:36:29.485  2982  3006 D LOWI-9.0.1.74: [LOWIBackgroundScanMgr] isReqForBgScanMgr: PERIODIC_RANGING_SCAN - not handled
06-13 06:36:29.485  2982  3006 D LOWI-9.0.1.74: [LOWIScheduler] manageRequest: Received: PERIODIC_RANGING_SCAN
06-13 06:36:29.485  2982  3006 D LOWI-9.0.1.74: [LOWIScheduler] manageRequest: NumPeriodicNodesInDB(0) DBsize(6) mTimerRunning(0)
06-13 06:36:29.485  2982  3006 D LOWI-9.0.1.74: [LOWIScheduler] ****************************** WiFiNode Database *****************************************************************************************
06-13 06:36:29.485  2982  3006 D LOWI-9.0.1.74: [LOWIScheduler] Num of remaining nodes: 6
06-13 06:36:29.485  2982  3006 D LOWI-9.0.1.74: [LOWIScheduler] BSSID             Freq nodeT rttT  BW     pkts cont period       numMeas perCntr retries retCntr ReqId      schId      nodeState                  
06-13 06:36:29.485  2982  3006 D LOWI-9.0.1.74: [LOWIScheduler] 5a:4c:77:**:**:11 5785 AP    RTT2  BW_80  2    0    0            0       0       3       0       245        0          WIFI_NODE_READY_FOR_REQ    
06-13 06:36:29.485  2982  3006 D LOWI-9.0.1.74: [LOWIScheduler] 4a:4c:77:**:**:11 5785 AP    RTT2  BW_80  2    0    0            0       0       3       0       245        0          WIFI_NODE_READY_FOR_REQ    
06-13 06:36:29.485  2982  3006 D LOWI-9.0.1.74: [LOWIScheduler] 40:4c:77:**:**:11 5785 AP    RTT2  BW_80  2    0    0            0       0       3       0       245        0          WIFI_NODE_READY_FOR_REQ    
06-13 06:36:29.485  2982  3006 D LOWI-9.0.1.74: [LOWIScheduler] f0:09:0d:**:**:01 5220 AP    RTT2  BW_160 2    0    0            0       0       3       0       245        0          WIFI_NODE_READY_FOR_REQ    
06-13 06:36:29.485  2982  3006 D LOWI-9.0.1.74: [LOWIScheduler] 60:d8:a4:**:**:9d 5500 AP    RTT2  BW_80  2    0    0            0       0       3       0       245        0          WIFI_NODE_READY_FOR_REQ    
06-13 06:36:29.485  2982  3006 D LOWI-9.0.1.74: [LOWIScheduler] 62:d8:a4:**:**:f9 5500 AP    RTT2  BW_80  2    0    0            0       0       3       0       245        0          WIFI_NODE_READY_FOR_REQ    
06-13 06:36:29.485  2982  3006 D LOWI-9.0.1.74: [LOWIScheduler] ******************************************************************************************************************************************
06-13 06:36:29.485  2982  3006 D LOWI-9.0.1.74: [LOWIScheduler] setupRequest: nodes in wifi req(6) wigig req(0) bg_nodes req(0)
06-13 06:36:29.485  2982  3006 D LOWI-9.0.1.74: [LOWIScheduler] schReqId: 2982-244
06-13 06:36:29.485  2982  3006 D LOWI-9.0.1.74: [LOWIController] isWifiEnabled: mNlWifiStatus 2 mWifiStateEnabled 1
06-13 06:36:29.485  2982  3006 D LOWI-9.0.1.74: [LOWI-ROME-RTT] RomeUnblockRangingThread
06-13 06:36:29.486  2982  3006 D LOWI-9.0.1.74: [LOWIController] issueRequest: LOWIRequestOriginator_195428596 sent to driver request - SUCCESS
06-13 06:36:29.486  2982  3006 D LOWI-9.0.1.74: [LOWIScheduler] setupRequest: database updated
06-13 06:36:29.486  2982  3006 D LOWI-9.0.1.74: [LOWIScheduler] ****************************** WiFiNode Database *****************************************************************************************
06-13 06:36:29.486  2982  3006 D LOWI-9.0.1.74: [LOWIScheduler] Num of remaining nodes: 6
06-13 06:36:29.486  2982  3006 D LOWI-9.0.1.74: [LOWIScheduler] BSSID             Freq nodeT rttT  BW     pkts cont period       numMeas perCntr retries retCntr ReqId      schId      nodeState                  
06-13 06:36:29.486  2982  3006 D LOWI-9.0.1.74: [LOWIScheduler] 5a:4c:77:**:**:11 5785 AP    RTT2  BW_80  2    0    0            0       0       3       0       245        195428596  WIFI_NODE_MEAS_IN_PROGRESS 
06-13 06:36:29.486  2982  3006 D LOWI-9.0.1.74: [LOWIScheduler] 4a:4c:77:**:**:11 5785 AP    RTT2  BW_80  2    0    0            0       0       3       0       245        195428596  WIFI_NODE_MEAS_IN_PROGRESS 
06-13 06:36:29.486  2982  3006 D LOWI-9.0.1.74: [LOWIScheduler] 40:4c:77:**:**:11 5785 AP    RTT2  BW_80  2    0    0            0       0       3       0       245        195428596  WIFI_NODE_MEAS_IN_PROGRESS 
06-13 06:36:29.486  2982  3006 D LOWI-9.0.1.74: [LOWIScheduler] f0:09:0d:**:**:01 5220 AP    RTT2  BW_160 2    0    0            0       0       3       0       245        195428596  WIFI_NODE_MEAS_IN_PROGRESS 
06-13 06:36:29.486  2982  3006 D LOWI-9.0.1.74: [LOWIScheduler] 60:d8:a4:**:**:9d 5500 AP    RTT2  BW_80  2    0    0            0       0       3       0       245        195428596  WIFI_NODE_MEAS_IN_PROGRESS 
06-13 06:36:29.486  2982  3006 D LOWI-9.0.1.74: [LOWIScheduler] 62:d8:a4:**:**:f9 5500 AP    RTT2  BW_80  2    0    0            0       0       3       0       245        195428596  WIFI_NODE_MEAS_IN_PROGRESS 
06-13 06:36:29.486  2982  3006 D LOWI-9.0.1.74: [LOWIScheduler] ******************************************************************************************************************************************
06-13 06:36:29.486  2982  3006 D LOWI-9.0.1.74: [LOWIController] Scheduler is managing the msg
06-13 06:36:29.486  2982  4414 D LOWI-9.0.1.74: [LOWI-ROME-RTT] RomeWaitOnActivityOnSocketOrPipe: Ranging thread Received string: Close, request socket shutdown 
06-13 06:36:29.486  2982  4414 D LOWI-9.0.1.74: [LOWIRangingFSM] FSM: Received Event EVENT_RANGING_REQ, Current state: STATE_READY_AND_IDLE
06-13 06:36:29.486  2982  4414 I LOWI-9.0.1.74: [LOWIRangingFSM] Skipping TMR check temporarily 
06-13 06:36:29.486  2982  4414 I LOWI-9.0.1.74: [LOWIRangingFSM] PrepareRangingRequest: AP: 5a:4c:77:**:**:11MHz: 5785 freq1: 5775 freq2: 0 BW: 2 phy mode: LOWI_PHY_MODE_11AC_VHT80    Overwrite chanInfo from cache
06-13 06:36:29.486  2982  4414 D LOWI-9.0.1.74: [LOWIRangingHeliumFSM] validChannelBWPreambleCombo: Valid combo: BW(BW_80MHZ) channel(5785:5775) phy mode(LOWI_PHY_MODE_11AC_VHT80) & preamble(RTT_PREAMBLE_VHT) for AP:5a:4c:77:**:**:11
06-13 06:36:29.486  2982  4414 I LOWI-9.0.1.74: [LOWIRangingFSM] Skipping TMR check temporarily 
06-13 06:36:29.486  2982  4414 I LOWI-9.0.1.74: [LOWIRangingFSM] PrepareRangingRequest: AP: 4a:4c:77:**:**:11MHz: 5785 freq1: 5775 freq2: 0 BW: 2 phy mode: LOWI_PHY_MODE_11AC_VHT80    Overwrite chanInfo from cache
06-13 06:36:29.486  2982  4414 D LOWI-9.0.1.74: [LOWIRangingHeliumFSM] validChannelBWPreambleCombo: Valid combo: BW(BW_80MHZ) channel(5785:5775) phy mode(LOWI_PHY_MODE_11AC_VHT80) & preamble(RTT_PREAMBLE_VHT) for AP:4a:4c:77:**:**:11
06-13 06:36:29.486  2982  4414 I LOWI-9.0.1.74: [LOWIRangingFSM] Skipping TMR check temporarily 
06-13 06:36:29.486  2982  4414 I LOWI-9.0.1.74: [LOWIRangingFSM] PrepareRangingRequest: AP: 40:4c:77:**:**:11MHz: 5785 freq1: 5775 freq2: 0 BW: 2 phy mode: LOWI_PHY_MODE_11AC_VHT80    Overwrite chanInfo from cache
06-13 06:36:29.486  2982  4414 D LOWI-9.0.1.74: [LOWIRangingHeliumFSM] validChannelBWPreambleCombo: Valid combo: BW(BW_80MHZ) channel(5785:5775) phy mode(LOWI_PHY_MODE_11AC_VHT80) & preamble(RTT_PREAMBLE_VHT) for AP:40:4c:77:**:**:11
06-13 06:36:29.486  2982  4414 I LOWI-9.0.1.74: [LOWIRangingFSM] Skipping TMR check temporarily 
06-13 06:36:29.486  2982  4414 I LOWI-9.0.1.74: [LOWIRangingFSM] PrepareRangingRequest: AP: f0:09:0d:**:**:01MHz: 5220 freq1: 5210 freq2: 5250 BW: 3 phy mode: LOWI_PHY_MODE_11AX_HE160    Overwrite chanInfo from cache
06-13 06:36:29.486  2982  4414 D LOWI-9.0.1.74: [LOWIRangingHeliumFSM] validChannelBWPreambleCombo: Valid combo: BW(BW_160MHZ) channel(5220:5210) phy mode(LOWI_PHY_MODE_11AX_HE160) & preamble(RTT_PREAMBLE_VHT) for AP:f0:09:0d:**:**:01
06-13 06:36:29.486  2982  4414 I LOWI-9.0.1.74: [LOWIRangingFSM] Skipping TMR check temporarily 
06-13 06:36:29.486  2982  4414 I LOWI-9.0.1.74: [LOWIRangingFSM] PrepareRangingRequest: AP: 60:d8:a4:**:**:9dMHz: 5500 freq1: 5530 freq2: 0 BW: 2 phy mode: LOWI_PHY_MODE_11AC_VHT80    Overwrite chanInfo from cache
06-13 06:36:29.486  2982  4414 D LOWI-9.0.1.74: [LOWIRangingHeliumFSM] validChannelBWPreambleCombo: Valid combo: BW(BW_80MHZ) channel(5500:5530) phy mode(LOWI_PHY_MODE_11AC_VHT80) & preamble(RTT_PREAMBLE_VHT) for AP:60:d8:a4:**:**:9d
06-13 06:36:29.486  2982  4414 I LOWI-9.0.1.74: [LOWIRangingFSM] Skipping TMR check temporarily 
06-13 06:36:29.486  2982  4414 I LOWI-9.0.1.74: [LOWIRangingFSM] PrepareRangingRequest: AP: 62:d8:a4:**:**:f9MHz: 5500 freq1: 5530 freq2: 0 BW: 2 phy mode: LOWI_PHY_MODE_11AC_VHT80    Overwrite chanInfo from cache
06-13 06:36:29.486  2982  4414 D LOWI-9.0.1.74: [LOWIRangingHeliumFSM] validChannelBWPreambleCombo: Valid combo: BW(BW_80MHZ) channel(5500:5530) phy mode(LOWI_PHY_MODE_11AC_VHT80) & preamble(RTT_PREAMBLE_VHT) for AP:62:d8:a4:**:**:f9
06-13 06:36:29.487  2982  4414 D LOWI-9.0.1.74: [LOWIRangingFSM] SendRangingReq: curChIndex: 0, totChs: 3, curAp: 0, totAp: 3
06-13 06:36:29.487  2982  4414 I LOWI-9.0.1.74: [LOWIRangingFSM] SendRangingReq: Starting RTT with 3 APs over 3 channels
06-13 06:36:29.487  2982  4414 D LOWI-9.0.1.74: [LOWIUtils] freqToChBandBit: frequency 5785 channel 157 Band 1
06-13 06:36:29.487  2982  4414 D LOWI-9.0.1.74: [LOWIUtils] freqToChBandBit: frequency 5785 channel 157 Band 1
06-13 06:36:29.487  2982  4414 D LOWI-9.0.1.74: [LOWI-HELIUM-RTT] RomeSendRttReq: PHY Mode(LOWI_PHY_MODE_11AC_VHT80) timeoutPerTarget(50) reportType(RTT_REPORT_AGGREGATE)
06-13 06:36:29.487  2200  4411 I WifiHAL : send_nl_data: sent cld80211 msg of len: 268 to driver
06-13 06:36:29.488  2982  4414 D LOWI-9.0.1.74: [LOWI-ROME-RTT] send_oem_nl_msg: sent cld80211 message with subcmd: 5
06-13 06:36:29.488  2982  4414 D LOWI-9.0.1.74: [LOWIRangingFSM] FSM: New FSM state: STATE_PROCESSING_RANGING_REQ
06-13 06:36:29.488  2982  4414 D LOWI-9.0.1.74: [LOWI-ROME-RTT] RomeWaitOnActivityOnSocketOrPipe: issue timed select: TO: 5 
06-13 06:36:29.538  2200  4411 I WifiHAL : send oem msg of len : 644 to apps
06-13 06:36:29.538  2982  4414 D LOWI-9.0.1.74: [LOWI-ROME-RTT] RomeWaitOnActivityOnSocketOrPipe: timed select over: TO: 5 retVal: 1
06-13 06:36:29.538  2982  4414 D LOWI-9.0.1.74: [LOWI-ROME-RTT] event_handler: Valid data with length 612
06-13 06:36:29.538  2982  4414 D LOWI-9.0.1.74: [LOWI-HELIUM-RTT] storeNLFragment: new fragment group, tokenid(2), adding 604 chars @position 0
06-13 06:36:29.539  2982  4414 D LOWI-9.0.1.74: [LOWI-HELIUM-RTT] RomeNLRecvMessage: The Received OEMSubType: RTT_MSG_SUBTYPE_MEASUREMENT_RSP
06-13 06:36:29.539  2982  4414 D LOWI-9.0.1.74: [LOWI-HELIUM-RTT] RomeNLRecvMessage: The Received RomeMsgType: ROME_RANGING_MEAS_MSG
06-13 06:36:29.539  2982  4414 D LOWI-9.0.1.74: [LOWIRangingFSM] FSM: Received Event EVENT_RANGING_MEAS_RECV, Current state: STATE_PROCESSING_RANGING_REQ
06-13 06:36:29.539  2982  4414 D LOWI-9.0.1.74: [LOWIWifiTlvHandler] processRspHeadTlv: reqId(758) measDone(1) rttStatus(RTT_STATUS_SUCCESS) subtype(RTT_MSG_SUBTYPE_MEASUREMENT_RSP) isFrag(0) fragIdx(0) fragLen(580) tknId(13)
06-13 06:36:29.539  2982  4414 D LOWI-9.0.1.74: [LOWIWifiTlvHandler] checkTlvTag: Processing idx(0) received TLV: wmi_rtt_oem_rsp_head
06-13 06:36:29.539  2982  4414 D LOWI-9.0.1.74: [LOWIWifiTlvHandler] processIfPeerEvtHdrTag: Invalid Tag(33), not added to vector mPeerIdx(0)
06-13 06:36:29.540  2982  4414 D LOWI-9.0.1.74: [LOWIWifiTlvHandler] processIfPerFrmInfoTag: Invalid Tag(33) measurement not added for peer(0)
06-13 06:36:29.540  2982  4414 D LOWI-9.0.1.74: [LOWIWifiTlvHandler] checkTlvTag: Processing idx(1) received TLV: wmi_rtt_oem_measrsp_head
06-13 06:36:29.540  2982  4414 D LOWI-9.0.1.74: [LOWIWifiTlvHandler] processIfPeerEvtHdrTag: Invalid Tag(41), not added to vector mPeerIdx(0)
06-13 06:36:29.540  2982  4414 D LOWI-9.0.1.74: [LOWIWifiTlvHandler] processIfPerFrmInfoTag: Invalid Tag(41) measurement not added for peer(0)
06-13 06:36:29.540  2982  4414 D LOWI-9.0.1.74: [LOWIWifiTlvHandler] checkTlvTag: Processing idx(2) received TLV: loop_start
06-13 06:36:29.540  2982  4414 D LOWI-9.0.1.74: [LOWIWifiTlvHandler] processIfPeerEvtHdrTag: Invalid Tag(16), not added to vector mPeerIdx(0)
06-13 06:36:29.540  2982  4414 D LOWI-9.0.1.74: [LOWIWifiTlvHandler] processIfPerFrmInfoTag: Invalid Tag(16) measurement not added for peer(0)
06-13 06:36:29.540  2982  4414 D LOWI-9.0.1.74: [LOWIWifiTlvHandler] checkTlvTag: Processing idx(3) received TLV: wmi_rtt_oem_per_peer_event_hdr
06-13 06:36:29.540  2982  4414 D LOWI-9.0.1.74: [LOWIWifiTlvHandler] processIfPerFrmInfoTag: Invalid Tag(42) measurement not added for peer(0)
06-13 06:36:29.540  2982  4414 D LOWI-9.0.1.74: [LOWIWifiTlvHandler] checkTlvTag: Processing idx(4) received TLV: WMIRTT_TLV_TAG_ARRAY_UINT8
06-13 06:36:29.540  2982  4414 D LOWI-9.0.1.74: [LOWIWifiTlvHandler] processIfPeerEvtHdrTag: Invalid Tag(18), not added to vector mPeerIdx(0)
06-13 06:36:29.540  2982  4414 D LOWI-9.0.1.74: [LOWIWifiTlvHandler] processIfPerFrmInfoTag: Invalid Tag(18) measurement not added for peer(0)
06-13 06:36:29.540  2982  4414 D LOWI-9.0.1.74: [LOWIWifiTlvHandler] checkTlvTag: Processing idx(5) received TLV: loop_start
06-13 06:36:29.540  2982  4414 D LOWI-9.0.1.74: [LOWIWifiTlvHandler] processIfPeerEvtHdrTag: Invalid Tag(16), not added to vector mPeerIdx(0)
06-13 06:36:29.540  2982  4414 D LOWI-9.0.1.74: [LOWIWifiTlvHandler] processIfPerFrmInfoTag: Invalid Tag(16) measurement not added for peer(0)
06-13 06:36:29.541  2982  4414 D LOWI-9.0.1.74: [LOWIWifiTlvHandler] checkTlvTag: Processing idx(6) received TLV: wmi_rtt_oem_per_frame_info
06-13 06:36:29.541  2982  4414 D LOWI-9.0.1.74: [LOWIWifiTlvHandler] processIfPeerEvtHdrTag: Invalid Tag(43), not added to vector mPeerIdx(0)
06-13 06:36:29.541  2982  4414 D LOWI-9.0.1.74: [LOWIWifiTlvHandler] checkTlvTag: Processing idx(7) received unexpected but valid TLV(loop_end), going to idx(6)
06-13 06:36:29.541  2982  4414 D LOWI-9.0.1.74: [LOWIWifiTlvHandler] checkTlvTag: Processing idx(6) received TLV: wmi_rtt_oem_per_frame_info
06-13 06:36:29.541  2982  4414 D LOWI-9.0.1.74: [LOWIWifiTlvHandler] processIfPeerEvtHdrTag: Invalid Tag(43), not added to vector mPeerIdx(0)
06-13 06:36:29.541  2982  4414 D LOWI-9.0.1.74: [LOWIWifiTlvHandler] checkTlvTag: Processing idx(7) received TLV: loop_end
06-13 06:36:29.541  2982  4414 D LOWI-9.0.1.74: [LOWIWifiTlvHandler] processIfPeerEvtHdrTag: Invalid Tag(17), not added to vector mPeerIdx(0)
06-13 06:36:29.541  2982  4414 D LOWI-9.0.1.74: [LOWIWifiTlvHandler] processIfPerFrmInfoTag: Invalid Tag(17) measurement not added for peer(0)
06-13 06:36:29.541  2982  4414 D LOWI-9.0.1.74: [LOWIWifiTlvHandler] checkTlvTag: Processing idx(8) received unexpected but valid TLV(loop_end), going to idx(3)
06-13 06:36:29.541  2982  4414 D LOWI-9.0.1.74: [LOWIWifiTlvHandler] checkTlvTag: Processing idx(3) received TLV: wmi_rtt_oem_per_peer_event_hdr
06-13 06:36:29.541  2982  4414 D LOWI-9.0.1.74: [LOWIWifiTlvHandler] processIfPerFrmInfoTag: Invalid Tag(42) measurement not added for peer(1)
06-13 06:36:29.541  2982  4414 D LOWI-9.0.1.74: [LOWIWifiTlvHandler] checkTlvTag: Processing idx(4) received TLV: WMIRTT_TLV_TAG_ARRAY_UINT8
06-13 06:36:29.542  2982  4414 D LOWI-9.0.1.74: [LOWIWifiTlvHandler] processIfPeerEvtHdrTag: Invalid Tag(18), not added to vector mPeerIdx(1)
06-13 06:36:29.542  2982  4414 D LOWI-9.0.1.74: [LOWIWifiTlvHandler] processIfPerFrmInfoTag: Invalid Tag(18) measurement not added for peer(1)
06-13 06:36:29.542  2982  4414 D LOWI-9.0.1.74: [LOWIWifiTlvHandler] checkTlvTag: Processing idx(5) received TLV: loop_start
06-13 06:36:29.542  2982  4414 D LOWI-9.0.1.74: [LOWIWifiTlvHandler] processIfPeerEvtHdrTag: Invalid Tag(16), not added to vector mPeerIdx(1)
06-13 06:36:29.542  2982  4414 D LOWI-9.0.1.74: [LOWIWifiTlvHandler] processIfPerFrmInfoTag: Invalid Tag(16) measurement not added for peer(1)
06-13 06:36:29.542  2982  4414 D LOWI-9.0.1.74: [LOWIWifiTlvHandler] checkTlvTag: Processing idx(6) received TLV: wmi_rtt_oem_per_frame_info
06-13 06:36:29.542  2982  4414 D LOWI-9.0.1.74: [LOWIWifiTlvHandler] processIfPeerEvtHdrTag: Invalid Tag(43), not added to vector mPeerIdx(1)
06-13 06:36:29.542  2982  4414 D LOWI-9.0.1.74: [LOWIWifiTlvHandler] checkTlvTag: Processing idx(7) received unexpected but valid TLV(loop_end), going to idx(6)
06-13 06:36:29.542  2982  4414 D LOWI-9.0.1.74: [LOWIWifiTlvHandler] checkTlvTag: Processing idx(6) received TLV: wmi_rtt_oem_per_frame_info
06-13 06:36:29.542  2982  4414 D LOWI-9.0.1.74: [LOWIWifiTlvHandler] processIfPeerEvtHdrTag: Invalid Tag(43), not added to vector mPeerIdx(1)
06-13 06:36:29.543  2982  4414 D LOWI-9.0.1.74: [LOWIWifiTlvHandler] checkTlvTag: Processing idx(7) received TLV: loop_end
06-13 06:36:29.543  2982  4414 D LOWI-9.0.1.74: [LOWIWifiTlvHandler] processIfPeerEvtHdrTag: Invalid Tag(17), not added to vector mPeerIdx(1)
06-13 06:36:29.543  2982  4414 D LOWI-9.0.1.74: [LOWIWifiTlvHandler] processIfPerFrmInfoTag: Invalid Tag(17) measurement not added for peer(1)
06-13 06:36:29.543  2982  4414 D LOWI-9.0.1.74: [LOWIWifiTlvHandler] checkTlvTag: Processing idx(8) received unexpected but valid TLV(loop_end), going to idx(3)
06-13 06:36:29.543  2982  4414 D LOWI-9.0.1.74: [LOWIWifiTlvHandler] checkTlvTag: Processing idx(3) received TLV: wmi_rtt_oem_per_peer_event_hdr
06-13 06:36:29.544  2982  4414 D LOWI-9.0.1.74: [LOWIWifiTlvHandler] processIfPerFrmInfoTag: Invalid Tag(42) measurement not added for peer(2)
06-13 06:36:29.544  2982  4414 D LOWI-9.0.1.74: [LOWIWifiTlvHandler] checkTlvTag: Processing idx(4) received TLV: WMIRTT_TLV_TAG_ARRAY_UINT8
06-13 06:36:29.544  2982  4414 D LOWI-9.0.1.74: [LOWIWifiTlvHandler] processIfPeerEvtHdrTag: Invalid Tag(18), not added to vector mPeerIdx(2)
06-13 06:36:29.544  2982  4414 D LOWI-9.0.1.74: [LOWIWifiTlvHandler] processIfPerFrmInfoTag: Invalid Tag(18) measurement not added for peer(2)
06-13 06:36:29.544  2982  4414 D LOWI-9.0.1.74: [LOWIWifiTlvHandler] checkTlvTag: Processing idx(5) received TLV: loop_start
06-13 06:36:29.544  2982  4414 D LOWI-9.0.1.74: [LOWIWifiTlvHandler] processIfPeerEvtHdrTag: Invalid Tag(16), not added to vector mPeerIdx(2)
06-13 06:36:29.544  2982  4414 D LOWI-9.0.1.74: [LOWIWifiTlvHandler] processIfPerFrmInfoTag: Invalid Tag(16) measurement not added for peer(2)
06-13 06:36:29.544  2982  4414 D LOWI-9.0.1.74: [LOWIWifiTlvHandler] checkTlvTag: Processing idx(6) received TLV: wmi_rtt_oem_per_frame_info
06-13 06:36:29.544  2982  4414 D LOWI-9.0.1.74: [LOWIWifiTlvHandler] processIfPeerEvtHdrTag: Invalid Tag(43), not added to vector mPeerIdx(2)
06-13 06:36:29.545  2982  4414 D LOWI-9.0.1.74: [LOWIWifiTlvHandler] checkTlvTag: Processing idx(7) received unexpected but valid TLV(loop_end), going to idx(6)
06-13 06:36:29.545  2982  4414 D LOWI-9.0.1.74: [LOWIWifiTlvHandler] checkTlvTag: Processing idx(6) received TLV: wmi_rtt_oem_per_frame_info
06-13 06:36:29.545  2982  4414 D LOWI-9.0.1.74: [LOWIWifiTlvHandler] processIfPeerEvtHdrTag: Invalid Tag(43), not added to vector mPeerIdx(2)
06-13 06:36:29.545  2982  4414 D LOWI-9.0.1.74: [LOWIWifiTlvHandler] checkTlvTag: Processing idx(7) received TLV: loop_end
06-13 06:36:29.545  2982  4414 D LOWI-9.0.1.74: [LOWIWifiTlvHandler] processIfPeerEvtHdrTag: Invalid Tag(17), not added to vector mPeerIdx(2)
06-13 06:36:29.545  2982  4414 D LOWI-9.0.1.74: [LOWIWifiTlvHandler] processIfPerFrmInfoTag: Invalid Tag(17) measurement not added for peer(2)
06-13 06:36:29.545  2982  4414 D LOWI-9.0.1.74: [LOWIWifiTlvHandler] checkTlvTag: Processing idx(8) received TLV: loop_end
06-13 06:36:29.545  2982  4414 D LOWI-9.0.1.74: [LOWIWifiTlvHandler] processIfLoopEndTag: mPeerLs(0)...peer list ends
06-13 06:36:29.546  2982  4414 D LOWI-9.0.1.74: [LOWIWifiTlvHandler] processIfPeerEvtHdrTag: Invalid Tag(17), not added to vector mPeerIdx(2)
06-13 06:36:29.546  2982  4414 D LOWI-9.0.1.74: [LOWIWifiTlvHandler] processIfPerFrmInfoTag: Invalid Tag(17) measurement not added for peer(2)
06-13 06:36:29.546  2982  4414 D LOWI-9.0.1.74: [LOWIWifiTlvHandler] printBssidInfo: Peer 0 of 3,  numMeas = 2
06-13 06:36:29.546  2982  4414 D LOWI-9.0.1.74: [LOWIWifiTlvHandler] printBssidInfo: Peer 1 of 3,  numMeas = 2
06-13 06:36:29.546  2982  4414 D LOWI-9.0.1.74: [LOWIWifiTlvHandler] printBssidInfo: Peer 2 of 3,  numMeas = 2
06-13 06:36:29.546  2982  4414 D LOWI-9.0.1.74: [LOWI-HELIUM-RTT] printMeasRspHeadInfo: info(0x300002) channel_info(0x1699) rprtType(2) rttMeasType(0) rprtStatusV3(0) tmStart(0) numAPs(3) destMac(00:00:00:**:**:00) channelInfo(5785)
06-13 06:36:29.546  2982  4414 D LOWI-9.0.1.74: [LOWI-HELIUM-RTT] printPerPeerInfo: peerMac(5a:4c:77:**:**:11) burstIdx(0) numIEs(0) numMeasThisAP(2)rttMeasType(1) isQtiPeer(0) tmrSubType(0) isLastRespForPeer (0) securityMode(0) numFrmAttempted(2) actualBurstDur(14) actualNumFrmPerBur(2) actualBurstExp(0) retryAfterDur(0) measStartTSF(716187657) control(0x102) result_info_1(0xe0002)result_info_2(0x2) result_info_3(0x0) measStartTSF_field(0x2ab02809)
06-13 06:36:29.546  2982  4414 D LOWI-9.0.1.74: [LOWI-HELIUM-RTT] printPerPeerInfo: 11az params: i2r_lmr_feedback:0 ranging_priority:0 r2i_toa_type:0 i2r_toa_type:0 format_and_bw:0 imdt_r2i_feedback:0 imdt_i2r_feedback:0 max_i2r_repetition:0 max_r2i_repetition:0 device_class:0 full_bw_ul_mumimo:0 max_r2i_sts_le_80mhz:0 max_r2i_sts_gr_80mhz:0 max_r2i_ltf_total:0 max_i2r_sts_le_80mhz:0 max_i2r_sts_gr_80mhz:0 max_i2r_ltf_total:0 min_time_between_measurements:0 tb_max_session_expiry 0
06-13 06:36:29.546  2982  4414 D LOWI-9.0.1.74: [LOWI-P2P-RTT] p2pIsStored: Bad inputs
06-13 06:36:29.547  2982  4414 D LOWI-9.0.1.74: [LOWI-HELIUM-RTT] printPerFrameInfo: tx_rate_info1(0x10003) tx_rate_info2(0x41) rx_rate_info1(0x30000) rx_rate_info2(0x41) max_tod_toa_error(0x0)
06-13 06:36:29.547  2982  4414 D LOWI-9.0.1.74: [LOWI-HELIUM-RTT] printPerFrameInfo: rssi(1684300900) T1.time32(0x0) T1.time0(0x0) T2.time32(0x0) T2.time0(0x0) T3_del(0x0) T4_del(0x6376125) txPreamble(0x3) txBw(0x0) txRateMcsIdx(0x0)txSTS(0x0) txNREP(0x0) txBitRate(0x41) rxPreamble(0x0) rxBw(0x0) invalidFACBit(0x0) rxRateMcsIdx(0x0) rxBitRate(0x41) chainMask(0x3) maxTodError(0x0)maxToaError(0x0) useTxChainNo(0x1) useRxChainNo(0x0) rxSTS(0x0) rxNREP(0x0) r2iNDPIntegrityCheck(0x0)
06-13 06:36:29.547  2982  4414 D LOWI-9.0.1.74: [LOWI-HELIUM-RTT] processPerFrameInfo: RTT V2 Performed - Raw RSSI(0x0), toa - tod = 0x6376125(pre-offset), RTT(104292645 psecs), RSSI(0) 
06-13 06:36:29.547  2982  4414 D LOWI-9.0.1.74: [LOWI-HELIUM-RTT] printPerFrameInfo: tx_rate_info1(0x10003) tx_rate_info2(0x41) rx_rate_info1(0x30000) rx_rate_info2(0x41) max_tod_toa_error(0x0)
06-13 06:36:29.547  2982  4414 D LOWI-9.0.1.74: [LOWI-HELIUM-RTT] printPerFrameInfo: rssi(1684300900) T1.time32(0x0) T1.time0(0x0) T2.time32(0x0) T2.time0(0x0) T3_del(0x0) T4_del(0x63bd681) txPreamble(0x3) txBw(0x0) txRateMcsIdx(0x0)txSTS(0x0) txNREP(0x0) txBitRate(0x41) rxPreamble(0x0) rxBw(0x0) invalidFACBit(0x0) rxRateMcsIdx(0x0) rxBitRate(0x41) chainMask(0x3) maxTodError(0x0)maxToaError(0x0) useTxChainNo(0x1) useRxChainNo(0x0) rxSTS(0x0) rxNREP(0x0) r2iNDPIntegrityCheck(0x0)
06-13 06:36:29.547  2982  4414 D LOWI-9.0.1.74: [LOWI-HELIUM-RTT] processPerFrameInfo: RTT V2 Performed - Raw RSSI(0x0), toa - tod = 0x63bd681(pre-offset), RTT(104584833 psecs), RSSI(0) 
06-13 06:36:29.547  2982  4414 D LOWI-9.0.1.74: [LOWI-HELIUM-RTT] printPerPeerInfo: peerMac(4a:4c:77:**:**:11) burstIdx(0) numIEs(0) numMeasThisAP(2)rttMeasType(1) isQtiPeer(0) tmrSubType(0) isLastRespForPeer (0) securityMode(0) numFrmAttempted(2) actualBurstDur(5) actualNumFrmPerBur(2) actualBurstExp(0) retryAfterDur(0) measStartTSF(716187657) control(0x102) result_info_1(0x50002)result_info_2(0x2) result_info_3(0x0) measStartTSF_field(0x2ab02809)
06-13 06:36:29.547  2982  4414 D LOWI-9.0.1.74: [LOWI-HELIUM-RTT] printPerPeerInfo: 11az params: i2r_lmr_feedback:0 ranging_priority:0 r2i_toa_type:0 i2r_toa_type:0 format_and_bw:0 imdt_r2i_feedback:0 imdt_i2r_feedback:0 max_i2r_repetition:0 max_r2i_repetition:0 device_class:0 full_bw_ul_mumimo:0 max_r2i_sts_le_80mhz:0 max_r2i_sts_gr_80mhz:0 max_r2i_ltf_total:0 max_i2r_sts_le_80mhz:0 max_i2r_sts_gr_80mhz:0 max_i2r_ltf_total:0 min_time_between_measurements:0 tb_max_session_expiry 0
06-13 06:36:29.547  2982  4414 D LOWI-9.0.1.74: [LOWI-P2P-RTT] p2pIsStored: Bad inputs
06-13 06:36:29.547  2982  4414 D LOWI-9.0.1.74: [LOWI-HELIUM-RTT] printPerFrameInfo: tx_rate_info1(0x10003) tx_rate_info2(0x41) rx_rate_info1(0x30000) rx_rate_info2(0x41) max_tod_toa_error(0x0)
06-13 06:36:29.548  2982  4414 D LOWI-9.0.1.74: [LOWI-HELIUM-RTT] printPerFrameInfo: rssi(1684300900) T1.time32(0x0) T1.time0(0x0) T2.time32(0x0) T2.time0(0x0) T3_del(0x0) T4_del(0x63805f1) txPreamble(0x3) txBw(0x0) txRateMcsIdx(0x0)txSTS(0x0) txNREP(0x0) txBitRate(0x41) rxPreamble(0x0) rxBw(0x0) invalidFACBit(0x0) rxRateMcsIdx(0x0) rxBitRate(0x41) chainMask(0x3) maxTodError(0x0)maxToaError(0x0) useTxChainNo(0x1) useRxChainNo(0x0) rxSTS(0x0) rxNREP(0x0) r2iNDPIntegrityCheck(0x0)
06-13 06:36:29.548  2982  4414 D LOWI-9.0.1.74: [LOWI-HELIUM-RTT] processPerFrameInfo: RTT V2 Performed - Raw RSSI(0x0), toa - tod = 0x63805f1(pre-offset), RTT(104334833 psecs), RSSI(0) 
06-13 06:36:29.548  2982  4414 D LOWI-9.0.1.74: [LOWI-HELIUM-RTT] printPerFrameInfo: tx_rate_info1(0x10003) tx_rate_info2(0x41) rx_rate_info1(0x30000) rx_rate_info2(0x41) max_tod_toa_error(0x0)
06-13 06:36:29.548  2982  4414 D LOWI-9.0.1.74: [LOWI-HELIUM-RTT] printPerFrameInfo: rssi(1684300900) T1.time32(0x0) T1.time0(0x0) T2.time32(0x0) T2.time0(0x0) T3_del(0x0) T4_del(0x637a449) txPreamble(0x3) txBw(0x0) txRateMcsIdx(0x0)txSTS(0x0) txNREP(0x0) txBitRate(0x41) rxPreamble(0x0) rxBw(0x0) invalidFACBit(0x0) rxRateMcsIdx(0x0) rxBitRate(0x41) chainMask(0x3) maxTodError(0x0)maxToaError(0x0) useTxChainNo(0x1) useRxChainNo(0x0) rxSTS(0x0) rxNREP(0x0) r2iNDPIntegrityCheck(0x0)
06-13 06:36:29.548  2982  4414 D LOWI-9.0.1.74: [LOWI-HELIUM-RTT] processPerFrameInfo: RTT V2 Performed - Raw RSSI(0x0), toa - tod = 0x637a449(pre-offset), RTT(104309833 psecs), RSSI(0) 
06-13 06:36:29.548  2982  4414 D LOWI-9.0.1.74: [LOWI-HELIUM-RTT] printPerPeerInfo: peerMac(40:4c:77:**:**:11) burstIdx(0) numIEs(0) numMeasThisAP(2)rttMeasType(1) isQtiPeer(0) tmrSubType(0) isLastRespForPeer (0) securityMode(0) numFrmAttempted(2) actualBurstDur(4) actualNumFrmPerBur(2) actualBurstExp(0) retryAfterDur(0) measStartTSF(716187657) control(0x102) result_info_1(0x40002)result_info_2(0x2) result_info_3(0x0) measStartTSF_field(0x2ab02809)
06-13 06:36:29.548  2982  4414 D LOWI-9.0.1.74: [LOWI-HELIUM-RTT] printPerPeerInfo: 11az params: i2r_lmr_feedback:0 ranging_priority:0 r2i_toa_type:0 i2r_toa_type:0 format_and_bw:0 imdt_r2i_feedback:0 imdt_i2r_feedback:0 max_i2r_repetition:0 max_r2i_repetition:0 device_class:0 full_bw_ul_mumimo:0 max_r2i_sts_le_80mhz:0 max_r2i_sts_gr_80mhz:0 max_r2i_ltf_total:0 max_i2r_sts_le_80mhz:0 max_i2r_sts_gr_80mhz:0 max_i2r_ltf_total:0 min_time_between_measurements:0 tb_max_session_expiry 0
06-13 06:36:29.548  2982  4414 D LOWI-9.0.1.74: [LOWI-P2P-RTT] p2pIsStored: Bad inputs
06-13 06:36:29.549  2982  4414 D LOWI-9.0.1.74: [LOWI-HELIUM-RTT] printPerFrameInfo: tx_rate_info1(0x10003) tx_rate_info2(0x41) rx_rate_info1(0x30000) rx_rate_info2(0x41) max_tod_toa_error(0x0)
06-13 06:36:29.549  2982  4414 D LOWI-9.0.1.74: [LOWI-HELIUM-RTT] printPerFrameInfo: rssi(1684300900) T1.time32(0x0) T1.time0(0x0) T2.time32(0x0) T2.time0(0x0) T3_del(0x0) T4_del(0x6375b0b) txPreamble(0x3) txBw(0x0) txRateMcsIdx(0x0)txSTS(0x0) txNREP(0x0) txBitRate(0x41) rxPreamble(0x0) rxBw(0x0) invalidFACBit(0x0) rxRateMcsIdx(0x0) rxBitRate(0x41) chainMask(0x3) maxTodError(0x0)maxToaError(0x0) useTxChainNo(0x1) useRxChainNo(0x0) rxSTS(0x0) rxNREP(0x0) r2iNDPIntegrityCheck(0x0)
06-13 06:36:29.549  2982  4414 D LOWI-9.0.1.74: [LOWI-HELIUM-RTT] processPerFrameInfo: RTT V2 Performed - Raw RSSI(0x0), toa - tod = 0x6375b0b(pre-offset), RTT(104291083 psecs), RSSI(0) 
06-13 06:36:29.549  2982  4414 D LOWI-9.0.1.74: [LOWI-HELIUM-RTT] printPerFrameInfo: tx_rate_info1(0x10003) tx_rate_info2(0x41) rx_rate_info1(0x30000) rx_rate_info2(0x41) max_tod_toa_error(0x0)
06-13 06:36:29.549  2982  4414 D LOWI-9.0.1.74: [LOWI-HELIUM-RTT] printPerFrameInfo: rssi(1684300900) T1.time32(0x0) T1.time0(0x0) T2.time32(0x0) T2.time0(0x0) T3_del(0x0) T4_del(0x637b38b) txPreamble(0x3) txBw(0x0) txRateMcsIdx(0x0)txSTS(0x0) txNREP(0x0) txBitRate(0x41) rxPreamble(0x0) rxBw(0x0) invalidFACBit(0x0) rxRateMcsIdx(0x0) rxBitRate(0x41) chainMask(0x3) maxTodError(0x0)maxToaError(0x0) useTxChainNo(0x1) useRxChainNo(0x0) rxSTS(0x0) rxNREP(0x0) r2iNDPIntegrityCheck(0x0)
06-13 06:36:29.549  2982  4414 D LOWI-9.0.1.74: [LOWI-HELIUM-RTT] processPerFrameInfo: RTT V2 Performed - Raw RSSI(0x0), toa - tod = 0x637b38b(pre-offset), RTT(104313739 psecs), RSSI(0) 
06-13 06:36:29.549  2982  4414 I LOWI-9.0.1.74: [LOWIRangingHeliumFSM] SendReqToFwOrRespToUser: All ranging measurements completed.Send response to client
06-13 06:36:29.549  2982  4414 D LOWI-9.0.1.74: [LOWIRangingFSM] SendRangingReq: curChIndex: 1, totChs: 3, curAp: 0, totAp: 1
06-13 06:36:29.549  2982  4414 D LOWI-9.0.1.74: [LOWIUtils] freqToChBandBit: frequency 5220 channel 44 Band 1
06-13 06:36:29.550  2982  4414 D LOWI-9.0.1.74: [LOWIUtils] freqToChBandBit: frequency 5220 channel 44 Band 1
06-13 06:36:29.550  2982  4414 D LOWI-9.0.1.74: [LOWI-HELIUM-RTT] RomeSendRttReq: PHY Mode(LOWI_PHY_MODE_11AX_HE160) timeoutPerTarget(50) reportType(RTT_REPORT_AGGREGATE)
06-13 06:36:29.550  2200  4411 I WifiHAL : send_nl_data: sent cld80211 msg of len: 164 to driver
06-13 06:36:29.551  2982  4414 D LOWI-9.0.1.74: [LOWI-ROME-RTT] send_oem_nl_msg: sent cld80211 message with subcmd: 5
06-13 06:36:29.551  2982  4414 D LOWI-9.0.1.74: [LOWIRangingFSM] FSM: New FSM state: STATE_PROCESSING_RANGING_REQ
06-13 06:36:29.551  2982  4414 D LOWI-9.0.1.74: [LOWI-ROME-RTT] RomeWaitOnActivityOnSocketOrPipe: issue timed select: TO: 4 
06-13 06:36:29.554  3178  5372 D SemContextService: lock : requestToUpdate
06-13 06:36:29.555  3178  5372 W CAE     : setCAProperty(ContextAwareService.java:509) - [setProperty 01] Mutex is locked for CH_LOC_TRIGGER
06-13 06:36:29.556  3178  4121 D SensorService: setSContextDataLocked ints length 2 , byte length 4
06-13 06:36:29.556  3178  4121 D SensorService: setSContextDataLocked 3db8
06-13 06:36:29.556  2198  2198 I sensors-hal: inject_sensor_data:407, handle 1502 send inject
06-13 06:36:29.557  2198  2198 I sensors-hal: sendContextData:290, sensor hal 4, (0xb8, 0x3d, 0x0, 0x0)
06-13 06:36:29.557  2198  2198 I sensors-hal: sendContextData:131, change_location_trigger 4,184
06-13 06:36:29.557  2198  2198 I sensors-hal: sendUserData:118, change_location_trigger h 184 m 61 s 0
06-13 06:36:29.557  2198  2198 I sensors-hal: create_send_context_data:66, change_location_trigger create_send_context_data
06-13 06:36:29.557  2198  2198 I sensors-hal: send_context_data:694, change_location_trigger, -244018566922240, 1320970896291267344, msgid:700, 1
06-13 06:36:29.557  2198  2198 I sensors-hal: send_sync_sensor_request:508, send sync request
06-13 06:36:29.557  2198  2198 I sensors-hal: send_sync_sensor_request:518, send_sync_sensor_request before send_request for change_location_trigger with SUID low=18446500055142629376 high=1320970896291267344
06-13 06:36:29.558  2198  2198 I sensors-hal: send_sync_sensor_request:537, wait for notification of response
06-13 06:36:29.559  2198  4119 I sensors-hal: qsh_conn_resp_cb:935, resp_value = 0 for change_location_trigger 
06-13 06:36:29.559  2198  2198 I sensors-hal: send_sync_sensor_request:543, takes 1 ms to receive the response with 0
06-13 06:36:29.559  3178  5372 W CAE     : setCAProperty(ContextAwareService.java:515) - [setProperty 02] Mutex is unlocked for CH_LOC_TRIGGER
06-13 06:36:29.560  3178  5372 D SemContextService:     .requestToUpdate() : service = Location Change Trigger
06-13 06:36:29.560  3178  5372 D SemContextService: unlock : requestToUpdate
06-13 06:36:29.560  3178  5372 D SemContextManager:   .requestToUpdate : listener = com.android.server.location.nsflp.NSLocationMonitor$5@619f600, service=Location Change Trigger
06-13 06:36:29.560  5445 13084 I NewStopController_FLP: StateChecker, check stationary message
06-13 06:36:29.607  2200  4411 I WifiHAL : send oem msg of len : 276 to apps
06-13 06:36:29.607  2982  4414 D LOWI-9.0.1.74: [LOWI-ROME-RTT] RomeWaitOnActivityOnSocketOrPipe: timed select over: TO: 4 retVal: 1
06-13 06:36:29.607  2982  4414 D LOWI-9.0.1.74: [LOWI-ROME-RTT] event_handler: Valid data with length 244
06-13 06:36:29.608  2982  4414 D LOWI-9.0.1.74: [LOWI-HELIUM-RTT] storeNLFragment: new fragment group, tokenid(2), adding 236 chars @position 0
06-13 06:36:29.608  2982  4414 D LOWI-9.0.1.74: [LOWI-HELIUM-RTT] RomeNLRecvMessage: The Received OEMSubType: RTT_MSG_SUBTYPE_MEASUREMENT_RSP
06-13 06:36:29.608  2982  4414 D LOWI-9.0.1.74: [LOWI-HELIUM-RTT] RomeNLRecvMessage: The Received RomeMsgType: ROME_RANGING_MEAS_MSG
06-13 06:36:29.608  2982  4414 D LOWI-9.0.1.74: [LOWIRangingFSM] FSM: Received Event EVENT_RANGING_MEAS_RECV, Current state: STATE_PROCESSING_RANGING_REQ
06-13 06:36:29.608  2982  4414 D LOWI-9.0.1.74: [LOWIWifiTlvHandler] processRspHeadTlv: reqId(759) measDone(1) rttStatus(RTT_STATUS_SUCCESS) subtype(RTT_MSG_SUBTYPE_MEASUREMENT_RSP) isFrag(0) fragIdx(0) fragLen(212) tknId(14)
06-13 06:36:29.608  2982  4414 D LOWI-9.0.1.74: [LOWIWifiTlvHandler] checkTlvTag: Processing idx(0) received TLV: wmi_rtt_oem_rsp_head
06-13 06:36:29.608  2982  4414 D LOWI-9.0.1.74: [LOWIWifiTlvHandler] processIfPeerEvtHdrTag: Invalid Tag(33), not added to vector mPeerIdx(0)
06-13 06:36:29.608  2982  4414 D LOWI-9.0.1.74: [LOWIWifiTlvHandler] processIfPerFrmInfoTag: Invalid Tag(33) measurement not added for peer(0)
06-13 06:36:29.608  2982  4414 D LOWI-9.0.1.74: [LOWIWifiTlvHandler] checkTlvTag: Processing idx(1) received TLV: wmi_rtt_oem_measrsp_head
06-13 06:36:29.609  2982  4414 D LOWI-9.0.1.74: [LOWIWifiTlvHandler] processIfPeerEvtHdrTag: Invalid Tag(41), not added to vector mPeerIdx(0)
06-13 06:36:29.609  2982  4414 D LOWI-9.0.1.74: [LOWIWifiTlvHandler] processIfPerFrmInfoTag: Invalid Tag(41) measurement not added for peer(0)
06-13 06:36:29.609  2982  4414 D LOWI-9.0.1.74: [LOWIWifiTlvHandler] checkTlvTag: Processing idx(2) received TLV: loop_start
06-13 06:36:29.609  2982  4414 D LOWI-9.0.1.74: [LOWIWifiTlvHandler] processIfPeerEvtHdrTag: Invalid Tag(16), not added to vector mPeerIdx(0)
06-13 06:36:29.609  2982  4414 D LOWI-9.0.1.74: [LOWIWifiTlvHandler] processIfPerFrmInfoTag: Invalid Tag(16) measurement not added for peer(0)
06-13 06:36:29.609  2982  4414 D LOWI-9.0.1.74: [LOWIWifiTlvHandler] checkTlvTag: Processing idx(3) received TLV: wmi_rtt_oem_per_peer_event_hdr
06-13 06:36:29.609  2982  4414 D LOWI-9.0.1.74: [LOWIWifiTlvHandler] processIfPerFrmInfoTag: Invalid Tag(42) measurement not added for peer(0)
06-13 06:36:29.609  2982  4414 D LOWI-9.0.1.74: [LOWIWifiTlvHandler] checkTlvTag: Processing idx(4) received TLV: WMIRTT_TLV_TAG_ARRAY_UINT8
06-13 06:36:29.609  2982  4414 D LOWI-9.0.1.74: [LOWIWifiTlvHandler] processIfPeerEvtHdrTag: Invalid Tag(18), not added to vector mPeerIdx(0)
06-13 06:36:29.609  2982  4414 D LOWI-9.0.1.74: [LOWIWifiTlvHandler] processIfPerFrmInfoTag: Invalid Tag(18) measurement not added for peer(0)
06-13 06:36:29.609  2982  4414 D LOWI-9.0.1.74: [LOWIWifiTlvHandler] checkTlvTag: Processing idx(5) received TLV: loop_start
06-13 06:36:29.610  2982  4414 D LOWI-9.0.1.74: [LOWIWifiTlvHandler] processIfPeerEvtHdrTag: Invalid Tag(16), not added to vector mPeerIdx(0)
06-13 06:36:29.610  2982  4414 D LOWI-9.0.1.74: [LOWIWifiTlvHandler] processIfPerFrmInfoTag: Invalid Tag(16) measurement not added for peer(0)
06-13 06:36:29.610  2982  4414 D LOWI-9.0.1.74: [LOWIWifiTlvHandler] checkTlvTag: Processing idx(6) received TLV: wmi_rtt_oem_per_frame_info
06-13 06:36:29.610  2982  4414 D LOWI-9.0.1.74: [LOWIWifiTlvHandler] processIfPeerEvtHdrTag: Invalid Tag(43), not added to vector mPeerIdx(0)
06-13 06:36:29.610  2982  4414 D LOWI-9.0.1.74: [LOWIWifiTlvHandler] checkTlvTag: Processing idx(7) received unexpected but valid TLV(loop_end), going to idx(6)
06-13 06:36:29.610  2982  4414 D LOWI-9.0.1.74: [LOWIWifiTlvHandler] checkTlvTag: Processing idx(6) received TLV: wmi_rtt_oem_per_frame_info
06-13 06:36:29.610  2982  4414 D LOWI-9.0.1.74: [LOWIWifiTlvHandler] processIfPeerEvtHdrTag: Invalid Tag(43), not added to vector mPeerIdx(0)
06-13 06:36:29.610  2982  4414 D LOWI-9.0.1.74: [LOWIWifiTlvHandler] checkTlvTag: Processing idx(7) received TLV: loop_end
06-13 06:36:29.610  2982  4414 D LOWI-9.0.1.74: [LOWIWifiTlvHandler] processIfPeerEvtHdrTag: Invalid Tag(17), not added to vector mPeerIdx(0)
06-13 06:36:29.610  2982  4414 D LOWI-9.0.1.74: [LOWIWifiTlvHandler] processIfPerFrmInfoTag: Invalid Tag(17) measurement not added for peer(0)
06-13 06:36:29.610  2982  4414 D LOWI-9.0.1.74: [LOWIWifiTlvHandler] checkTlvTag: Processing idx(8) received TLV: loop_end
06-13 06:36:29.610  2982  4414 D LOWI-9.0.1.74: [LOWIWifiTlvHandler] processIfLoopEndTag: mPeerLs(0)...peer list ends
06-13 06:36:29.611  2982  4414 D LOWI-9.0.1.74: [LOWIWifiTlvHandler] processIfPeerEvtHdrTag: Invalid Tag(17), not added to vector mPeerIdx(0)
06-13 06:36:29.611  2982  4414 D LOWI-9.0.1.74: [LOWIWifiTlvHandler] processIfPerFrmInfoTag: Invalid Tag(17) measurement not added for peer(0)
06-13 06:36:29.611  2982  4414 D LOWI-9.0.1.74: [LOWIWifiTlvHandler] printBssidInfo: Peer 0 of 1,  numMeas = 2
06-13 06:36:29.611  2982  4414 D LOWI-9.0.1.74: [LOWI-HELIUM-RTT] printMeasRspHeadInfo: info(0x100002) channel_info(0x1464) rprtType(2) rttMeasType(0) rprtStatusV3(0) tmStart(0) numAPs(1) destMac(00:00:00:**:**:00) channelInfo(5220)
06-13 06:36:29.611  2982  4414 D LOWI-9.0.1.74: [LOWI-HELIUM-RTT] printPerPeerInfo: peerMac(f0:09:0d:**:**:01) burstIdx(0) numIEs(0) numMeasThisAP(2)rttMeasType(1) isQtiPeer(0) tmrSubType(0) isLastRespForPeer (0) securityMode(0) numFrmAttempted(2) actualBurstDur(19) actualNumFrmPerBur(2) actualBurstExp(0) retryAfterDur(0) measStartTSF(716187657) control(0x102) result_info_1(0x130002)result_info_2(0x2) result_info_3(0x0) measStartTSF_field(0x2ab02809)
06-13 06:36:29.611  2982  4414 D LOWI-9.0.1.74: [LOWI-HELIUM-RTT] printPerPeerInfo: 11az params: i2r_lmr_feedback:0 ranging_priority:0 r2i_toa_type:0 i2r_toa_type:0 format_and_bw:0 imdt_r2i_feedback:0 imdt_i2r_feedback:0 max_i2r_repetition:0 max_r2i_repetition:0 device_class:0 full_bw_ul_mumimo:0 max_r2i_sts_le_80mhz:0 max_r2i_sts_gr_80mhz:0 max_r2i_ltf_total:0 max_i2r_sts_le_80mhz:0 max_i2r_sts_gr_80mhz:0 max_i2r_ltf_total:0 min_time_between_measurements:0 tb_max_session_expiry 0
06-13 06:36:29.611  2982  4414 D LOWI-9.0.1.74: [LOWI-P2P-RTT] p2pIsStored: Bad inputs
06-13 06:36:29.611  2982  4414 D LOWI-9.0.1.74: [LOWI-HELIUM-RTT] printPerFrameInfo: tx_rate_info1(0x10003) tx_rate_info2(0x41) rx_rate_info1(0x30000) rx_rate_info2(0x41) max_tod_toa_error(0x0)
06-13 06:36:29.612  2982  4414 D LOWI-9.0.1.74: [LOWI-HELIUM-RTT] printPerFrameInfo: rssi(1684300900) T1.time32(0x0) T1.time0(0x0) T2.time32(0x0) T2.time0(0x0) T3_del(0x0) T4_del(0x631c8cf) txPreamble(0x3) txBw(0x0) txRateMcsIdx(0x0)txSTS(0x0) txNREP(0x0) txBitRate(0x41) rxPreamble(0x0) rxBw(0x0) invalidFACBit(0x0) rxRateMcsIdx(0x0) rxBitRate(0x41) chainMask(0x3) maxTodError(0x0)maxToaError(0x0) useTxChainNo(0x1) useRxChainNo(0x0) rxSTS(0x0) rxNREP(0x0) r2iNDPIntegrityCheck(0x0)
06-13 06:36:29.612  2982  4414 D LOWI-9.0.1.74: [LOWI-HELIUM-RTT] processPerFrameInfo: RTT V2 Performed - Raw RSSI(0x0), toa - tod = 0x631c8cf(pre-offset), RTT(103925967 psecs), RSSI(0) 
06-13 06:36:29.612  2982  4414 D LOWI-9.0.1.74: [LOWI-HELIUM-RTT] printPerFrameInfo: tx_rate_info1(0x10003) tx_rate_info2(0x41) rx_rate_info1(0x30000) rx_rate_info2(0x41) max_tod_toa_error(0x0)
06-13 06:36:29.612  2982  4414 D LOWI-9.0.1.74: [LOWI-HELIUM-RTT] printPerFrameInfo: rssi(1684300900) T1.time32(0x0) T1.time0(0x0) T2.time32(0x0) T2.time0(0x0) T3_del(0x0) T4_del(0x6328c1f) txPreamble(0x3) txBw(0x0) txRateMcsIdx(0x0)txSTS(0x0) txNREP(0x0) txBitRate(0x41) rxPreamble(0x0) rxBw(0x0) invalidFACBit(0x0) rxRateMcsIdx(0x0) rxBitRate(0x41) chainMask(0x3) maxTodError(0x0)maxToaError(0x0) useTxChainNo(0x1) useRxChainNo(0x0) rxSTS(0x0) rxNREP(0x0) r2iNDPIntegrityCheck(0x0)
06-13 06:36:29.612  2982  4414 D LOWI-9.0.1.74: [LOWI-HELIUM-RTT] processPerFrameInfo: RTT V2 Performed - Raw RSSI(0x0), toa - tod = 0x6328c1f(pre-offset), RTT(103975967 psecs), RSSI(0) 
06-13 06:36:29.612  2982  4414 I LOWI-9.0.1.74: [LOWIRangingHeliumFSM] SendReqToFwOrRespToUser: All ranging measurements completed.Send response to client
06-13 06:36:29.612  2982  4414 D LOWI-9.0.1.74: [LOWIRangingFSM] SendRangingReq: curChIndex: 2, totChs: 3, curAp: 0, totAp: 2
06-13 06:36:29.612  2982  4414 D LOWI-9.0.1.74: [LOWIUtils] freqToChBandBit: frequency 5500 channel 100 Band 1
06-13 06:36:29.612  2982  4414 D LOWI-9.0.1.74: [LOWIUtils] freqToChBandBit: frequency 5500 channel 100 Band 1
06-13 06:36:29.612  2982  4414 D LOWI-9.0.1.74: [LOWI-HELIUM-RTT] RomeSendRttReq: PHY Mode(LOWI_PHY_MODE_11AC_VHT80) timeoutPerTarget(50) reportType(RTT_REPORT_AGGREGATE)
06-13 06:36:29.613  2200  4411 I WifiHAL : send_nl_data: sent cld80211 msg of len: 216 to driver
06-13 06:36:29.613  2198  4119 I sensors-hal: qsh_conn_event_cb:895, event[0] sensor:change_location_trigger  Wakeup, msg_id=1025, ts=505501829264
06-13 06:36:29.613  2198  4119 I sensors-hal: handle_sns_client_event:85, change_location_trigger_event: msgid:1025
06-13 06:36:29.613  2198  4119 I sensors-hal: handle_sns_client_event:108, change_location_trigger_event: 255, 255
06-13 06:36:29.613  2982  4414 D LOWI-9.0.1.74: [LOWI-ROME-RTT] send_oem_nl_msg: sent cld80211 message with subcmd: 5
06-13 06:36:29.613  2982  4414 D LOWI-9.0.1.74: [LOWIRangingFSM] FSM: New FSM state: STATE_PROCESSING_RANGING_REQ
06-13 06:36:29.613  2982  4414 D LOWI-9.0.1.74: [LOWI-ROME-RTT] RomeWaitOnActivityOnSocketOrPipe: issue timed select: TO: 5 
06-13 06:36:29.618  3178  4121 D SensorService: setSContextDataLocked ints length 3 , byte length 5
06-13 06:36:29.618  3178  4121 D SensorService: setSContextDataLocked 240b0ec1
06-13 06:36:29.618  2198  2198 I sensors-hal: inject_sensor_data:407, handle 1502 send inject
06-13 06:36:29.618  2198  2198 I sensors-hal: sendContextData:290, sensor hal 5, (0xc1, 0xe, 0xb, 0x24)
06-13 06:36:29.618  2198  2198 I sensors-hal: sendContextData:230, activities 5 c1, 1
06-13 06:36:29.618  2198  2198 I sensors-hal: sendUserData:251, Activities cmd 0xc1 0xe
06-13 06:36:29.620  2198  2198 I sensors-hal: sendUserData:265, Activities system time h 11 m 36 s 29
06-13 06:36:29.620  2198  2198 I sensors-hal: create_send_context_data:80, sending create_send_context_data
06-13 06:36:29.621  2198  2198 I sensors-hal: send_context_data:694, activities, 4914309220830019584, 1320970896291267344, msgid:700, 1
06-13 06:36:29.621  2198  2198 I sensors-hal: send_sync_sensor_request:508, send sync request
06-13 06:36:29.621  2198  2198 I sensors-hal: send_sync_sensor_request:518, send_sync_sensor_request before send_request for activities with SUID low=4914309220830019584 high=1320970896291267344
06-13 06:36:29.622  2198  2198 I sensors-hal: send_sync_sensor_request:537, wait for notification of response
06-13 06:36:29.622  2198  4119 I sensors-hal: qsh_conn_resp_cb:935, resp_value = 0 for activities 
06-13 06:36:29.622  2198  2198 I sensors-hal: send_sync_sensor_request:543, takes 0 ms to receive the response with 0
06-13 06:36:29.622  2198  2198 I sensors-hal: sendContextData:114, common_info 5
06-13 06:36:29.622  2198  2198 I sensors-hal: sendUserData:137, CommonInfo 0xc1 0xe 0xb 0x24
06-13 06:36:29.622  2198  2198 I sensors-hal: create_send_context_data:70, sending create_send_context_data
06-13 06:36:29.622  2198  2198 I sensors-hal: send_context_data:694, common_info, 4914309147815575552, 1320970896291267344, msgid:700, 1
06-13 06:36:29.622  2198  2198 I sensors-hal: send_sync_sensor_request:508, send sync request
06-13 06:36:29.622  2198  2198 I sensors-hal: send_sync_sensor_request:518, send_sync_sensor_request before send_request for common_info with SUID low=4914309147815575552 high=1320970896291267344
06-13 06:36:29.623  2198  2198 I sensors-hal: send_sync_sensor_request:537, wait for notification of response
06-13 06:36:29.623  2198  4119 I sensors-hal: qsh_conn_resp_cb:935, resp_value = 0 for common_info 
06-13 06:36:29.624  2198  2198 I sensors-hal: send_sync_sensor_request:543, takes 0 ms to receive the response with 0
06-13 06:36:29.624  3178  4117 D CAE     : onGetSensorHubData(SensorHubParserProvider.java:92) - onGetSensorHubData Event [event buffer len :15], AP_SLEEP
06-13 06:36:29.625  3178  4117 I CAE     : parse(SensorHubParserProvider.java:188) - buffer size = 15
06-13 06:36:29.625  3178  4117 I CAE     : parse(SensorHubParserProvider.java:199) - 1, 1, 61, -1, 0, 2, 1, 0, 0, 0, 1, 0, 0, 0, 0,
06-13 06:36:29.625  3178  4117 D CAE     : display(ContextProvider.java:375) - ================= CH_LOC_TRIGGER =================
06-13 06:36:29.625  3178  4117 I CAE     : display(ContextProvider.java:391) - duration=[1], property=[1], result=[2], reserved=[0]
06-13 06:36:29.626  3178  4114 D SemContextService: Service.updateContext() : service = Location Change Trigger
06-13 06:36:29.627  3178  4165 D SemContextManager: onSemContextChanged() : event = Location Change Trigger
06-13 06:36:29.627  3178  4165 D NSLocationMonitor: onSemContextChanged, activity : 1 result : 2 movement : 1
06-13 06:36:29.664  2198 24754 I sensors-hal: handle_sns_client_event:422, [0][26679] gyro_sample_cal(cal_available:1)(3) [ 0.000,-0.001, 0.000] bias[ 0.004,-0.001,-0.001] 26323005867982
06-13 06:36:29.702  2198 24770 I sensors-hal: handle_sns_std_sensor_event:158, [1448] Pressure 1007.976, cal 0.561, sw_offset 0.000 (lsb(bit) 0x68 0x7d 0x62)
06-13 06:36:29.761  2200  4411 I WifiHAL : send oem msg of len : 460 to apps
06-13 06:36:29.762  2982  4414 D LOWI-9.0.1.74: [LOWI-ROME-RTT] RomeWaitOnActivityOnSocketOrPipe: timed select over: TO: 5 retVal: 1
06-13 06:36:29.762  2982  4414 D LOWI-9.0.1.74: [LOWI-ROME-RTT] event_handler: Valid data with length 428
06-13 06:36:29.762  2982  4414 D LOWI-9.0.1.74: [LOWI-HELIUM-RTT] storeNLFragment: new fragment group, tokenid(2), adding 420 chars @position 0
06-13 06:36:29.763  2982  4414 D LOWI-9.0.1.74: [LOWI-HELIUM-RTT] RomeNLRecvMessage: The Received OEMSubType: RTT_MSG_SUBTYPE_MEASUREMENT_RSP
06-13 06:36:29.763  2982  4414 D LOWI-9.0.1.74: [LOWI-HELIUM-RTT] RomeNLRecvMessage: The Received RomeMsgType: ROME_RANGING_MEAS_MSG
06-13 06:36:29.763  2982  4414 D LOWI-9.0.1.74: [LOWIRangingFSM] FSM: Received Event EVENT_RANGING_MEAS_RECV, Current state: STATE_PROCESSING_RANGING_REQ
06-13 06:36:29.763  2982  4414 D LOWI-9.0.1.74: [LOWIWifiTlvHandler] processRspHeadTlv: reqId(760) measDone(1) rttStatus(RTT_STATUS_SUCCESS) subtype(RTT_MSG_SUBTYPE_MEASUREMENT_RSP) isFrag(0) fragIdx(0) fragLen(396) tknId(15)
06-13 06:36:29.763  2982  4414 D LOWI-9.0.1.74: [LOWIWifiTlvHandler] checkTlvTag: Processing idx(0) received TLV: wmi_rtt_oem_rsp_head
06-13 06:36:29.763  2982  4414 D LOWI-9.0.1.74: [LOWIWifiTlvHandler] processIfPeerEvtHdrTag: Invalid Tag(33), not added to vector mPeerIdx(0)
06-13 06:36:29.763  2982  4414 D LOWI-9.0.1.74: [LOWIWifiTlvHandler] processIfPerFrmInfoTag: Invalid Tag(33) measurement not added for peer(0)
06-13 06:36:29.763  2982  4414 D LOWI-9.0.1.74: [LOWIWifiTlvHandler] checkTlvTag: Processing idx(1) received TLV: wmi_rtt_oem_measrsp_head
06-13 06:36:29.763  2982  4414 D LOWI-9.0.1.74: [LOWIWifiTlvHandler] processIfPeerEvtHdrTag: Invalid Tag(41), not added to vector mPeerIdx(0)
06-13 06:36:29.763  2982  4414 D LOWI-9.0.1.74: [LOWIWifiTlvHandler] processIfPerFrmInfoTag: Invalid Tag(41) measurement not added for peer(0)
06-13 06:36:29.763  2982  4414 D LOWI-9.0.1.74: [LOWIWifiTlvHandler] checkTlvTag: Processing idx(2) received TLV: loop_start
06-13 06:36:29.763  2982  4414 D LOWI-9.0.1.74: [LOWIWifiTlvHandler] processIfPeerEvtHdrTag: Invalid Tag(16), not added to vector mPeerIdx(0)
06-13 06:36:29.763  2982  4414 D LOWI-9.0.1.74: [LOWIWifiTlvHandler] processIfPerFrmInfoTag: Invalid Tag(16) measurement not added for peer(0)
06-13 06:36:29.763  2982  4414 D LOWI-9.0.1.74: [LOWIWifiTlvHandler] checkTlvTag: Processing idx(3) received TLV: wmi_rtt_oem_per_peer_event_hdr
06-13 06:36:29.763  2982  4414 D LOWI-9.0.1.74: [LOWIWifiTlvHandler] processIfPerFrmInfoTag: Invalid Tag(42) measurement not added for peer(0)
06-13 06:36:29.763  2982  4414 D LOWI-9.0.1.74: [LOWIWifiTlvHandler] checkTlvTag: Processing idx(4) received TLV: WMIRTT_TLV_TAG_ARRAY_UINT8
06-13 06:36:29.763  2982  4414 D LOWI-9.0.1.74: [LOWIWifiTlvHandler] processIfPeerEvtHdrTag: Invalid Tag(18), not added to vector mPeerIdx(0)
06-13 06:36:29.763  2982  4414 D LOWI-9.0.1.74: [LOWIWifiTlvHandler] processIfPerFrmInfoTag: Invalid Tag(18) measurement not added for peer(0)
06-13 06:36:29.763  2982  4414 D LOWI-9.0.1.74: [LOWIWifiTlvHandler] checkTlvTag: Processing idx(5) received TLV: loop_start
06-13 06:36:29.763  2982  4414 D LOWI-9.0.1.74: [LOWIWifiTlvHandler] processIfPeerEvtHdrTag: Invalid Tag(16), not added to vector mPeerIdx(0)
06-13 06:36:29.763  2982  4414 D LOWI-9.0.1.74: [LOWIWifiTlvHandler] processIfPerFrmInfoTag: Invalid Tag(16) measurement not added for peer(0)
06-13 06:36:29.763  2982  4414 D LOWI-9.0.1.74: [LOWIWifiTlvHandler] checkTlvTag: Processing idx(6) received TLV: wmi_rtt_oem_per_frame_info
06-13 06:36:29.763  2982  4414 D LOWI-9.0.1.74: [LOWIWifiTlvHandler] processIfPeerEvtHdrTag: Invalid Tag(43), not added to vector mPeerIdx(0)
06-13 06:36:29.763  2982  4414 D LOWI-9.0.1.74: [LOWIWifiTlvHandler] checkTlvTag: Processing idx(7) received unexpected but valid TLV(loop_end), going to idx(6)
06-13 06:36:29.763  2982  4414 D LOWI-9.0.1.74: [LOWIWifiTlvHandler] checkTlvTag: Processing idx(6) received TLV: wmi_rtt_oem_per_frame_info
06-13 06:36:29.763  2982  4414 D LOWI-9.0.1.74: [LOWIWifiTlvHandler] processIfPeerEvtHdrTag: Invalid Tag(43), not added to vector mPeerIdx(0)
06-13 06:36:29.763  2982  4414 D LOWI-9.0.1.74: [LOWIWifiTlvHandler] checkTlvTag: Processing idx(7) received TLV: loop_end
06-13 06:36:29.763  2982  4414 D LOWI-9.0.1.74: [LOWIWifiTlvHandler] processIfPeerEvtHdrTag: Invalid Tag(17), not added to vector mPeerIdx(0)
06-13 06:36:29.763  2982  4414 D LOWI-9.0.1.74: [LOWIWifiTlvHandler] processIfPerFrmInfoTag: Invalid Tag(17) measurement not added for peer(0)
06-13 06:36:29.763  2982  4414 D LOWI-9.0.1.74: [LOWIWifiTlvHandler] checkTlvTag: Processing idx(8) received unexpected but valid TLV(loop_end), going to idx(3)
06-13 06:36:29.763  2982  4414 D LOWI-9.0.1.74: [LOWIWifiTlvHandler] checkTlvTag: Processing idx(3) received TLV: wmi_rtt_oem_per_peer_event_hdr
06-13 06:36:29.763  2982  4414 D LOWI-9.0.1.74: [LOWIWifiTlvHandler] processIfPerFrmInfoTag: Invalid Tag(42) measurement not added for peer(1)
06-13 06:36:29.763  2982  4414 D LOWI-9.0.1.74: [LOWIWifiTlvHandler] checkTlvTag: Processing idx(4) received TLV: WMIRTT_TLV_TAG_ARRAY_UINT8
06-13 06:36:29.764  2982  4414 D LOWI-9.0.1.74: [LOWIWifiTlvHandler] processIfPeerEvtHdrTag: Invalid Tag(18), not added to vector mPeerIdx(1)
06-13 06:36:29.764  2982  4414 D LOWI-9.0.1.74: [LOWIWifiTlvHandler] processIfPerFrmInfoTag: Invalid Tag(18) measurement not added for peer(1)
06-13 06:36:29.764  2982  4414 D LOWI-9.0.1.74: [LOWIWifiTlvHandler] checkTlvTag: Processing idx(5) received TLV: loop_start
06-13 06:36:29.764  2982  4414 D LOWI-9.0.1.74: [LOWIWifiTlvHandler] processIfPeerEvtHdrTag: Invalid Tag(16), not added to vector mPeerIdx(1)
06-13 06:36:29.764  2982  4414 D LOWI-9.0.1.74: [LOWIWifiTlvHandler] processIfPerFrmInfoTag: Invalid Tag(16) measurement not added for peer(1)
06-13 06:36:29.764  2982  4414 D LOWI-9.0.1.74: [LOWIWifiTlvHandler] checkTlvTag: Processing idx(6) received TLV: wmi_rtt_oem_per_frame_info
06-13 06:36:29.764  2982  4414 D LOWI-9.0.1.74: [LOWIWifiTlvHandler] processIfPeerEvtHdrTag: Invalid Tag(43), not added to vector mPeerIdx(1)
06-13 06:36:29.764  2982  4414 D LOWI-9.0.1.74: [LOWIWifiTlvHandler] checkTlvTag: Processing idx(7) received unexpected but valid TLV(loop_end), going to idx(6)
06-13 06:36:29.764  2982  4414 D LOWI-9.0.1.74: [LOWIWifiTlvHandler] checkTlvTag: Processing idx(6) received TLV: wmi_rtt_oem_per_frame_info
06-13 06:36:29.764  2982  4414 D LOWI-9.0.1.74: [LOWIWifiTlvHandler] processIfPeerEvtHdrTag: Invalid Tag(43), not added to vector mPeerIdx(1)
06-13 06:36:29.764  2982  4414 D LOWI-9.0.1.74: [LOWIWifiTlvHandler] checkTlvTag: Processing idx(7) received TLV: loop_end
06-13 06:36:29.764  2982  4414 D LOWI-9.0.1.74: [LOWIWifiTlvHandler] processIfPeerEvtHdrTag: Invalid Tag(17), not added to vector mPeerIdx(1)
06-13 06:36:29.764  2982  4414 D LOWI-9.0.1.74: [LOWIWifiTlvHandler] processIfPerFrmInfoTag: Invalid Tag(17) measurement not added for peer(1)
06-13 06:36:29.764  2982  4414 D LOWI-9.0.1.74: [LOWIWifiTlvHandler] checkTlvTag: Processing idx(8) received TLV: loop_end
06-13 06:36:29.764  2982  4414 D LOWI-9.0.1.74: [LOWIWifiTlvHandler] processIfLoopEndTag: mPeerLs(0)...peer list ends
06-13 06:36:29.764  2982  4414 D LOWI-9.0.1.74: [LOWIWifiTlvHandler] processIfPeerEvtHdrTag: Invalid Tag(17), not added to vector mPeerIdx(1)
06-13 06:36:29.764  2982  4414 D LOWI-9.0.1.74: [LOWIWifiTlvHandler] processIfPerFrmInfoTag: Invalid Tag(17) measurement not added for peer(1)
06-13 06:36:29.764  2982  4414 D LOWI-9.0.1.74: [LOWIWifiTlvHandler] printBssidInfo: Peer 0 of 2,  numMeas = 2
06-13 06:36:29.764  2982  4414 D LOWI-9.0.1.74: [LOWIWifiTlvHandler] printBssidInfo: Peer 1 of 2,  numMeas = 2
06-13 06:36:29.764  2982  4414 D LOWI-9.0.1.74: [LOWI-HELIUM-RTT] printMeasRspHeadInfo: info(0x200002) channel_info(0x157c) rprtType(2) rttMeasType(0) rprtStatusV3(0) tmStart(0) numAPs(2) destMac(00:00:00:**:**:00) channelInfo(5500)
06-13 06:36:29.764  2982  4414 D LOWI-9.0.1.74: [LOWI-HELIUM-RTT] printPerPeerInfo: peerMac(60:d8:a4:**:**:9d) burstIdx(0) numIEs(0) numMeasThisAP(2)rttMeasType(1) isQtiPeer(0) tmrSubType(0) isLastRespForPeer (0) securityMode(0) numFrmAttempted(2) actualBurstDur(8) actualNumFrmPerBur(2) actualBurstExp(0) retryAfterDur(0) measStartTSF(716187657) control(0x102) result_info_1(0x80002)result_info_2(0x2) result_info_3(0x0) measStartTSF_field(0x2ab02809)
06-13 06:36:29.764  2982  4414 D LOWI-9.0.1.74: [LOWI-HELIUM-RTT] printPerPeerInfo: 11az params: i2r_lmr_feedback:0 ranging_priority:0 r2i_toa_type:0 i2r_toa_type:0 format_and_bw:0 imdt_r2i_feedback:0 imdt_i2r_feedback:0 max_i2r_repetition:0 max_r2i_repetition:0 device_class:0 full_bw_ul_mumimo:0 max_r2i_sts_le_80mhz:0 max_r2i_sts_gr_80mhz:0 max_r2i_ltf_total:0 max_i2r_sts_le_80mhz:0 max_i2r_sts_gr_80mhz:0 max_i2r_ltf_total:0 min_time_between_measurements:0 tb_max_session_expiry 0
06-13 06:36:29.764  2982  4414 D LOWI-9.0.1.74: [LOWI-P2P-RTT] p2pIsStored: Bad inputs
06-13 06:36:29.764  2982  4414 D LOWI-9.0.1.74: [LOWI-HELIUM-RTT] printPerFrameInfo: tx_rate_info1(0x10003) tx_rate_info2(0x41) rx_rate_info1(0x30000) rx_rate_info2(0x41) max_tod_toa_error(0x0)
06-13 06:36:29.764  2982  4414 D LOWI-9.0.1.74: [LOWI-HELIUM-RTT] printPerFrameInfo: rssi(1684300900) T1.time32(0x0) T1.time0(0x0) T2.time32(0x0) T2.time0(0x0) T3_del(0x0) T4_del(0x62ec1b6) txPreamble(0x3) txBw(0x0) txRateMcsIdx(0x0)txSTS(0x0) txNREP(0x0) txBitRate(0x41) rxPreamble(0x0) rxBw(0x0) invalidFACBit(0x0) rxRateMcsIdx(0x0) rxBitRate(0x41) chainMask(0x3) maxTodError(0x0)maxToaError(0x0) useTxChainNo(0x1) useRxChainNo(0x0) rxSTS(0x0) rxNREP(0x0) r2iNDPIntegrityCheck(0x0)
06-13 06:36:29.764  2982  4414 D LOWI-9.0.1.74: [LOWI-HELIUM-RTT] processPerFrameInfo: RTT V2 Performed - Raw RSSI(0x0), toa - tod = 0x62ec1b6(pre-offset), RTT(103727542 psecs), RSSI(0) 
06-13 06:36:29.764  2982  4414 D LOWI-9.0.1.74: [LOWI-HELIUM-RTT] printPerFrameInfo: tx_rate_info1(0x10003) tx_rate_info2(0x41) rx_rate_info1(0x30000) rx_rate_info2(0x41) max_tod_toa_error(0x0)
06-13 06:36:29.764  2982  4414 D LOWI-9.0.1.74: [LOWI-HELIUM-RTT] printPerFrameInfo: rssi(1684300900) T1.time32(0x0) T1.time0(0x0) T2.time32(0x0) T2.time0(0x0) T3_del(0x0) T4_del(0x62c5327) txPreamble(0x3) txBw(0x0) txRateMcsIdx(0x0)txSTS(0x0) txNREP(0x0) txBitRate(0x41) rxPreamble(0x0) rxBw(0x0) invalidFACBit(0x0) rxRateMcsIdx(0x0) rxBitRate(0x41) chainMask(0x3) maxTodError(0x0)maxToaError(0x0) useTxChainNo(0x1) useRxChainNo(0x0) rxSTS(0x0) rxNREP(0x0) r2iNDPIntegrityCheck(0x0)
06-13 06:36:29.764  2982  4414 D LOWI-9.0.1.74: [LOWI-HELIUM-RTT] processPerFrameInfo: RTT V2 Performed - Raw RSSI(0x0), toa - tod = 0x62c5327(pre-offset), RTT(103568167 psecs), RSSI(0) 
06-13 06:36:29.764  2982  4414 D LOWI-9.0.1.74: [LOWI-HELIUM-RTT] printPerPeerInfo: peerMac(62:d8:a4:**:**:f9) burstIdx(0) numIEs(0) numMeasThisAP(2)rttMeasType(1) isQtiPeer(0) tmrSubType(0) isLastRespForPeer (0) securityMode(0) numFrmAttempted(2) actualBurstDur(15) actualNumFrmPerBur(2) actualBurstExp(0) retryAfterDur(0) measStartTSF(716187657) control(0x102) result_info_1(0xf0002)result_info_2(0x2) result_info_3(0x0) measStartTSF_field(0x2ab02809)
06-13 06:36:29.765  2982  4414 D LOWI-9.0.1.74: [LOWI-HELIUM-RTT] printPerPeerInfo: 11az params: i2r_lmr_feedback:0 ranging_priority:0 r2i_toa_type:0 i2r_toa_type:0 format_and_bw:0 imdt_r2i_feedback:0 imdt_i2r_feedback:0 max_i2r_repetition:0 max_r2i_repetition:0 device_class:0 full_bw_ul_mumimo:0 max_r2i_sts_le_80mhz:0 max_r2i_sts_gr_80mhz:0 max_r2i_ltf_total:0 max_i2r_sts_le_80mhz:0 max_i2r_sts_gr_80mhz:0 max_i2r_ltf_total:0 min_time_between_measurements:0 tb_max_session_expiry 0
06-13 06:36:29.765  2982  4414 D LOWI-9.0.1.74: [LOWI-P2P-RTT] p2pIsStored: Bad inputs
06-13 06:36:29.765  2982  4414 D LOWI-9.0.1.74: [LOWI-HELIUM-RTT] printPerFrameInfo: tx_rate_info1(0x10003) tx_rate_info2(0x41) rx_rate_info1(0x30000) rx_rate_info2(0x41) max_tod_toa_error(0x0)
06-13 06:36:29.765  2982  4414 D LOWI-9.0.1.74: [LOWI-HELIUM-RTT] printPerFrameInfo: rssi(1684300900) T1.time32(0x0) T1.time0(0x0) T2.time32(0x0) T2.time0(0x0) T3_del(0x0) T4_del(0x629e18b) txPreamble(0x3) txBw(0x0) txRateMcsIdx(0x0)txSTS(0x0) txNREP(0x0) txBitRate(0x41) rxPreamble(0x0) rxBw(0x0) invalidFACBit(0x0) rxRateMcsIdx(0x0) rxBitRate(0x41) chainMask(0x3) maxTodError(0x0)maxToaError(0x0) useTxChainNo(0x1) useRxChainNo(0x0) rxSTS(0x0) rxNREP(0x0) r2iNDPIntegrityCheck(0x0)
06-13 06:36:29.765  2982  4414 D LOWI-9.0.1.74: [LOWI-HELIUM-RTT] processPerFrameInfo: RTT V2 Performed - Raw RSSI(0x0), toa - tod = 0x629e18b(pre-offset), RTT(103408011 psecs), RSSI(0) 
06-13 06:36:29.765  2982  4414 D LOWI-9.0.1.74: [LOWI-HELIUM-RTT] printPerFrameInfo: tx_rate_info1(0x10003) tx_rate_info2(0x41) rx_rate_info1(0x30000) rx_rate_info2(0x41) max_tod_toa_error(0x0)
06-13 06:36:29.765  2982  4414 D LOWI-9.0.1.74: [LOWI-HELIUM-RTT] printPerFrameInfo: rssi(1684300900) T1.time32(0x0) T1.time0(0x0) T2.time32(0x0) T2.time0(0x0) T3_del(0x0) T4_del(0x62a4640) txPreamble(0x3) txBw(0x0) txRateMcsIdx(0x0)txSTS(0x0) txNREP(0x0) txBitRate(0x41) rxPreamble(0x0) rxBw(0x0) invalidFACBit(0x0) rxRateMcsIdx(0x0) rxBitRate(0x41) chainMask(0x3) maxTodError(0x0)maxToaError(0x0) useTxChainNo(0x1) useRxChainNo(0x0) rxSTS(0x0) rxNREP(0x0) r2iNDPIntegrityCheck(0x0)
06-13 06:36:29.765  2982  4414 D LOWI-9.0.1.74: [LOWI-HELIUM-RTT] processPerFrameInfo: RTT V2 Performed - Raw RSSI(0x0), toa - tod = 0x62a4640(pre-offset), RTT(103433792 psecs), RSSI(0) 
06-13 06:36:29.765  2982  4414 I LOWI-9.0.1.74: [LOWIRangingHeliumFSM] SendReqToFwOrRespToUser: All ranging measurements completed.Send response to client
06-13 06:36:29.765  2982  4414 I LOWI-9.0.1.74: [LOWIRangingHeliumFSM] SendReqToFwOrRespToUser this is not a rtt BG node
06-13 06:36:29.765  2982  4414 D LOWI-9.0.1.74: [LOWIRangingFSM] FSM: New FSM state: STATE_READY_AND_IDLE
06-13 06:36:29.765  2982  4414 D LOWI-9.0.1.74: [LOWI-ROME-RTT] RomeWaitOnActivityOnSocketOrPipe: issue blocking select 
06-13 06:36:29.765  2982  3006 D LOWI-9.0.1.74: [LOWIEventReceiver] handleEvent:FROM:NA, TO:NA, REQ:NA, IREQ:NA, REQ_ID:0, RESP:NA, INFO:NA
06-13 06:36:29.766  2982  3006 D LOWI-9.0.1.74: [LOWIBackgroundScanMgr] isRspForBgScanMgr: req(RANGING_SCAN) -- not handled
06-13 06:36:29.766  2982  3006 D LOWI-9.0.1.74: [LOWIScheduler] manageMsg: Results for RANGING_SCAN -- handled: scanStatus(SCAN_STATUS_SUCCESS)
06-13 06:36:29.766  2982  3006 D LOWI-9.0.1.74: [LOWICacheManager] putInCache:Num of Meas to add: 6
06-13 06:36:29.767  2982  3006 D LOWI-9.0.1.74: [LOWIScheduler] processNode: 5a:4c:77:**:**:11
06-13 06:36:29.767  2982  3006 I LOWI-9.0.1.74: [LOWIScheduler] Node isRttBgNode 0 is_last_resp_for_peer 0
06-13 06:36:29.767  2982  3006 D LOWI-9.0.1.74: [LOWIScheduler] processNode: 4a:4c:77:**:**:11
06-13 06:36:29.767  2982  3006 I LOWI-9.0.1.74: [LOWIScheduler] Node isRttBgNode 0 is_last_resp_for_peer 0
06-13 06:36:29.767  2982  3006 D LOWI-9.0.1.74: [LOWIScheduler] processNode: 40:4c:77:**:**:11
06-13 06:36:29.767  2982  3006 I LOWI-9.0.1.74: [LOWIScheduler] Node isRttBgNode 0 is_last_resp_for_peer 0
06-13 06:36:29.767  2982  3006 D LOWI-9.0.1.74: [LOWIScheduler] processNode: f0:09:0d:**:**:01
06-13 06:36:29.767  2982  3006 I LOWI-9.0.1.74: [LOWIScheduler] Node isRttBgNode 0 is_last_resp_for_peer 0
06-13 06:36:29.767  2982  3006 D LOWI-9.0.1.74: [LOWIScheduler] processNode: 60:d8:a4:**:**:9d
06-13 06:36:29.767  2982  3006 I LOWI-9.0.1.74: [LOWIScheduler] Node isRttBgNode 0 is_last_resp_for_peer 0
06-13 06:36:29.767  2982  3006 D LOWI-9.0.1.74: [LOWIScheduler] processNode: 62:d8:a4:**:**:f9
06-13 06:36:29.767  2982  3006 I LOWI-9.0.1.74: [LOWIScheduler] Node isRttBgNode 0 is_last_resp_for_peer 0
06-13 06:36:29.767  2982  3006 D LOWI-9.0.1.74: [LOWIScheduler] nodesForRsp: # nodes for this client(6)
06-13 06:36:29.767  2982  3006 D LOWI-9.0.1.74: [LOWIScheduler] processRangRsp: Create response: status(SCAN_STATUS_SUCCESS) numBssids(6) reqId(245) originator(73fd882c00-LC) reqType(5)
06-13 06:36:29.767  2982  3006 D LOWI-9.0.1.74: [LOWIController] generateResponse: Type (PERIODIC_RANGING_SCAN) ScanStatus (1) request 73fd882c00-LC_245
06-13 06:36:29.767  2982  3006 D LOWI-9.0.1.74: [LOWIEventDispatcher] sendResponse - originator = 73fd882c00-LC
06-13 06:36:29.767  2982  3006 D LOWI-9.0.1.74: [LOWIUtils] injectScanMeasurements - num of APs = 6
06-13 06:36:29.767  2982  3006 D LOWI-9.0.1.74: [LOWIUtils] injectRangingScanMeasurements - NUM_COLOC_BSS(0), PEER_OEM(LOWI_PEER_OEM_UNKNOWN)
06-13 06:36:29.767  2982  3006 D LOWI-9.0.1.74: [LOWIUtils] injectRangingScanMeasurements - NUM_COLOC_BSS(0), PEER_OEM(LOWI_PEER_OEM_UNKNOWN)
06-13 06:36:29.767  2982  3006 D LOWI-9.0.1.74: [LOWIUtils] injectRangingScanMeasurements - NUM_COLOC_BSS(0), PEER_OEM(LOWI_PEER_OEM_UNKNOWN)
06-13 06:36:29.767  2982  3006 D LOWI-9.0.1.74: [LOWIUtils] injectRangingScanMeasurements - NUM_COLOC_BSS(0), PEER_OEM(LOWI_PEER_OEM_UNKNOWN)
06-13 06:36:29.767  2982  3006 D LOWI-9.0.1.74: [LOWIUtils] injectRangingScanMeasurements - NUM_COLOC_BSS(0), PEER_OEM(LOWI_PEER_OEM_UNKNOWN)
06-13 06:36:29.767  2982  3006 D LOWI-9.0.1.74: [LOWIUtils] injectRangingScanMeasurements - NUM_COLOC_BSS(0), PEER_OEM(LOWI_PEER_OEM_UNKNOWN)
06-13 06:36:29.767  2982  3006 I LOWI-9.0.1.74: [LOWIUtils] responseToOutPostcard - TO: 73fd882c00-LC, FROM:   LOWI-SERVER, RESP:  LOWI_RANGING_SCAN
06-13 06:36:29.768  2982  3006 D LOWI-9.0.1.74: [LOWIEventDispatcher] sendResponse - originator = FreeWifiScanObserver
06-13 06:36:29.768  2982  3006 D LOWI-9.0.1.74: [LOWIUtils] injectScanMeasurements - num of APs = 6
06-13 06:36:29.768  2982  3006 I LOWI-9.0.1.74: [LOWIUtils] responseToOutPostcard - TO: FreeWifiScanObserver, FROM:   LOWI-SERVER, RESP:  LOWI_RANGING_SCAN
06-13 06:36:29.768  2200  4416 I QCALOG  : [LOWIUtils] inPostcardToResponse - FROM: LOWI-SERVER, TO:   73fd882c00-LC, RESP:  LOWI_RANGING_SCAN
06-13 06:36:29.768  2200  4416 D QCALOG  : [LOWIUtils] inPostcardToResponse - Request id(245) Scan Status(1)
06-13 06:36:29.768  2200  4416 D QCALOG  : [LOWIUtils] parseScanMeasurements - Total Scan measurements = 6
06-13 06:36:29.769  2200  4416 D QCALOG  : [LOWIUtils] parseRangingScanMeasurements - MAX_BSS_IND = 0, NUM_COLOC_BSS = 0, Peer OEM = 0
06-13 06:36:29.769  2200  4416 D QCALOG  : [LOWIUtils] parseScanMeasurements - FREQUENCY(5785) IS_SECURE(0) NODE_TYPE(1)RTT_TYPE(1) ADD_INFO 0x0tmr_subtype(0) security_mode(0)
06-13 06:36:29.769  2200  4416 D QCALOG  : [LOWIUtils] COUNTRY_CODE is 
06-13 06:36:29.769  2200  4416 D QCALOG  : [LOWIUtils] parseScanMeasurements - CELL_POWER(0) INDOOR OUTDOOR( ), MEASUREMENT_NUM(0)
06-13 06:36:29.769  2200  4416 D QCALOG  : [LOWIUtils] parseMeasurementInfo - Total measurements = 2
06-13 06:36:29.769  2200  4416 W QCALOG  : [LOWIUtils] parseMeasurementInfo - Unable to extract CFR_CIR_LENGTH
06-13 06:36:29.769  2200  4416 D QCALOG  : [LOWIUtils] parseMeasurementInfo - RSSI_TIMESTAMP(1781350589547) RSSI(0) MEAS_AGE(-1) RTT_TIMESTAMP(1781350589547) RTT(104292) TX_PREAMBLE(3) TX_NSS(1) TX_BW(0) TX_MCS_IDX(0) TX_BIT_RATE(65) RX_PREAMBLE(0) RX_NSS(2) RX_BW(0) RX_MCS_IDX(0) RX_BIT_RATE(65) tx_chain_no(0) rx_chain_no(-1) TX_STS(0) TX_NREP(0) RX_STS(0) RX_NREP(0) R2I_NDP_INTEGRITY_CHECK(0) INVALID_FAC(0)
06-13 06:36:29.769  2200  4416 W QCALOG  : [LOWIUtils] parseMeasurementInfo - Unable to extract CFR_CIR_LENGTH
06-13 06:36:29.769  2200  4416 D QCALOG  : [LOWIUtils] parseMeasurementInfo - RSSI_TIMESTAMP(1781350589547) RSSI(0) MEAS_AGE(-1) RTT_TIMESTAMP(1781350589547) RTT(104584) TX_PREAMBLE(3) TX_NSS(1) TX_BW(0) TX_MCS_IDX(0) TX_BIT_RATE(65) RX_PREAMBLE(0) RX_NSS(2) RX_BW(0) RX_MCS_IDX(0) RX_BIT_RATE(65) tx_chain_no(0) rx_chain_no(-1) TX_STS(0) TX_NREP(0) RX_STS(0) RX_NREP(0) R2I_NDP_INTEGRITY_CHECK(0) INVALID_FAC(0)
06-13 06:36:29.769  2200  4416 D QCALOG  : [LOWIUtils] parseIEDataInfo - Total IE's = 0
06-13 06:36:29.769  2200  4416 D QCALOG  : [LOWIUtils] parseScanMeasurements - RTT_TARGET_STATUS(0) BEACON_PERIOD(0), BEACON_CAPS(0), IE_LENGTH(0)
06-13 06:36:29.769  2200  4416 D QCALOG  : [LOWIUtils] parseRangingScanMeasurements - MAX_BSS_IND = 0, NUM_COLOC_BSS = 0, Peer OEM = 0
06-13 06:36:29.769  2200  4416 D QCALOG  : [LOWIUtils] parseScanMeasurements - FREQUENCY(5785) IS_SECURE(0) NODE_TYPE(1)RTT_TYPE(1) ADD_INFO 0x0tmr_subtype(0) security_mode(0)
06-13 06:36:29.769  2200  4416 D QCALOG  : [LOWIUtils] COUNTRY_CODE is 
06-13 06:36:29.769  2200  4416 D QCALOG  : [LOWIUtils] parseScanMeasurements - CELL_POWER(0) INDOOR OUTDOOR( ), MEASUREMENT_NUM(0)
06-13 06:36:29.769  2200  4416 D QCALOG  : [LOWIUtils] parseMeasurementInfo - Total measurements = 2
06-13 06:36:29.769  2200  4416 W QCALOG  : [LOWIUtils] parseMeasurementInfo - Unable to extract CFR_CIR_LENGTH
06-13 06:36:29.769  2200  4416 D QCALOG  : [LOWIUtils] parseMeasurementInfo - RSSI_TIMESTAMP(1781350589548) RSSI(0) MEAS_AGE(-1) RTT_TIMESTAMP(1781350589548) RTT(104334) TX_PREAMBLE(3) TX_NSS(1) TX_BW(0) TX_MCS_IDX(0) TX_BIT_RATE(65) RX_PREAMBLE(0) RX_NSS(2) RX_BW(0) RX_MCS_IDX(0) RX_BIT_RATE(65) tx_chain_no(0) rx_chain_no(-1) TX_STS(0) TX_NREP(0) RX_STS(0) RX_NREP(0) R2I_NDP_INTEGRITY_CHECK(0) INVALID_FAC(0)
06-13 06:36:29.769  2200  4416 W QCALOG  : [LOWIUtils] parseMeasurementInfo - Unable to extract CFR_CIR_LENGTH
06-13 06:36:29.769  2200  4416 D QCALOG  : [LOWIUtils] parseMeasurementInfo - RSSI_TIMESTAMP(1781350589549) RSSI(0) MEAS_AGE(-1) RTT_TIMESTAMP(1781350589549) RTT(104309) TX_PREAMBLE(3) TX_NSS(1) TX_BW(0) TX_MCS_IDX(0) TX_BIT_RATE(65) RX_PREAMBLE(0) RX_NSS(2) RX_BW(0) RX_MCS_IDX(0) RX_BIT_RATE(65) tx_chain_no(0) rx_chain_no(-1) TX_STS(0) TX_NREP(0) RX_STS(0) RX_NREP(0) R2I_NDP_INTEGRITY_CHECK(0) INVALID_FAC(0)
06-13 06:36:29.769  2200  4416 D QCALOG  : [LOWIUtils] parseIEDataInfo - Total IE's = 0
06-13 06:36:29.769  2200  4416 D QCALOG  : [LOWIUtils] parseScanMeasurements - RTT_TARGET_STATUS(0) BEACON_PERIOD(0), BEACON_CAPS(0), IE_LENGTH(0)
06-13 06:36:29.770  2982  3006 D LOWI-9.0.1.74: [LOWIController] sendRangingResponseToSnoopRTTClients: Response sent to Snoop RTT Client Request(ID:5, originator: FreeWifiScanObserver)
06-13 06:36:29.770  2982  3006 D LOWI-9.0.1.74: [LOWIScheduler] dataBaseCleanup:Status before cleanup
06-13 06:36:29.770  2982  3006 D LOWI-9.0.1.74: [LOWIScheduler] ****************************** WiFiNode Database *****************************************************************************************
06-13 06:36:29.770  2982  3006 D LOWI-9.0.1.74: [LOWIScheduler] Num of remaining nodes: 6
06-13 06:36:29.770  2982  3006 D LOWI-9.0.1.74: [LOWIScheduler] BSSID             Freq nodeT rttT  BW     pkts cont period       numMeas perCntr retries retCntr ReqId      schId      nodeState                  
06-13 06:36:29.770  2200  4416 D QCALOG  : [LOWIUtils] parseRangingScanMeasurements - MAX_BSS_IND = 0, NUM_COLOC_BSS = 0, Peer OEM = 0
06-13 06:36:29.770  2982  3006 D LOWI-9.0.1.74: [LOWIScheduler] 5a:4c:77:**:**:11 5785 AP    RTT2  BW_80  2    0    0            0       0       3       0       245        195428596  WIFI_NODE_READY_FOR_RSP    
06-13 06:36:29.770  2200  4416 D QCALOG  : [LOWIUtils] parseScanMeasurements - FREQUENCY(5785) IS_SECURE(0) NODE_TYPE(1)RTT_TYPE(1) ADD_INFO 0x0tmr_subtype(0) security_mode(0)
06-13 06:36:29.770  2982  3006 D LOWI-9.0.1.74: [LOWIScheduler] 4a:4c:77:**:**:11 5785 AP    RTT2  BW_80  2    0    0            0       0       3       0       245        195428596  WIFI_NODE_READY_FOR_RSP    
06-13 06:36:29.770  2200  4416 D QCALOG  : [LOWIUtils] COUNTRY_CODE is 
06-13 06:36:29.770  2200  4416 D QCALOG  : [LOWIUtils] parseScanMeasurements - CELL_POWER(0) INDOOR OUTDOOR( ), MEASUREMENT_NUM(0)
06-13 06:36:29.770  2982  3006 D LOWI-9.0.1.74: [LOWIScheduler] 40:4c:77:**:**:11 5785 AP    RTT2  BW_80  2    0    0            0       0       3       0       245        195428596  WIFI_NODE_READY_FOR_RSP    
06-13 06:36:29.770  2200  4416 D QCALOG  : [LOWIUtils] parseMeasurementInfo - Total measurements = 2
06-13 06:36:29.770  2982  3006 D LOWI-9.0.1.74: [LOWIScheduler] f0:09:0d:**:**:01 5220 AP    RTT2  BW_160 2    0    0            0       0       3       0       245        195428596  WIFI_NODE_READY_FOR_RSP    
06-13 06:36:29.770  2982  3006 D LOWI-9.0.1.74: [LOWIScheduler] 60:d8:a4:**:**:9d 5500 AP    RTT2  BW_80  2    0    0            0       0       3       0       245        195428596  WIFI_NODE_READY_FOR_RSP    
06-13 06:36:29.770  2200  4416 W QCALOG  : [LOWIUtils] parseMeasurementInfo - Unable to extract CFR_CIR_LENGTH
06-13 06:36:29.770  2200  4416 D QCALOG  : [LOWIUtils] parseMeasurementInfo - RSSI_TIMESTAMP(1781350589549) RSSI(0) MEAS_AGE(-1) RTT_TIMESTAMP(1781350589549) RTT(104291) TX_PREAMBLE(3) TX_NSS(1) TX_BW(0) TX_MCS_IDX(0) TX_BIT_RATE(65) RX_PREAMBLE(0) RX_NSS(2) RX_BW(0) RX_MCS_IDX(0) RX_BIT_RATE(65) tx_chain_no(0) rx_chain_no(-1) TX_STS(0) TX_NREP(0) RX_STS(0) RX_NREP(0) R2I_NDP_INTEGRITY_CHECK(0) INVALID_FAC(0)
06-13 06:36:29.770  2982  3006 D LOWI-9.0.1.74: [LOWIScheduler] 62:d8:a4:**:**:f9 5500 AP    RTT2  BW_80  2    0    0            0       0       3       0       245        195428596  WIFI_NODE_READY_FOR_RSP    
06-13 06:36:29.770  2982  3006 D LOWI-9.0.1.74: [LOWIScheduler] ******************************************************************************************************************************************
06-13 06:36:29.770  2200  4416 W QCALOG  : [LOWIUtils] parseMeasurementInfo - Unable to extract CFR_CIR_LENGTH
06-13 06:36:29.770  2982  3006 D LOWI-9.0.1.74: [LOWIScheduler] One-shot node fully serviced: 5a:4c:77:**:**:11
06-13 06:36:29.770  2200  4416 D QCALOG  : [LOWIUtils] parseMeasurementInfo - RSSI_TIMESTAMP(1781350589550) RSSI(0) MEAS_AGE(-1) RTT_TIMESTAMP(1781350589550) RTT(104313) TX_PREAMBLE(3) TX_NSS(1) TX_BW(0) TX_MCS_IDX(0) TX_BIT_RATE(65) RX_PREAMBLE(0) RX_NSS(2) RX_BW(0) RX_MCS_IDX(0) RX_BIT_RATE(65) tx_chain_no(0) rx_chain_no(-1) TX_STS(0) TX_NREP(0) RX_STS(0) RX_NREP(0) R2I_NDP_INTEGRITY_CHECK(0) INVALID_FAC(0)
06-13 06:36:29.770  2982  3006 D LOWI-9.0.1.74: [LOWIScheduler] One-shot node fully serviced: 4a:4c:77:**:**:11
06-13 06:36:29.770  2200  4416 D QCALOG  : [LOWIUtils] parseIEDataInfo - Total IE's = 0
06-13 06:36:29.770  2982  3006 D LOWI-9.0.1.74: [LOWIScheduler] One-shot node fully serviced: 40:4c:77:**:**:11
06-13 06:36:29.770  2200  4416 D QCALOG  : [LOWIUtils] parseScanMeasurements - RTT_TARGET_STATUS(0) BEACON_PERIOD(0), BEACON_CAPS(0), IE_LENGTH(0)
06-13 06:36:29.770  2982  3006 D LOWI-9.0.1.74: [LOWIScheduler] One-shot node fully serviced: f0:09:0d:**:**:01
06-13 06:36:29.770  2982  3006 D LOWI-9.0.1.74: [LOWIScheduler] One-shot node fully serviced: 60:d8:a4:**:**:9d
06-13 06:36:29.770  2982  3006 D LOWI-9.0.1.74: [LOWIScheduler] One-shot node fully serviced: 62:d8:a4:**:**:f9
06-13 06:36:29.770  2982  3006 D LOWI-9.0.1.74: [LOWIScheduler] dataBaseCleanup:Status after cleanup
06-13 06:36:29.770  2982  3006 D LOWI-9.0.1.74: [LOWIScheduler] ****************************** WiFiNode Database *****************************************************************************************
06-13 06:36:29.770  2982  3006 D LOWI-9.0.1.74: [LOWIScheduler] Num of remaining nodes: 0
06-13 06:36:29.770  2982  3006 D LOWI-9.0.1.74: [LOWIScheduler] BSSID             Freq nodeT rttT  BW     pkts cont period       numMeas perCntr retries retCntr ReqId      schId      nodeState                  
06-13 06:36:29.770  2982  3006 D LOWI-9.0.1.74: [LOWIScheduler] ******************************************************************************************************************************************
06-13 06:36:29.770  2982  3006 D LOWI-9.0.1.74: [LOWIScheduler] cleanUp: NumPeriodicNodesInDB left: 0
06-13 06:36:29.770  2200  4416 D QCALOG  : [LOWIUtils] parseRangingScanMeasurements - MAX_BSS_IND = 0, NUM_COLOC_BSS = 0, Peer OEM = 0
06-13 06:36:29.770  2982  3006 D LOWI-9.0.1.74: [LOWIScheduler] deleteClientInfo: deleting reqId(245) originator(73fd882c00-LC), reqType(PERIODIC_RANGING_SCAN)
06-13 06:36:29.770  2200  4416 D QCALOG  : [LOWIUtils] parseScanMeasurements - FREQUENCY(5220) IS_SECURE(0) NODE_TYPE(1)RTT_TYPE(1) ADD_INFO 0x0tmr_subtype(0) security_mode(0)
06-13 06:36:29.770  2982  3006 D LOWI-9.0.1.74: [LOWIScheduler] getMeasInProgressNodeCnt mNodeDataBase size 0
06-13 06:36:29.770  2982  3006 D LOWI-9.0.1.74: [LOWIScheduler] All node are served ? YES delete rtt req 
06-13 06:36:29.770  2200  4416 D QCALOG  : [LOWIUtils] COUNTRY_CODE is 
06-13 06:36:29.771  2200  4416 D QCALOG  : [LOWIUtils] parseScanMeasurements - CELL_POWER(0) INDOOR OUTDOOR( ), MEASUREMENT_NUM(0)
06-13 06:36:29.771  2982  3006 D LOWI-9.0.1.74: [LOWIScheduler] manageMsg:delete current wifi rtt request
06-13 06:36:29.771  2200  4416 D QCALOG  : [LOWIUtils] parseMeasurementInfo - Total measurements = 2
06-13 06:36:29.771  2982  3006 D LOWI-9.0.1.74: [LOWIController] Scheduler is managing the msg
06-13 06:36:29.771  2200  4416 W QCALOG  : [LOWIUtils] parseMeasurementInfo - Unable to extract CFR_CIR_LENGTH
06-13 06:36:29.771  2200  4416 D QCALOG  : [LOWIUtils] parseMeasurementInfo - RSSI_TIMESTAMP(1781350589612) RSSI(0) MEAS_AGE(-1) RTT_TIMESTAMP(1781350589612) RTT(103925) TX_PREAMBLE(3) TX_NSS(1) TX_BW(0) TX_MCS_IDX(0) TX_BIT_RATE(65) RX_PREAMBLE(0) RX_NSS(2) RX_BW(0) RX_MCS_IDX(0) RX_BIT_RATE(65) tx_chain_no(0) rx_chain_no(-1) TX_STS(0) TX_NREP(0) RX_STS(0) RX_NREP(0) R2I_NDP_INTEGRITY_CHECK(0) INVALID_FAC(0)
06-13 06:36:29.771  2200  4416 W QCALOG  : [LOWIUtils] parseMeasurementInfo - Unable to extract CFR_CIR_LENGTH
06-13 06:36:29.771  2200  4416 D QCALOG  : [LOWIUtils] parseMeasurementInfo - RSSI_TIMESTAMP(1781350589613) RSSI(0) MEAS_AGE(-1) RTT_TIMESTAMP(1781350589613) RTT(103975) TX_PREAMBLE(3) TX_NSS(1) TX_BW(0) TX_MCS_IDX(0) TX_BIT_RATE(65) RX_PREAMBLE(0) RX_NSS(2) RX_BW(0) RX_MCS_IDX(0) RX_BIT_RATE(65) tx_chain_no(0) rx_chain_no(-1) TX_STS(0) TX_NREP(0) RX_STS(0) RX_NREP(0) R2I_NDP_INTEGRITY_CHECK(0) INVALID_FAC(0)
06-13 06:36:29.771  2200  4416 D QCALOG  : [LOWIUtils] parseIEDataInfo - Total IE's = 0
06-13 06:36:29.771  2200  4416 D QCALOG  : [LOWIUtils] parseScanMeasurements - RTT_TARGET_STATUS(0) BEACON_PERIOD(0), BEACON_CAPS(0), IE_LENGTH(0)
06-13 06:36:29.771  2200  4416 D QCALOG  : [LOWIUtils] parseRangingScanMeasurements - MAX_BSS_IND = 0, NUM_COLOC_BSS = 0, Peer OEM = 0
06-13 06:36:29.771  2200  4416 D QCALOG  : [LOWIUtils] parseScanMeasurements - FREQUENCY(5500) IS_SECURE(0) NODE_TYPE(1)RTT_TYPE(1) ADD_INFO 0x0tmr_subtype(0) security_mode(0)
06-13 06:36:29.771  2200  4416 D QCALOG  : [LOWIUtils] COUNTRY_CODE is 
06-13 06:36:29.771  2200  4416 D QCALOG  : [LOWIUtils] parseScanMeasurements - CELL_POWER(0) INDOOR OUTDOOR( ), MEASUREMENT_NUM(0)
06-13 06:36:29.772  2200  4416 D QCALOG  : [LOWIUtils] parseMeasurementInfo - Total measurements = 2
06-13 06:36:29.772  2200  4416 W QCALOG  : [LOWIUtils] parseMeasurementInfo - Unable to extract CFR_CIR_LENGTH
06-13 06:36:29.772  2200  4416 D QCALOG  : [LOWIUtils] parseMeasurementInfo - RSSI_TIMESTAMP(1781350589765) RSSI(0) MEAS_AGE(-1) RTT_TIMESTAMP(1781350589765) RTT(103727) TX_PREAMBLE(3) TX_NSS(1) TX_BW(0) TX_MCS_IDX(0) TX_BIT_RATE(65) RX_PREAMBLE(0) RX_NSS(2) RX_BW(0) RX_MCS_IDX(0) RX_BIT_RATE(65) tx_chain_no(0) rx_chain_no(-1) TX_STS(0) TX_NREP(0) RX_STS(0) RX_NREP(0) R2I_NDP_INTEGRITY_CHECK(0) INVALID_FAC(0)
06-13 06:36:29.772  2200  4416 W QCALOG  : [LOWIUtils] parseMeasurementInfo - Unable to extract CFR_CIR_LENGTH
06-13 06:36:29.772  2200  4416 D QCALOG  : [LOWIUtils] parseMeasurementInfo - RSSI_TIMESTAMP(1781350589765) RSSI(0) MEAS_AGE(-1) RTT_TIMESTAMP(1781350589765) RTT(103568) TX_PREAMBLE(3) TX_NSS(1) TX_BW(0) TX_MCS_IDX(0) TX_BIT_RATE(65) RX_PREAMBLE(0) RX_NSS(2) RX_BW(0) RX_MCS_IDX(0) RX_BIT_RATE(65) tx_chain_no(0) rx_chain_no(-1) TX_STS(0) TX_NREP(0) RX_STS(0) RX_NREP(0) R2I_NDP_INTEGRITY_CHECK(0) INVALID_FAC(0)
06-13 06:36:29.772  2200  4416 D QCALOG  : [LOWIUtils] parseIEDataInfo - Total IE's = 0
06-13 06:36:29.772  2200  4416 D QCALOG  : [LOWIUtils] parseScanMeasurements - RTT_TARGET_STATUS(0) BEACON_PERIOD(0), BEACON_CAPS(0), IE_LENGTH(0)
06-13 06:36:29.772  2200  4416 D QCALOG  : [LOWIUtils] parseRangingScanMeasurements - MAX_BSS_IND = 0, NUM_COLOC_BSS = 0, Peer OEM = 0
06-13 06:36:29.772  2200  4416 D QCALOG  : [LOWIUtils] parseScanMeasurements - FREQUENCY(5500) IS_SECURE(0) NODE_TYPE(1)RTT_TYPE(1) ADD_INFO 0x0tmr_subtype(0) security_mode(0)
06-13 06:36:29.772  2200  4416 D QCALOG  : [LOWIUtils] COUNTRY_CODE is 
06-13 06:36:29.772  2200  4416 D QCALOG  : [LOWIUtils] parseScanMeasurements - CELL_POWER(0) INDOOR OUTDOOR( ), MEASUREMENT_NUM(0)
06-13 06:36:29.772  2200  4416 D QCALOG  : [LOWIUtils] parseMeasurementInfo - Total measurements = 2
06-13 06:36:29.772  2200  4416 W QCALOG  : [LOWIUtils] parseMeasurementInfo - Unable to extract CFR_CIR_LENGTH
06-13 06:36:29.772  2200  4416 D QCALOG  : [LOWIUtils] parseMeasurementInfo - RSSI_TIMESTAMP(1781350589765) RSSI(0) MEAS_AGE(-1) RTT_TIMESTAMP(1781350589765) RTT(103408) TX_PREAMBLE(3) TX_NSS(1) TX_BW(0) TX_MCS_IDX(0) TX_BIT_RATE(65) RX_PREAMBLE(0) RX_NSS(2) RX_BW(0) RX_MCS_IDX(0) RX_BIT_RATE(65) tx_chain_no(0) rx_chain_no(-1) TX_STS(0) TX_NREP(0) RX_STS(0) RX_NREP(0) R2I_NDP_INTEGRITY_CHECK(0) INVALID_FAC(0)
06-13 06:36:29.772  2200  4416 W QCALOG  : [LOWIUtils] parseMeasurementInfo - Unable to extract CFR_CIR_LENGTH
06-13 06:36:29.772  2200  4416 D QCALOG  : [LOWIUtils] parseMeasurementInfo - RSSI_TIMESTAMP(1781350589765) RSSI(0) MEAS_AGE(-1) RTT_TIMESTAMP(1781350589765) RTT(103433) TX_PREAMBLE(3) TX_NSS(1) TX_BW(0) TX_MCS_IDX(0) TX_BIT_RATE(65) RX_PREAMBLE(0) RX_NSS(2) RX_BW(0) RX_MCS_IDX(0) RX_BIT_RATE(65) tx_chain_no(0) rx_chain_no(-1) TX_STS(0) TX_NREP(0) RX_STS(0) RX_NREP(0) R2I_NDP_INTEGRITY_CHECK(0) INVALID_FAC(0)
06-13 06:36:29.772  2200  4416 D QCALOG  : [LOWIUtils] parseIEDataInfo - Total IE's = 0
06-13 06:36:29.772  2200  4416 D QCALOG  : [LOWIUtils] parseScanMeasurements - RTT_TARGET_STATUS(0) BEACON_PERIOD(0), BEACON_CAPS(0), IE_LENGTH(0)
06-13 06:36:29.773  2200  4416 D QCALOG  : [LOWIClientListener] Frequency = 5785, Is Secure = 0, Node type = 1
06-13 06:36:29.773  2200  4416 D QCALOG  : [LOWIClientListener] RSSI = 0, RSSI_TIMESTAMP = 1781350589547, RTT = 104292645ps, RTT_TIMESTAMP = 1781350589547
06-13 06:36:29.773  2200  4416 D QCALOG  : [LOWIClientListener] PREAMBLE = 3, BW = 0, MCS_IDX = 0, BIT_RATE = 65
06-13 06:36:29.773  2200  4416 D QCALOG  : [LOWIClientListener] RSSI = 0, RSSI_TIMESTAMP = 1781350589547, RTT = 104584833ps, RTT_TIMESTAMP = 1781350589547
06-13 06:36:29.773  2200  4416 D QCALOG  : [LOWIClientListener] PREAMBLE = 3, BW = 0, MCS_IDX = 0, BIT_RATE = 65
06-13 06:36:29.773  2200  4416 D QCALOG  : [LOWIClientListener] Frequency = 5785, Is Secure = 0, Node type = 1
06-13 06:36:29.773  2200  4416 D QCALOG  : [LOWIClientListener] RSSI = 0, RSSI_TIMESTAMP = 1781350589548, RTT = 104334833ps, RTT_TIMESTAMP = 1781350589548
06-13 06:36:29.773  2200  4416 D QCALOG  : [LOWIClientListener] PREAMBLE = 3, BW = 0, MCS_IDX = 0, BIT_RATE = 65
06-13 06:36:29.773  2200  4416 D QCALOG  : [LOWIClientListener] RSSI = 0, RSSI_TIMESTAMP = 1781350589549, RTT = 104309833ps, RTT_TIMESTAMP = 1781350589549
06-13 06:36:29.773  2200  4416 D QCALOG  : [LOWIClientListener] PREAMBLE = 3, BW = 0, MCS_IDX = 0, BIT_RATE = 65
06-13 06:36:29.773  2200  4416 D QCALOG  : [LOWIClientListener] Frequency = 5785, Is Secure = 0, Node type = 1
06-13 06:36:29.773  2200  4416 D QCALOG  : [LOWIClientListener] RSSI = 0, RSSI_TIMESTAMP = 1781350589549, RTT = 104291083ps, RTT_TIMESTAMP = 1781350589549
06-13 06:36:29.773  2200  4416 D QCALOG  : [LOWIClientListener] PREAMBLE = 3, BW = 0, MCS_IDX = 0, BIT_RATE = 65
06-13 06:36:29.773  2200  4416 D QCALOG  : [LOWIClientListener] RSSI = 0, RSSI_TIMESTAMP = 1781350589550, RTT = 104313739ps, RTT_TIMESTAMP = 1781350589550
06-13 06:36:29.773  2200  4416 D QCALOG  : [LOWIClientListener] PREAMBLE = 3, BW = 0, MCS_IDX = 0, BIT_RATE = 65
06-13 06:36:29.773  2200  4416 D QCALOG  : [LOWIClientListener] Frequency = 5220, Is Secure = 0, Node type = 1
06-13 06:36:29.773  2200  4416 D QCALOG  : [LOWIClientListener] RSSI = 0, RSSI_TIMESTAMP = 1781350589612, RTT = 103925967ps, RTT_TIMESTAMP = 1781350589612
06-13 06:36:29.773  2200  4416 D QCALOG  : [LOWIClientListener] PREAMBLE = 3, BW = 0, MCS_IDX = 0, BIT_RATE = 65
06-13 06:36:29.773  2200  4416 D QCALOG  : [LOWIClientListener] RSSI = 0, RSSI_TIMESTAMP = 1781350589613, RTT = 103975967ps, RTT_TIMESTAMP = 1781350589613
06-13 06:36:29.773  2200  4416 D QCALOG  : [LOWIClientListener] PREAMBLE = 3, BW = 0, MCS_IDX = 0, BIT_RATE = 65
06-13 06:36:29.773  2200  4416 D QCALOG  : [LOWIClientListener] Frequency = 5500, Is Secure = 0, Node type = 1
06-13 06:36:29.773  2200  4416 D QCALOG  : [LOWIClientListener] RSSI = 0, RSSI_TIMESTAMP = 1781350589765, RTT = 103727542ps, RTT_TIMESTAMP = 1781350589765
06-13 06:36:29.773  2200  4416 D QCALOG  : [LOWIClientListener] PREAMBLE = 3, BW = 0, MCS_IDX = 0, BIT_RATE = 65
06-13 06:36:29.773  2200  4416 D QCALOG  : [LOWIClientListener] RSSI = 0, RSSI_TIMESTAMP = 1781350589765, RTT = 103568167ps, RTT_TIMESTAMP = 1781350589765
06-13 06:36:29.773  2200  4416 D QCALOG  : [LOWIClientListener] PREAMBLE = 3, BW = 0, MCS_IDX = 0, BIT_RATE = 65
06-13 06:36:29.773  2200  4416 D QCALOG  : [LOWIClientListener] Frequency = 5500, Is Secure = 0, Node type = 1
06-13 06:36:29.773  2200  4416 D QCALOG  : [LOWIClientListener] RSSI = 0, RSSI_TIMESTAMP = 1781350589765, RTT = 103408011ps, RTT_TIMESTAMP = 1781350589765
06-13 06:36:29.773  2200  4416 D QCALOG  : [LOWIClientListener] PREAMBLE = 3, BW = 0, MCS_IDX = 0, BIT_RATE = 65
06-13 06:36:29.773  2200  4416 D QCALOG  : [LOWIClientListener] RSSI = 0, RSSI_TIMESTAMP = 1781350589765, RTT = 103433792ps, RTT_TIMESTAMP = 1781350589765
06-13 06:36:29.773  2200  4416 D QCALOG  : [LOWIClientListener] PREAMBLE = 3, BW = 0, MCS_IDX = 0, BIT_RATE = 65
06-13 06:36:29.773  2200  4416 D QCALOG  : [LOWIClientListener] computeRttMetrics: 5a:4c:77:**:**:11 RTT Chain_0 Final Mean:100000000.0000 Max:104292645 Min:100000000 Spread:4292645 Stdev:0 median: 100000000
06-13 06:36:29.773  2200  4416 D QCALOG  : [LOWIClientListener] @printWiFiHalNodeResult(): BSSID: 5a:4c:77:**:**:11, timestamp:(26323126000)
06-13 06:36:29.773  2200  4416 D QCALOG  : [LOWIClientListener] @printWiFiHalNodeResult(): measurement_num(0), status(RTT_STATUS_SUCCESS), type(RTT_TYPE_1_SIDED)
06-13 06:36:29.773  2200  4416 I QCALOG  : [LOWIClientListener] printWiFiHalNodeResult: rssi(0), rssi_spread(0), rtt(100000000), rtt_sd(0), rtt_spread(4292645)
06-13 06:36:29.773  2200  4416 D QCALOG  : [LOWIClientListener] @printWiFiHalNodeResult(): tx_rate info: preamble(VHT), nss(2x2), bw(WIFI_CHAN_WIDTH_80P80), mcs_idx(0), bitrate(65)
06-13 06:36:29.773  2200  4416 D QCALOG  : [LOWIClientListener] @printWiFiHalNodeResult(): distance_mm(15000001), distance_spread_mm(643896), distance_sd_mm(0)
06-13 06:36:29.773  2200  4416 D QCALOG  : [LOWIClientListener] @printWiFiHalNodeResult(): frequency(5785), packet_bw(4)
06-13 06:36:29.773  2200  4416 D QCALOG  : [LOWIClientListener] computeRttMetrics: 4a:4c:77:**:**:11 RTT Chain_0 Final Mean:100000000.0000 Max:104334833 Min:100000000 Spread:4334833 Stdev:0 median: 100000000
06-13 06:36:29.773  2200  4416 D QCALOG  : [LOWIClientListener] @printWiFiHalNodeResult(): BSSID: 4a:4c:77:**:**:11, timestamp:(26323126000)
06-13 06:36:29.773  2200  4416 D QCALOG  : [LOWIClientListener] @printWiFiHalNodeResult(): measurement_num(0), status(RTT_STATUS_SUCCESS), type(RTT_TYPE_1_SIDED)
06-13 06:36:29.773  2200  4416 I QCALOG  : [LOWIClientListener] printWiFiHalNodeResult: rssi(0), rssi_spread(0), rtt(100000000), rtt_sd(0), rtt_spread(4334833)
06-13 06:36:29.773  2200  4416 D QCALOG  : [LOWIClientListener] @printWiFiHalNodeResult(): tx_rate info: preamble(VHT), nss(2x2), bw(WIFI_CHAN_WIDTH_80P80), mcs_idx(0), bitrate(65)
06-13 06:36:29.773  2200  4416 D QCALOG  : [LOWIClientListener] @printWiFiHalNodeResult(): distance_mm(15000001), distance_spread_mm(650225), distance_sd_mm(0)
06-13 06:36:29.773  2200  4416 D QCALOG  : [LOWIClientListener] @printWiFiHalNodeResult(): frequency(5785), packet_bw(4)
06-13 06:36:29.773  2200  4416 D QCALOG  : [LOWIClientListener] computeRttMetrics: 40:4c:77:**:**:11 RTT Chain_0 Final Mean:100000000.0000 Max:104291083 Min:100000000 Spread:4291083 Stdev:0 median: 100000000
06-13 06:36:29.773  2200  4416 D QCALOG  : [LOWIClientListener] @printWiFiHalNodeResult(): BSSID: 40:4c:77:**:**:11, timestamp:(26323127000)
06-13 06:36:29.773  2200  4416 D QCALOG  : [LOWIClientListener] @printWiFiHalNodeResult(): measurement_num(0), status(RTT_STATUS_SUCCESS), type(RTT_TYPE_1_SIDED)
06-13 06:36:29.773  2200  4416 I QCALOG  : [LOWIClientListener] printWiFiHalNodeResult: rssi(0), rssi_spread(0), rtt(100000000), rtt_sd(0), rtt_spread(4291083)
06-13 06:36:29.773  2200  4416 D QCALOG  : [LOWIClientListener] @printWiFiHalNodeResult(): tx_rate info: preamble(VHT), nss(2x2), bw(WIFI_CHAN_WIDTH_80P80), mcs_idx(0), bitrate(65)
06-13 06:36:29.773  2200  4416 D QCALOG  : [LOWIClientListener] @printWiFiHalNodeResult(): distance_mm(15000001), distance_spread_mm(643662), distance_sd_mm(0)
06-13 06:36:29.774  2200  4416 D QCALOG  : [LOWIClientListener] @printWiFiHalNodeResult(): frequency(5785), packet_bw(4)
06-13 06:36:29.774  2200  4416 D QCALOG  : [LOWIClientListener] computeRttMetrics: f0:09:0d:**:**:01 RTT Chain_0 Final Mean:100000000.0000 Max:103925967 Min:100000000 Spread:3925967 Stdev:0 median: 100000000
06-13 06:36:29.774  2200  4416 D QCALOG  : [LOWIClientListener] @printWiFiHalNodeResult(): BSSID: f0:09:0d:**:**:01, timestamp:(26323127000)
06-13 06:36:29.774  2200  4416 D QCALOG  : [LOWIClientListener] @printWiFiHalNodeResult(): measurement_num(0), status(RTT_STATUS_SUCCESS), type(RTT_TYPE_1_SIDED)
06-13 06:36:29.774  2200  4416 I QCALOG  : [LOWIClientListener] printWiFiHalNodeResult: rssi(0), rssi_spread(0), rtt(100000000), rtt_sd(0), rtt_spread(3925967)
06-13 06:36:29.774  2200  4416 D QCALOG  : [LOWIClientListener] @printWiFiHalNodeResult(): tx_rate info: preamble(VHT), nss(2x2), bw(WIFI_CHAN_WIDTH_80P80), mcs_idx(0), bitrate(65)
06-13 06:36:29.774  2200  4416 D QCALOG  : [LOWIClientListener] @printWiFiHalNodeResult(): distance_mm(15000001), distance_spread_mm(588895), distance_sd_mm(0)
06-13 06:36:29.774  2200  4416 D QCALOG  : [LOWIClientListener] @printWiFiHalNodeResult(): frequency(5220), packet_bw(4)
06-13 06:36:29.774  2200  4416 D QCALOG  : [LOWIClientListener] computeRttMetrics: 60:d8:a4:**:**:9d RTT Chain_0 Final Mean:100000000.0000 Max:103727542 Min:100000000 Spread:3727542 Stdev:0 median: 100000000
06-13 06:36:29.774  2200  4416 D QCALOG  : [LOWIClientListener] @printWiFiHalNodeResult(): BSSID: 60:d8:a4:**:**:9d, timestamp:(26323127000)
06-13 06:36:29.774  2200  4416 D QCALOG  : [LOWIClientListener] @printWiFiHalNodeResult(): measurement_num(0), status(RTT_STATUS_SUCCESS), type(RTT_TYPE_1_SIDED)
06-13 06:36:29.774  2200  4416 I QCALOG  : [LOWIClientListener] printWiFiHalNodeResult: rssi(0), rssi_spread(0), rtt(100000000), rtt_sd(0), rtt_spread(3727542)
06-13 06:36:29.774  2200  4416 D QCALOG  : [LOWIClientListener] @printWiFiHalNodeResult(): tx_rate info: preamble(VHT), nss(2x2), bw(WIFI_CHAN_WIDTH_80P80), mcs_idx(0), bitrate(65)
06-13 06:36:29.774  2200  4416 D QCALOG  : [LOWIClientListener] @printWiFiHalNodeResult(): distance_mm(15000001), distance_spread_mm(559131), distance_sd_mm(0)
06-13 06:36:29.774  2200  4416 D QCALOG  : [LOWIClientListener] @printWiFiHalNodeResult(): frequency(5500), packet_bw(4)
06-13 06:36:29.774  2200  4416 D QCALOG  : [LOWIClientListener] computeRttMetrics: 62:d8:a4:**:**:f9 RTT Chain_0 Final Mean:100000000.0000 Max:103408011 Min:100000000 Spread:3408011 Stdev:0 median: 100000000
06-13 06:36:29.774  2200  4416 D QCALOG  : [LOWIClientListener] @printWiFiHalNodeResult(): BSSID: 62:d8:a4:**:**:f9, timestamp:(26323127000)
06-13 06:36:29.774  2200  4416 D QCALOG  : [LOWIClientListener] @printWiFiHalNodeResult(): measurement_num(0), status(RTT_STATUS_SUCCESS), type(RTT_TYPE_1_SIDED)
06-13 06:36:29.774  2200  4416 I QCALOG  : [LOWIClientListener] printWiFiHalNodeResult: rssi(0), rssi_spread(0), rtt(100000000), rtt_sd(0), rtt_spread(3408011)
06-13 06:36:29.774  2200  4416 D QCALOG  : [LOWIClientListener] @printWiFiHalNodeResult(): tx_rate info: preamble(VHT), nss(2x2), bw(WIFI_CHAN_WIDTH_80P80), mcs_idx(0), bitrate(65)
06-13 06:36:29.774  2200  4416 D QCALOG  : [LOWIClientListener] @printWiFiHalNodeResult(): distance_mm(15000001), distance_spread_mm(511201), distance_sd_mm(0)
06-13 06:36:29.774  2200  4416 D QCALOG  : [LOWIClientListener] @printWiFiHalNodeResult(): frequency(5500), packet_bw(4)
06-13 06:36:29.778  2200  4360 D QCALOG  : [LOWI-WIFIHAL-2.1.1.27] printWiFiHalRequest: Request_id: 1244, numBssids : 6
06-13 06:36:29.778  2200  4360 D QCALOG  : [LOWI-WIFIHAL-2.1.1.27] wifiNodeParamChecking: Request_id: 1244, numBssids : 6
06-13 06:36:29.778  2200  4360 D QCALOG  : [LOWIUtils] requestToOutPostcard - Added a node card to the main card
06-13 06:36:29.778  2200  4360 D QCALOG  : [LOWIUtils] requestToOutPostcard - Added a node card to the main card
06-13 06:36:29.778  2200  4360 D QCALOG  : [LOWIUtils] requestToOutPostcard - Added a node card to the main card
06-13 06:36:29.778  2200  4360 D QCALOG  : [LOWIUtils] requestToOutPostcard - Added a node card to the main card
06-13 06:36:29.779  2200  4360 D QCALOG  : [LOWIUtils] requestToOutPostcard - Added a node card to the main card
06-13 06:36:29.779  2200  4360 D QCALOG  : [LOWIUtils] requestToOutPostcard - Added a node card to the main card
06-13 06:36:29.779  2200  4360 D QCALOG  : [LOWI-WIFIHAL-2.1.1.27] printLowiRequest: Request_id: 246, numBssids: 6
06-13 06:36:29.779  2200  4360 D QCALOG  : [LOWI-WIFIHAL-2.1.1.27] printLowiRequest: freq(5500)MHz, band_center_freq1(5530)MHz, band_center_freq2(0)MHz, rttType(RTT2), bwType(BW_80MHZ), pktsPerMeas(2)
06-13 06:36:29.779  2200  4360 D QCALOG  : [LOWI-WIFIHAL-2.1.1.27] printLowiRequest: periodic(0), burstPeriod(0) ms, numBursts(0), numRetries(3)
06-13 06:36:29.779  2200  4360 D QCALOG  : [LOWI-WIFIHAL-2.1.1.27] printLowiRequest: LCI Req(0x1) Civic(0x1) Bursts Exp(0) Burst Duration(9) Burst Period(0)
06-13 06:36:29.779  2200  4360 D QCALOG  : [LOWI-WIFIHAL-2.1.1.27] printLowiRequest: freq(5500)MHz, band_center_freq1(5530)MHz, band_center_freq2(0)MHz, rttType(RTT2), bwType(BW_80MHZ), pktsPerMeas(2)
06-13 06:36:29.779  2200  4360 D QCALOG  : [LOWI-WIFIHAL-2.1.1.27] printLowiRequest: periodic(0), burstPeriod(0) ms, numBursts(0), numRetries(3)
06-13 06:36:29.779  2200  4360 D QCALOG  : [LOWI-WIFIHAL-2.1.1.27] printLowiRequest: LCI Req(0x1) Civic(0x1) Bursts Exp(0) Burst Duration(9) Burst Period(0)
06-13 06:36:29.779  2200  4360 D QCALOG  : [LOWI-WIFIHAL-2.1.1.27] printLowiRequest: freq(5220)MHz, band_center_freq1(5210)MHz, band_center_freq2(5250)MHz, rttType(RTT2), bwType(BW_160MHZ), pktsPerMeas(2)
06-13 06:36:29.779  2200  4360 D QCALOG  : [LOWI-WIFIHAL-2.1.1.27] printLowiRequest: periodic(0), burstPeriod(0) ms, numBursts(0), numRetries(3)
06-13 06:36:29.779  2200  4360 D QCALOG  : [LOWI-WIFIHAL-2.1.1.27] printLowiRequest: LCI Req(0x1) Civic(0x1) Bursts Exp(0) Burst Duration(9) Burst Period(0)
06-13 06:36:29.779  2200  4360 D QCALOG  : [LOWI-WIFIHAL-2.1.1.27] printLowiRequest: freq(5785)MHz, band_center_freq1(5775)MHz, band_center_freq2(0)MHz, rttType(RTT2), bwType(BW_80MHZ), pktsPerMeas(2)
06-13 06:36:29.779  2200  4360 D QCALOG  : [LOWI-WIFIHAL-2.1.1.27] printLowiRequest: periodic(0), burstPeriod(0) ms, numBursts(0), numRetries(3)
06-13 06:36:29.779  2200  4360 D QCALOG  : [LOWI-WIFIHAL-2.1.1.27] printLowiRequest: LCI Req(0x1) Civic(0x1) Bursts Exp(0) Burst Duration(9) Burst Period(0)
06-13 06:36:29.779  2200  4360 D QCALOG  : [LOWI-WIFIHAL-2.1.1.27] printLowiRequest: freq(5785)MHz, band_center_freq1(5775)MHz, band_center_freq2(0)MHz, rttType(RTT2), bwType(BW_80MHZ), pktsPerMeas(2)
06-13 06:36:29.779  2200  4360 D QCALOG  : [LOWI-WIFIHAL-2.1.1.27] printLowiRequest: periodic(0), burstPeriod(0) ms, numBursts(0), numRetries(3)
06-13 06:36:29.779  2200  4360 D QCALOG  : [LOWI-WIFIHAL-2.1.1.27] printLowiRequest: LCI Req(0x1) Civic(0x1) Bursts Exp(0) Burst Duration(9) Burst Period(0)
06-13 06:36:29.779  2200  4360 D QCALOG  : [LOWI-WIFIHAL-2.1.1.27] printLowiRequest: freq(5785)MHz, band_center_freq1(5775)MHz, band_center_freq2(0)MHz, rttType(RTT2), bwType(BW_80MHZ), pktsPerMeas(2)
06-13 06:36:29.779  2200  4360 D QCALOG  : [LOWI-WIFIHAL-2.1.1.27] printLowiRequest: periodic(0), burstPeriod(0) ms, numBursts(0), numRetries(3)
06-13 06:36:29.779  2200  4360 D QCALOG  : [LOWI-WIFIHAL-2.1.1.27] printLowiRequest: LCI Req(0x1) Civic(0x1) Bursts Exp(0) Burst Duration(9) Burst Period(0)
06-13 06:36:29.780  2982  3005 D LOWI-9.0.1.74: [MqClientIpcReciver] FROM: 73fd882c00-LC
06-13 06:36:29.780  2982  3005 D LOWI-9.0.1.74: [MqClientIpcReciver] REQ:  LOWI_PERIODIC_RANGING_SCAN
06-13 06:36:29.780  2982  3005 D LOWI-9.0.1.74: [MqClientIpcReciver] TX-ID:  246
06-13 06:36:29.780  2982  3006 D LOWI-9.0.1.74: [LOWIEventReceiver] handleEvent:FROM:73fd882c00-LC, TO:LOWI-SERVER, REQ:LOWI_PERIODIC_RANGING_SCAN, IREQ:NA, REQ_ID:246, RESP:NA, INFO:NA
06-13 06:36:29.781  2982  3006 I LOWI-9.0.1.74: [LOWIUtils] inPostcardToRequest - FROM: 73fd882c00-LC, TO:   LOWI-SERVER, REQ:  LOWI_PERIODIC_RANGING_SCAN
06-13 06:36:29.781  2982  3006 D LOWI-9.0.1.74: [LOWIUtils] parseRangReqInfo - Request id(246) REQ_TIMEOUT(0) RANGING_SCAN_REPORT_TYPE(2), NUM_OF_NODES(6)
06-13 06:36:29.781  2982  3006 D LOWI-9.0.1.74: [LOWIUtils] parseRangScanParams - 62:d8:a4:**:**:f9 FREQ(5500 - 5530, 0) NODE_TYPE(1) RTT Type(1) BW(2) PREAMBLE(2) PKTS_PER_MEAS(2) RETRIES_PER_MEAS(3) PHYMODE(-1)
06-13 06:36:29.781  2982  3006 D LOWI-9.0.1.74: [LOWIUtils] parseRangScanParams - isRttBgNode 0 tbPeriodicity 0 tbDuration 0 tbMaxSessionExpiry 0
06-13 06:36:29.781  2982  3006 D LOWI-9.0.1.74: [LOWIUtils] parseRangScanParams -  PERIODIC(0) PERIOD(0) COUNT(0)
06-13 06:36:29.781  2982  3006 D LOWI-9.0.1.74: [LOWIUtils] parseRangScanParams - 60:d8:a4:**:**:9d FREQ(5500 - 5530, 0) NODE_TYPE(1) RTT Type(1) BW(2) PREAMBLE(2) PKTS_PER_MEAS(2) RETRIES_PER_MEAS(3) PHYMODE(-1)
06-13 06:36:29.781  2982  3006 D LOWI-9.0.1.74: [LOWIUtils] parseRangScanParams - isRttBgNode 0 tbPeriodicity 0 tbDuration 0 tbMaxSessionExpiry 0
06-13 06:36:29.781  2982  3006 D LOWI-9.0.1.74: [LOWIUtils] parseRangScanParams -  PERIODIC(0) PERIOD(0) COUNT(0)
06-13 06:36:29.781  2982  3006 D LOWI-9.0.1.74: [LOWIUtils] parseRangScanParams - f0:09:0d:**:**:01 FREQ(5220 - 5210, 5250) NODE_TYPE(1) RTT Type(1) BW(3) PREAMBLE(2) PKTS_PER_MEAS(2) RETRIES_PER_MEAS(3) PHYMODE(-1)
06-13 06:36:29.781  2982  3006 D LOWI-9.0.1.74: [LOWIUtils] parseRangScanParams - isRttBgNode 0 tbPeriodicity 0 tbDuration 0 tbMaxSessionExpiry 0
06-13 06:36:29.781  2982  3006 D LOWI-9.0.1.74: [LOWIUtils] parseRangScanParams -  PERIODIC(0) PERIOD(0) COUNT(0)
06-13 06:36:29.781  2982  3006 D LOWI-9.0.1.74: [LOWIUtils] parseRangScanParams - 40:4c:77:**:**:11 FREQ(5785 - 5775, 0) NODE_TYPE(1) RTT Type(1) BW(2) PREAMBLE(2) PKTS_PER_MEAS(2) RETRIES_PER_MEAS(3) PHYMODE(-1)
06-13 06:36:29.781  2982  3006 D LOWI-9.0.1.74: [LOWIUtils] parseRangScanParams - isRttBgNode 0 tbPeriodicity 0 tbDuration 0 tbMaxSessionExpiry 0
06-13 06:36:29.781  2982  3006 D LOWI-9.0.1.74: [LOWIUtils] parseRangScanParams -  PERIODIC(0) PERIOD(0) COUNT(0)
06-13 06:36:29.781  2982  3006 D LOWI-9.0.1.74: [LOWIUtils] parseRangScanParams - 4a:4c:77:**:**:11 FREQ(5785 - 5775, 0) NODE_TYPE(1) RTT Type(1) BW(2) PREAMBLE(2) PKTS_PER_MEAS(2) RETRIES_PER_MEAS(3) PHYMODE(-1)
06-13 06:36:29.781  2982  3006 D LOWI-9.0.1.74: [LOWIUtils] parseRangScanParams - isRttBgNode 0 tbPeriodicity 0 tbDuration 0 tbMaxSessionExpiry 0
06-13 06:36:29.781  2982  3006 D LOWI-9.0.1.74: [LOWIUtils] parseRangScanParams -  PERIODIC(0) PERIOD(0) COUNT(0)
06-13 06:36:29.781  2982  3006 D LOWI-9.0.1.74: [LOWIUtils] parseRangScanParams - 5a:4c:77:**:**:11 FREQ(5785 - 5775, 0) NODE_TYPE(1) RTT Type(1) BW(2) PREAMBLE(2) PKTS_PER_MEAS(2) RETRIES_PER_MEAS(3) PHYMODE(-1)
06-13 06:36:29.781  2982  3006 D LOWI-9.0.1.74: [LOWIUtils] parseRangScanParams - isRttBgNode 0 tbPeriodicity 0 tbDuration 0 tbMaxSessionExpiry 0
06-13 06:36:29.781  2982  3006 D LOWI-9.0.1.74: [LOWIUtils] parseRangScanParams -  PERIODIC(0) PERIOD(0) COUNT(0)
06-13 06:36:29.781  2982  3006 D LOWI-9.0.1.74: [LOWIController] _process: Request 73fd882c00-LC_246 received, type(PERIODIC_RANGING_SCAN)
06-13 06:36:29.782  2982  3006 D LOWI-9.0.1.74: [LOWIBackgroundScanMgr] isReqForBgScanMgr: PERIODIC_RANGING_SCAN - not handled
06-13 06:36:29.782  2982  3006 D LOWI-9.0.1.74: [LOWIScheduler] manageRequest: Received: PERIODIC_RANGING_SCAN
06-13 06:36:29.782  2982  3006 D LOWI-9.0.1.74: [LOWIScheduler] manageRequest: NumPeriodicNodesInDB(0) DBsize(6) mTimerRunning(0)
06-13 06:36:29.782  2982  3006 D LOWI-9.0.1.74: [LOWIScheduler] ****************************** WiFiNode Database *****************************************************************************************
06-13 06:36:29.782  2982  3006 D LOWI-9.0.1.74: [LOWIScheduler] Num of remaining nodes: 6
06-13 06:36:29.782  2982  3006 D LOWI-9.0.1.74: [LOWIScheduler] BSSID             Freq nodeT rttT  BW     pkts cont period       numMeas perCntr retries retCntr ReqId      schId      nodeState                  
06-13 06:36:29.782  2982  3006 D LOWI-9.0.1.74: [LOWIScheduler] 5a:4c:77:**:**:11 5785 AP    RTT2  BW_80  2    0    0            0       0       3       0       246        0          WIFI_NODE_READY_FOR_REQ    
06-13 06:36:29.782  2982  3006 D LOWI-9.0.1.74: [LOWIScheduler] 4a:4c:77:**:**:11 5785 AP    RTT2  BW_80  2    0    0            0       0       3       0       246        0          WIFI_NODE_READY_FOR_REQ    
06-13 06:36:29.782  2982  3006 D LOWI-9.0.1.74: [LOWIScheduler] 40:4c:77:**:**:11 5785 AP    RTT2  BW_80  2    0    0            0       0       3       0       246        0          WIFI_NODE_READY_FOR_REQ    
06-13 06:36:29.782  2982  3006 D LOWI-9.0.1.74: [LOWIScheduler] f0:09:0d:**:**:01 5220 AP    RTT2  BW_160 2    0    0            0       0       3       0       246        0          WIFI_NODE_READY_FOR_REQ    
06-13 06:36:29.782  2982  3006 D LOWI-9.0.1.74: [LOWIScheduler] 60:d8:a4:**:**:9d 5500 AP    RTT2  BW_80  2    0    0            0       0       3       0       246        0          WIFI_NODE_READY_FOR_REQ    
06-13 06:36:29.782  2982  3006 D LOWI-9.0.1.74: [LOWIScheduler] 62:d8:a4:**:**:f9 5500 AP    RTT2  BW_80  2    0    0            0       0       3       0       246        0          WIFI_NODE_READY_FOR_REQ    
06-13 06:36:29.782  2982  3006 D LOWI-9.0.1.74: [LOWIScheduler] ******************************************************************************************************************************************
06-13 06:36:29.782  2982  3006 D LOWI-9.0.1.74: [LOWIScheduler] setupRequest: nodes in wifi req(6) wigig req(0) bg_nodes req(0)
06-13 06:36:29.782  2982  3006 D LOWI-9.0.1.74: [LOWIScheduler] schReqId: 2982-245
06-13 06:36:29.782  2982  3006 D LOWI-9.0.1.74: [LOWIController] isWifiEnabled: mNlWifiStatus 2 mWifiStateEnabled 1
06-13 06:36:29.782  2982  3006 D LOWI-9.0.1.74: [LOWI-ROME-RTT] RomeUnblockRangingThread
06-13 06:36:29.782  2982  3006 D LOWI-9.0.1.74: [LOWIController] issueRequest: LOWIRequestOriginator_195428597 sent to driver request - SUCCESS
06-13 06:36:29.782  2982  3006 D LOWI-9.0.1.74: [LOWIScheduler] setupRequest: database updated
06-13 06:36:29.782  2982  3006 D LOWI-9.0.1.74: [LOWIScheduler] ****************************** WiFiNode Database *****************************************************************************************
06-13 06:36:29.782  2982  3006 D LOWI-9.0.1.74: [LOWIScheduler] Num of remaining nodes: 6
06-13 06:36:29.782  2982  3006 D LOWI-9.0.1.74: [LOWIScheduler] BSSID             Freq nodeT rttT  BW     pkts cont period       numMeas perCntr retries retCntr ReqId      schId      nodeState                  
06-13 06:36:29.782  2982  3006 D LOWI-9.0.1.74: [LOWIScheduler] 5a:4c:77:**:**:11 5785 AP    RTT2  BW_80  2    0    0            0       0       3       0       246        195428597  WIFI_NODE_MEAS_IN_PROGRESS 
06-13 06:36:29.782  2982  3006 D LOWI-9.0.1.74: [LOWIScheduler] 4a:4c:77:**:**:11 5785 AP    RTT2  BW_80  2    0    0            0       0       3       0       246        195428597  WIFI_NODE_MEAS_IN_PROGRESS 
06-13 06:36:29.782  2982  3006 D LOWI-9.0.1.74: [LOWIScheduler] 40:4c:77:**:**:11 5785 AP    RTT2  BW_80  2    0    0            0       0       3       0       246        195428597  WIFI_NODE_MEAS_IN_PROGRESS 
06-13 06:36:29.782  2982  3006 D LOWI-9.0.1.74: [LOWIScheduler] f0:09:0d:**:**:01 5220 AP    RTT2  BW_160 2    0    0            0       0       3       0       246        195428597  WIFI_NODE_MEAS_IN_PROGRESS 
06-13 06:36:29.782  2982  3006 D LOWI-9.0.1.74: [LOWIScheduler] 60:d8:a4:**:**:9d 5500 AP    RTT2  BW_80  2    0    0            0       0       3       0       246        195428597  WIFI_NODE_MEAS_IN_PROGRESS 
06-13 06:36:29.782  2982  3006 D LOWI-9.0.1.74: [LOWIScheduler] 62:d8:a4:**:**:f9 5500 AP    RTT2  BW_80  2    0    0            0       0       3       0       246        195428597  WIFI_NODE_MEAS_IN_PROGRESS 
06-13 06:36:29.782  2982  3006 D LOWI-9.0.1.74: [LOWIScheduler] ******************************************************************************************************************************************
06-13 06:36:29.782  2982  3006 D LOWI-9.0.1.74: [LOWIController] Scheduler is managing the msg
06-13 06:36:29.783  2982  4414 D LOWI-9.0.1.74: [LOWI-ROME-RTT] RomeWaitOnActivityOnSocketOrPipe: Ranging thread Received string: Close, request socket shutdown 
06-13 06:36:29.783  2982  4414 D LOWI-9.0.1.74: [LOWIRangingFSM] FSM: Received Event EVENT_RANGING_REQ, Current state: STATE_READY_AND_IDLE
06-13 06:36:29.783  2982  4414 I LOWI-9.0.1.74: [LOWIRangingFSM] Skipping TMR check temporarily 
06-13 06:36:29.783  2982  4414 I LOWI-9.0.1.74: [LOWIRangingFSM] PrepareRangingRequest: AP: 5a:4c:77:**:**:11MHz: 5785 freq1: 5775 freq2: 0 BW: 2 phy mode: LOWI_PHY_MODE_11AC_VHT80    Overwrite chanInfo from cache
06-13 06:36:29.783  2982  4414 D LOWI-9.0.1.74: [LOWIRangingHeliumFSM] validChannelBWPreambleCombo: Valid combo: BW(BW_80MHZ) channel(5785:5775) phy mode(LOWI_PHY_MODE_11AC_VHT80) & preamble(RTT_PREAMBLE_VHT) for AP:5a:4c:77:**:**:11
06-13 06:36:29.783  2982  4414 I LOWI-9.0.1.74: [LOWIRangingFSM] Skipping TMR check temporarily 
06-13 06:36:29.783  2982  4414 I LOWI-9.0.1.74: [LOWIRangingFSM] PrepareRangingRequest: AP: 4a:4c:77:**:**:11MHz: 5785 freq1: 5775 freq2: 0 BW: 2 phy mode: LOWI_PHY_MODE_11AC_VHT80    Overwrite chanInfo from cache
06-13 06:36:29.783  2982  4414 D LOWI-9.0.1.74: [LOWIRangingHeliumFSM] validChannelBWPreambleCombo: Valid combo: BW(BW_80MHZ) channel(5785:5775) phy mode(LOWI_PHY_MODE_11AC_VHT80) & preamble(RTT_PREAMBLE_VHT) for AP:4a:4c:77:**:**:11
06-13 06:36:29.783  2982  4414 I LOWI-9.0.1.74: [LOWIRangingFSM] Skipping TMR check temporarily 
06-13 06:36:29.783  2982  4414 I LOWI-9.0.1.74: [LOWIRangingFSM] PrepareRangingRequest: AP: 40:4c:77:**:**:11MHz: 5785 freq1: 5775 freq2: 0 BW: 2 phy mode: LOWI_PHY_MODE_11AC_VHT80    Overwrite chanInfo from cache
06-13 06:36:29.783  2982  4414 D LOWI-9.0.1.74: [LOWIRangingHeliumFSM] validChannelBWPreambleCombo: Valid combo: BW(BW_80MHZ) channel(5785:5775) phy mode(LOWI_PHY_MODE_11AC_VHT80) & preamble(RTT_PREAMBLE_VHT) for AP:40:4c:77:**:**:11
06-13 06:36:29.783  2982  4414 I LOWI-9.0.1.74: [LOWIRangingFSM] Skipping TMR check temporarily 
06-13 06:36:29.783  2982  4414 I LOWI-9.0.1.74: [LOWIRangingFSM] PrepareRangingRequest: AP: f0:09:0d:**:**:01MHz: 5220 freq1: 5210 freq2: 5250 BW: 3 phy mode: LOWI_PHY_MODE_11AX_HE160    Overwrite chanInfo from cache
06-13 06:36:29.783  2982  4414 D LOWI-9.0.1.74: [LOWIRangingHeliumFSM] validChannelBWPreambleCombo: Valid combo: BW(BW_160MHZ) channel(5220:5210) phy mode(LOWI_PHY_MODE_11AX_HE160) & preamble(RTT_PREAMBLE_VHT) for AP:f0:09:0d:**:**:01
06-13 06:36:29.783  2982  4414 I LOWI-9.0.1.74: [LOWIRangingFSM] Skipping TMR check temporarily 
06-13 06:36:29.783  2982  4414 I LOWI-9.0.1.74: [LOWIRangingFSM] PrepareRangingRequest: AP: 60:d8:a4:**:**:9dMHz: 5500 freq1: 5530 freq2: 0 BW: 2 phy mode: LOWI_PHY_MODE_11AC_VHT80    Overwrite chanInfo from cache
06-13 06:36:29.783  2982  4414 D LOWI-9.0.1.74: [LOWIRangingHeliumFSM] validChannelBWPreambleCombo: Valid combo: BW(BW_80MHZ) channel(5500:5530) phy mode(LOWI_PHY_MODE_11AC_VHT80) & preamble(RTT_PREAMBLE_VHT) for AP:60:d8:a4:**:**:9d
06-13 06:36:29.784  2982  4414 I LOWI-9.0.1.74: [LOWIRangingFSM] Skipping TMR check temporarily 
06-13 06:36:29.784  2982  4414 I LOWI-9.0.1.74: [LOWIRangingFSM] PrepareRangingRequest: AP: 62:d8:a4:**:**:f9MHz: 5500 freq1: 5530 freq2: 0 BW: 2 phy mode: LOWI_PHY_MODE_11AC_VHT80    Overwrite chanInfo from cache
06-13 06:36:29.784  2982  4414 D LOWI-9.0.1.74: [LOWIRangingHeliumFSM] validChannelBWPreambleCombo: Valid combo: BW(BW_80MHZ) channel(5500:5530) phy mode(LOWI_PHY_MODE_11AC_VHT80) & preamble(RTT_PREAMBLE_VHT) for AP:62:d8:a4:**:**:f9
06-13 06:36:29.784  2982  4414 D LOWI-9.0.1.74: [LOWIRangingFSM] SendRangingReq: curChIndex: 0, totChs: 3, curAp: 0, totAp: 3
06-13 06:36:29.784  2982  4414 I LOWI-9.0.1.74: [LOWIRangingFSM] SendRangingReq: Starting RTT with 3 APs over 3 channels
06-13 06:36:29.784  2982  4414 D LOWI-9.0.1.74: [LOWIUtils] freqToChBandBit: frequency 5785 channel 157 Band 1
06-13 06:36:29.784  2982  4414 D LOWI-9.0.1.74: [LOWIUtils] freqToChBandBit: frequency 5785 channel 157 Band 1
06-13 06:36:29.784  2982  4414 D LOWI-9.0.1.74: [LOWI-HELIUM-RTT] RomeSendRttReq: PHY Mode(LOWI_PHY_MODE_11AC_VHT80) timeoutPerTarget(50) reportType(RTT_REPORT_AGGREGATE)
06-13 06:36:29.784  2200  4411 I WifiHAL : send_nl_data: sent cld80211 msg of len: 268 to driver
06-13 06:36:29.784  2982  4414 D LOWI-9.0.1.74: [LOWI-ROME-RTT] send_oem_nl_msg: sent cld80211 message with subcmd: 5
06-13 06:36:29.784  2982  4414 D LOWI-9.0.1.74: [LOWIRangingFSM] FSM: New FSM state: STATE_PROCESSING_RANGING_REQ
06-13 06:36:29.784  2982  4414 D LOWI-9.0.1.74: [LOWI-ROME-RTT] RomeWaitOnActivityOnSocketOrPipe: issue timed select: TO: 5 
06-13 06:36:29.836  2200  4411 I WifiHAL : send oem msg of len : 644 to apps
06-13 06:36:29.836  2982  4414 D LOWI-9.0.1.74: [LOWI-ROME-RTT] RomeWaitOnActivityOnSocketOrPipe: timed select over: TO: 5 retVal: 1
06-13 06:36:29.836  2982  4414 D LOWI-9.0.1.74: [LOWI-ROME-RTT] event_handler: Valid data with length 612
06-13 06:36:29.836  2982  4414 D LOWI-9.0.1.74: [LOWI-HELIUM-RTT] storeNLFragment: new fragment group, tokenid(2), adding 604 chars @position 0
06-13 06:36:29.837  2982  4414 D LOWI-9.0.1.74: [LOWI-HELIUM-RTT] RomeNLRecvMessage: The Received OEMSubType: RTT_MSG_SUBTYPE_MEASUREMENT_RSP
06-13 06:36:29.837  2982  4414 D LOWI-9.0.1.74: [LOWI-HELIUM-RTT] RomeNLRecvMessage: The Received RomeMsgType: ROME_RANGING_MEAS_MSG
06-13 06:36:29.837  2982  4414 D LOWI-9.0.1.74: [LOWIRangingFSM] FSM: Received Event EVENT_RANGING_MEAS_RECV, Current state: STATE_PROCESSING_RANGING_REQ
06-13 06:36:29.837  2982  4414 D LOWI-9.0.1.74: [LOWIWifiTlvHandler] processRspHeadTlv: reqId(761) measDone(1) rttStatus(RTT_STATUS_SUCCESS) subtype(RTT_MSG_SUBTYPE_MEASUREMENT_RSP) isFrag(0) fragIdx(0) fragLen(580) tknId(16)
06-13 06:36:29.837  2982  4414 D LOWI-9.0.1.74: [LOWIWifiTlvHandler] checkTlvTag: Processing idx(0) received TLV: wmi_rtt_oem_rsp_head
06-13 06:36:29.837  2982  4414 D LOWI-9.0.1.74: [LOWIWifiTlvHandler] processIfPeerEvtHdrTag: Invalid Tag(33), not added to vector mPeerIdx(0)
06-13 06:36:29.837  2982  4414 D LOWI-9.0.1.74: [LOWIWifiTlvHandler] processIfPerFrmInfoTag: Invalid Tag(33) measurement not added for peer(0)
06-13 06:36:29.837  2982  4414 D LOWI-9.0.1.74: [LOWIWifiTlvHandler] checkTlvTag: Processing idx(1) received TLV: wmi_rtt_oem_measrsp_head
06-13 06:36:29.837  2982  4414 D LOWI-9.0.1.74: [LOWIWifiTlvHandler] processIfPeerEvtHdrTag: Invalid Tag(41), not added to vector mPeerIdx(0)
06-13 06:36:29.837  2982  4414 D LOWI-9.0.1.74: [LOWIWifiTlvHandler] processIfPerFrmInfoTag: Invalid Tag(41) measurement not added for peer(0)
06-13 06:36:29.837  2982  4414 D LOWI-9.0.1.74: [LOWIWifiTlvHandler] checkTlvTag: Processing idx(2) received TLV: loop_start
06-13 06:36:29.837  2982  4414 D LOWI-9.0.1.74: [LOWIWifiTlvHandler] processIfPeerEvtHdrTag: Invalid Tag(16), not added to vector mPeerIdx(0)
06-13 06:36:29.837  2982  4414 D LOWI-9.0.1.74: [LOWIWifiTlvHandler] processIfPerFrmInfoTag: Invalid Tag(16) measurement not added for peer(0)
06-13 06:36:29.837  2982  4414 D LOWI-9.0.1.74: [LOWIWifiTlvHandler] checkTlvTag: Processing idx(3) received TLV: wmi_rtt_oem_per_peer_event_hdr
06-13 06:36:29.837  2982  4414 D LOWI-9.0.1.74: [LOWIWifiTlvHandler] processIfPerFrmInfoTag: Invalid Tag(42) measurement not added for peer(0)
06-13 06:36:29.837  2982  4414 D LOWI-9.0.1.74: [LOWIWifiTlvHandler] checkTlvTag: Processing idx(4) received TLV: WMIRTT_TLV_TAG_ARRAY_UINT8
06-13 06:36:29.838  2982  4414 D LOWI-9.0.1.74: [LOWIWifiTlvHandler] processIfPeerEvtHdrTag: Invalid Tag(18), not added to vector mPeerIdx(0)
06-13 06:36:29.838  2982  4414 D LOWI-9.0.1.74: [LOWIWifiTlvHandler] processIfPerFrmInfoTag: Invalid Tag(18) measurement not added for peer(0)
06-13 06:36:29.838  2982  4414 D LOWI-9.0.1.74: [LOWIWifiTlvHandler] checkTlvTag: Processing idx(5) received TLV: loop_start
06-13 06:36:29.838  2982  4414 D LOWI-9.0.1.74: [LOWIWifiTlvHandler] processIfPeerEvtHdrTag: Invalid Tag(16), not added to vector mPeerIdx(0)
06-13 06:36:29.838  2982  4414 D LOWI-9.0.1.74: [LOWIWifiTlvHandler] processIfPerFrmInfoTag: Invalid Tag(16) measurement not added for peer(0)
06-13 06:36:29.838  2982  4414 D LOWI-9.0.1.74: [LOWIWifiTlvHandler] checkTlvTag: Processing idx(6) received TLV: wmi_rtt_oem_per_frame_info
06-13 06:36:29.838  2982  4414 D LOWI-9.0.1.74: [LOWIWifiTlvHandler] processIfPeerEvtHdrTag: Invalid Tag(43), not added to vector mPeerIdx(0)
06-13 06:36:29.838  2982  4414 D LOWI-9.0.1.74: [LOWIWifiTlvHandler] checkTlvTag: Processing idx(7) received unexpected but valid TLV(loop_end), going to idx(6)
06-13 06:36:29.838  2982  4414 D LOWI-9.0.1.74: [LOWIWifiTlvHandler] checkTlvTag: Processing idx(6) received TLV: wmi_rtt_oem_per_frame_info
06-13 06:36:29.839  2982  4414 D LOWI-9.0.1.74: [LOWIWifiTlvHandler] processIfPeerEvtHdrTag: Invalid Tag(43), not added to vector mPeerIdx(0)
06-13 06:36:29.839  2982  4414 D LOWI-9.0.1.74: [LOWIWifiTlvHandler] checkTlvTag: Processing idx(7) received TLV: loop_end
06-13 06:36:29.839  2982  4414 D LOWI-9.0.1.74: [LOWIWifiTlvHandler] processIfPeerEvtHdrTag: Invalid Tag(17), not added to vector mPeerIdx(0)
06-13 06:36:29.839  2982  4414 D LOWI-9.0.1.74: [LOWIWifiTlvHandler] processIfPerFrmInfoTag: Invalid Tag(17) measurement not added for peer(0)
06-13 06:36:29.839  2982  4414 D LOWI-9.0.1.74: [LOWIWifiTlvHandler] checkTlvTag: Processing idx(8) received unexpected but valid TLV(loop_end), going to idx(3)
06-13 06:36:29.839  2982  4414 D LOWI-9.0.1.74: [LOWIWifiTlvHandler] checkTlvTag: Processing idx(3) received TLV: wmi_rtt_oem_per_peer_event_hdr
06-13 06:36:29.839  2982  4414 D LOWI-9.0.1.74: [LOWIWifiTlvHandler] processIfPerFrmInfoTag: Invalid Tag(42) measurement not added for peer(1)
06-13 06:36:29.839  2982  4414 D LOWI-9.0.1.74: [LOWIWifiTlvHandler] checkTlvTag: Processing idx(4) received TLV: WMIRTT_TLV_TAG_ARRAY_UINT8
06-13 06:36:29.839  2982  4414 D LOWI-9.0.1.74: [LOWIWifiTlvHandler] processIfPeerEvtHdrTag: Invalid Tag(18), not added to vector mPeerIdx(1)
06-13 06:36:29.839  2982  4414 D LOWI-9.0.1.74: [LOWIWifiTlvHandler] processIfPerFrmInfoTag: Invalid Tag(18) measurement not added for peer(1)
06-13 06:36:29.839  2982  4414 D LOWI-9.0.1.74: [LOWIWifiTlvHandler] checkTlvTag: Processing idx(5) received TLV: loop_start
06-13 06:36:29.839  2982  4414 D LOWI-9.0.1.74: [LOWIWifiTlvHandler] processIfPeerEvtHdrTag: Invalid Tag(16), not added to vector mPeerIdx(1)
06-13 06:36:29.839  2982  4414 D LOWI-9.0.1.74: [LOWIWifiTlvHandler] processIfPerFrmInfoTag: Invalid Tag(16) measurement not added for peer(1)
06-13 06:36:29.839  2982  4414 D LOWI-9.0.1.74: [LOWIWifiTlvHandler] checkTlvTag: Processing idx(6) received TLV: wmi_rtt_oem_per_frame_info
06-13 06:36:29.839  2982  4414 D LOWI-9.0.1.74: [LOWIWifiTlvHandler] processIfPeerEvtHdrTag: Invalid Tag(43), not added to vector mPeerIdx(1)
06-13 06:36:29.839  2982  4414 D LOWI-9.0.1.74: [LOWIWifiTlvHandler] checkTlvTag: Processing idx(7) received unexpected but valid TLV(loop_end), going to idx(6)
06-13 06:36:29.839  2982  4414 D LOWI-9.0.1.74: [LOWIWifiTlvHandler] checkTlvTag: Processing idx(6) received TLV: wmi_rtt_oem_per_frame_info
06-13 06:36:29.839  2982  4414 D LOWI-9.0.1.74: [LOWIWifiTlvHandler] processIfPeerEvtHdrTag: Invalid Tag(43), not added to vector mPeerIdx(1)
06-13 06:36:29.839  2982  4414 D LOWI-9.0.1.74: [LOWIWifiTlvHandler] checkTlvTag: Processing idx(7) received TLV: loop_end
06-13 06:36:29.839  2982  4414 D LOWI-9.0.1.74: [LOWIWifiTlvHandler] processIfPeerEvtHdrTag: Invalid Tag(17), not added to vector mPeerIdx(1)
06-13 06:36:29.839  2982  4414 D LOWI-9.0.1.74: [LOWIWifiTlvHandler] processIfPerFrmInfoTag: Invalid Tag(17) measurement not added for peer(1)
06-13 06:36:29.839  2982  4414 D LOWI-9.0.1.74: [LOWIWifiTlvHandler] checkTlvTag: Processing idx(8) received unexpected but valid TLV(loop_end), going to idx(3)
06-13 06:36:29.839  2982  4414 D LOWI-9.0.1.74: [LOWIWifiTlvHandler] checkTlvTag: Processing idx(3) received TLV: wmi_rtt_oem_per_peer_event_hdr
06-13 06:36:29.839  2982  4414 D LOWI-9.0.1.74: [LOWIWifiTlvHandler] processIfPerFrmInfoTag: Invalid Tag(42) measurement not added for peer(2)
06-13 06:36:29.839  2982  4414 D LOWI-9.0.1.74: [LOWIWifiTlvHandler] checkTlvTag: Processing idx(4) received TLV: WMIRTT_TLV_TAG_ARRAY_UINT8
06-13 06:36:29.839  2982  4414 D LOWI-9.0.1.74: [LOWIWifiTlvHandler] processIfPeerEvtHdrTag: Invalid Tag(18), not added to vector mPeerIdx(2)
06-13 06:36:29.839  2982  4414 D LOWI-9.0.1.74: [LOWIWifiTlvHandler] processIfPerFrmInfoTag: Invalid Tag(18) measurement not added for peer(2)
06-13 06:36:29.839  2982  4414 D LOWI-9.0.1.74: [LOWIWifiTlvHandler] checkTlvTag: Processing idx(5) received TLV: loop_start
06-13 06:36:29.839  2982  4414 D LOWI-9.0.1.74: [LOWIWifiTlvHandler] processIfPeerEvtHdrTag: Invalid Tag(16), not added to vector mPeerIdx(2)
06-13 06:36:29.839  2982  4414 D LOWI-9.0.1.74: [LOWIWifiTlvHandler] processIfPerFrmInfoTag: Invalid Tag(16) measurement not added for peer(2)
06-13 06:36:29.839  2982  4414 D LOWI-9.0.1.74: [LOWIWifiTlvHandler] checkTlvTag: Processing idx(6) received TLV: wmi_rtt_oem_per_frame_info
06-13 06:36:29.839  2982  4414 D LOWI-9.0.1.74: [LOWIWifiTlvHandler] processIfPeerEvtHdrTag: Invalid Tag(43), not added to vector mPeerIdx(2)
06-13 06:36:29.839  2982  4414 D LOWI-9.0.1.74: [LOWIWifiTlvHandler] checkTlvTag: Processing idx(7) received unexpected but valid TLV(loop_end), going to idx(6)
06-13 06:36:29.839  2982  4414 D LOWI-9.0.1.74: [LOWIWifiTlvHandler] checkTlvTag: Processing idx(6) received TLV: wmi_rtt_oem_per_frame_info
06-13 06:36:29.839  2982  4414 D LOWI-9.0.1.74: [LOWIWifiTlvHandler] processIfPeerEvtHdrTag: Invalid Tag(43), not added to vector mPeerIdx(2)
06-13 06:36:29.839  2982  4414 D LOWI-9.0.1.74: [LOWIWifiTlvHandler] checkTlvTag: Processing idx(7) received TLV: loop_end
06-13 06:36:29.840  2982  4414 D LOWI-9.0.1.74: [LOWIWifiTlvHandler] processIfPeerEvtHdrTag: Invalid Tag(17), not added to vector mPeerIdx(2)
06-13 06:36:29.840  2982  4414 D LOWI-9.0.1.74: [LOWIWifiTlvHandler] processIfPerFrmInfoTag: Invalid Tag(17) measurement not added for peer(2)
06-13 06:36:29.840  2982  4414 D LOWI-9.0.1.74: [LOWIWifiTlvHandler] checkTlvTag: Processing idx(8) received TLV: loop_end
06-13 06:36:29.840  2982  4414 D LOWI-9.0.1.74: [LOWIWifiTlvHandler] processIfLoopEndTag: mPeerLs(0)...peer list ends
06-13 06:36:29.840  2982  4414 D LOWI-9.0.1.74: [LOWIWifiTlvHandler] processIfPeerEvtHdrTag: Invalid Tag(17), not added to vector mPeerIdx(2)
06-13 06:36:29.840  2982  4414 D LOWI-9.0.1.74: [LOWIWifiTlvHandler] processIfPerFrmInfoTag: Invalid Tag(17) measurement not added for peer(2)
06-13 06:36:29.840  2982  4414 D LOWI-9.0.1.74: [LOWIWifiTlvHandler] printBssidInfo: Peer 0 of 3,  numMeas = 2
06-13 06:36:29.840  2982  4414 D LOWI-9.0.1.74: [LOWIWifiTlvHandler] printBssidInfo: Peer 1 of 3,  numMeas = 2
06-13 06:36:29.840  2982  4414 D LOWI-9.0.1.74: [LOWIWifiTlvHandler] printBssidInfo: Peer 2 of 3,  numMeas = 2
06-13 06:36:29.840  2982  4414 D LOWI-9.0.1.74: [LOWI-HELIUM-RTT] printMeasRspHeadInfo: info(0x300002) channel_info(0x1699) rprtType(2) rttMeasType(0) rprtStatusV3(0) tmStart(0) numAPs(3) destMac(00:00:00:**:**:00) channelInfo(5785)
06-13 06:36:29.840  2982  4414 D LOWI-9.0.1.74: [LOWI-HELIUM-RTT] printPerPeerInfo: peerMac(5a:4c:77:**:**:11) burstIdx(0) numIEs(0) numMeasThisAP(2)rttMeasType(1) isQtiPeer(0) tmrSubType(0) isLastRespForPeer (0) securityMode(0) numFrmAttempted(2) actualBurstDur(8) actualNumFrmPerBur(2) actualBurstExp(0) retryAfterDur(0) measStartTSF(716187657) control(0x102) result_info_1(0x80002)result_info_2(0x2) result_info_3(0x0) measStartTSF_field(0x2ab02809)
06-13 06:36:29.840  2982  4414 D LOWI-9.0.1.74: [LOWI-HELIUM-RTT] printPerPeerInfo: 11az params: i2r_lmr_feedback:0 ranging_priority:0 r2i_toa_type:0 i2r_toa_type:0 format_and_bw:0 imdt_r2i_feedback:0 imdt_i2r_feedback:0 max_i2r_repetition:0 max_r2i_repetition:0 device_class:0 full_bw_ul_mumimo:0 max_r2i_sts_le_80mhz:0 max_r2i_sts_gr_80mhz:0 max_r2i_ltf_total:0 max_i2r_sts_le_80mhz:0 max_i2r_sts_gr_80mhz:0 max_i2r_ltf_total:0 min_time_between_measurements:0 tb_max_session_expiry 0
06-13 06:36:29.840  2982  4414 D LOWI-9.0.1.74: [LOWI-P2P-RTT] p2pIsStored: Bad inputs
06-13 06:36:29.840  2982  4414 D LOWI-9.0.1.74: [LOWI-HELIUM-RTT] printPerFrameInfo: tx_rate_info1(0x10003) tx_rate_info2(0x41) rx_rate_info1(0x30000) rx_rate_info2(0x41) max_tod_toa_error(0x0)
06-13 06:36:29.840  2982  4414 D LOWI-9.0.1.74: [LOWI-HELIUM-RTT] printPerFrameInfo: rssi(1684300900) T1.time32(0x0) T1.time0(0x0) T2.time32(0x0) T2.time0(0x0) T3_del(0x0) T4_del(0x639ddf3) txPreamble(0x3) txBw(0x0) txRateMcsIdx(0x0)txSTS(0x0) txNREP(0x0) txBitRate(0x41) rxPreamble(0x0) rxBw(0x0) invalidFACBit(0x0) rxRateMcsIdx(0x0) rxBitRate(0x41) chainMask(0x3) maxTodError(0x0)maxToaError(0x0) useTxChainNo(0x1) useRxChainNo(0x0) rxSTS(0x0) rxNREP(0x0) r2iNDPIntegrityCheck(0x0)
06-13 06:36:29.840  2982  4414 D LOWI-9.0.1.74: [LOWI-HELIUM-RTT] processPerFrameInfo: RTT V2 Performed - Raw RSSI(0x0), toa - tod = 0x639ddf3(pre-offset), RTT(104455667 psecs), RSSI(0) 
06-13 06:36:29.840  2982  4414 D LOWI-9.0.1.74: [LOWI-HELIUM-RTT] printPerFrameInfo: tx_rate_info1(0x10003) tx_rate_info2(0x41) rx_rate_info1(0x30000) rx_rate_info2(0x41) max_tod_toa_error(0x0)
06-13 06:36:29.840  2982  4414 D LOWI-9.0.1.74: [LOWI-HELIUM-RTT] printPerFrameInfo: rssi(1684300900) T1.time32(0x0) T1.time0(0x0) T2.time32(0x0) T2.time0(0x0) T3_del(0x0) T4_del(0x63dae83) txPreamble(0x3) txBw(0x0) txRateMcsIdx(0x0)txSTS(0x0) txNREP(0x0) txBitRate(0x41) rxPreamble(0x0) rxBw(0x0) invalidFACBit(0x0) rxRateMcsIdx(0x0) rxBitRate(0x41) chainMask(0x3) maxTodError(0x0)maxToaError(0x0) useTxChainNo(0x1) useRxChainNo(0x0) rxSTS(0x0) rxNREP(0x0) r2iNDPIntegrityCheck(0x0)
06-13 06:36:29.840  2982  4414 D LOWI-9.0.1.74: [LOWI-HELIUM-RTT] processPerFrameInfo: RTT V2 Performed - Raw RSSI(0x0), toa - tod = 0x63dae83(pre-offset), RTT(104705667 psecs), RSSI(0) 
06-13 06:36:29.840  2982  4414 D LOWI-9.0.1.74: [LOWI-HELIUM-RTT] printPerPeerInfo: peerMac(4a:4c:77:**:**:11) burstIdx(0) numIEs(0) numMeasThisAP(2)rttMeasType(1) isQtiPeer(0) tmrSubType(0) isLastRespForPeer (0) securityMode(0) numFrmAttempted(2) actualBurstDur(7) actualNumFrmPerBur(2) actualBurstExp(0) retryAfterDur(0) measStartTSF(716187657) control(0x102) result_info_1(0x70002)result_info_2(0x2) result_info_3(0x0) measStartTSF_field(0x2ab02809)
06-13 06:36:29.840  2982  4414 D LOWI-9.0.1.74: [LOWI-HELIUM-RTT] printPerPeerInfo: 11az params: i2r_lmr_feedback:0 ranging_priority:0 r2i_toa_type:0 i2r_toa_type:0 format_and_bw:0 imdt_r2i_feedback:0 imdt_i2r_feedback:0 max_i2r_repetition:0 max_r2i_repetition:0 device_class:0 full_bw_ul_mumimo:0 max_r2i_sts_le_80mhz:0 max_r2i_sts_gr_80mhz:0 max_r2i_ltf_total:0 max_i2r_sts_le_80mhz:0 max_i2r_sts_gr_80mhz:0 max_i2r_ltf_total:0 min_time_between_measurements:0 tb_max_session_expiry 0
06-13 06:36:29.840  2982  4414 D LOWI-9.0.1.74: [LOWI-P2P-RTT] p2pIsStored: Bad inputs
06-13 06:36:29.840  2982  4414 D LOWI-9.0.1.74: [LOWI-HELIUM-RTT] printPerFrameInfo: tx_rate_info1(0x10003) tx_rate_info2(0x41) rx_rate_info1(0x30000) rx_rate_info2(0x41) max_tod_toa_error(0x0)
06-13 06:36:29.840  2982  4414 D LOWI-9.0.1.74: [LOWI-HELIUM-RTT] printPerFrameInfo: rssi(1684300900) T1.time32(0x0) T1.time0(0x0) T2.time32(0x0) T2.time0(0x0) T3_del(0x0) T4_del(0x639ddf3) txPreamble(0x3) txBw(0x0) txRateMcsIdx(0x0)txSTS(0x0) txNREP(0x0) txBitRate(0x41) rxPreamble(0x0) rxBw(0x0) invalidFACBit(0x0) rxRateMcsIdx(0x0) rxBitRate(0x41) chainMask(0x3) maxTodError(0x0)maxToaError(0x0) useTxChainNo(0x1) useRxChainNo(0x0) rxSTS(0x0) rxNREP(0x0) r2iNDPIntegrityCheck(0x0)
06-13 06:36:29.840  2982  4414 D LOWI-9.0.1.74: [LOWI-HELIUM-RTT] processPerFrameInfo: RTT V2 Performed - Raw RSSI(0x0), toa - tod = 0x639ddf3(pre-offset), RTT(104455667 psecs), RSSI(0) 
06-13 06:36:29.840  2982  4414 D LOWI-9.0.1.74: [LOWI-HELIUM-RTT] printPerFrameInfo: tx_rate_info1(0x10003) tx_rate_info2(0x41) rx_rate_info1(0x30000) rx_rate_info2(0x41) max_tod_toa_error(0x0)
06-13 06:36:29.840  2982  4414 D LOWI-9.0.1.74: [LOWI-HELIUM-RTT] printPerFrameInfo: rssi(1684300900) T1.time32(0x0) T1.time0(0x0) T2.time32(0x0) T2.time0(0x0) T3_del(0x0) T4_del(0x639e40d) txPreamble(0x3) txBw(0x0) txRateMcsIdx(0x0)txSTS(0x0) txNREP(0x0) txBitRate(0x41) rxPreamble(0x0) rxBw(0x0) invalidFACBit(0x0) rxRateMcsIdx(0x0) rxBitRate(0x41) chainMask(0x3) maxTodError(0x0)maxToaError(0x0) useTxChainNo(0x1) useRxChainNo(0x0) rxSTS(0x0) rxNREP(0x0) r2iNDPIntegrityCheck(0x0)
06-13 06:36:29.840  2982  4414 D LOWI-9.0.1.74: [LOWI-HELIUM-RTT] processPerFrameInfo: RTT V2 Performed - Raw RSSI(0x0), toa - tod = 0x639e40d(pre-offset), RTT(104457229 psecs), RSSI(0) 
06-13 06:36:29.840  2982  4414 D LOWI-9.0.1.74: [LOWI-HELIUM-RTT] printPerPeerInfo: peerMac(40:4c:77:**:**:11) burstIdx(0) numIEs(0) numMeasThisAP(2)rttMeasType(1) isQtiPeer(0) tmrSubType(0) isLastRespForPeer (0) securityMode(0) numFrmAttempted(2) actualBurstDur(4) actualNumFrmPerBur(2) actualBurstExp(0) retryAfterDur(0) measStartTSF(716187657) control(0x102) result_info_1(0x40002)result_info_2(0x2) result_info_3(0x0) measStartTSF_field(0x2ab02809)
06-13 06:36:29.840  2982  4414 D LOWI-9.0.1.74: [LOWI-HELIUM-RTT] printPerPeerInfo: 11az params: i2r_lmr_feedback:0 ranging_priority:0 r2i_toa_type:0 i2r_toa_type:0 format_and_bw:0 imdt_r2i_feedback:0 imdt_i2r_feedback:0 max_i2r_repetition:0 max_r2i_repetition:0 device_class:0 full_bw_ul_mumimo:0 max_r2i_sts_le_80mhz:0 max_r2i_sts_gr_80mhz:0 max_r2i_ltf_total:0 max_i2r_sts_le_80mhz:0 max_i2r_sts_gr_80mhz:0 max_i2r_ltf_total:0 min_time_between_measurements:0 tb_max_session_expiry 0
06-13 06:36:29.840  2982  4414 D LOWI-9.0.1.74: [LOWI-P2P-RTT] p2pIsStored: Bad inputs
06-13 06:36:29.840  2982  4414 D LOWI-9.0.1.74: [LOWI-HELIUM-RTT] printPerFrameInfo: tx_rate_info1(0x10003) tx_rate_info2(0x41) rx_rate_info1(0x30000) rx_rate_info2(0x41) max_tod_toa_error(0x0)
06-13 06:36:29.840  2982  4414 D LOWI-9.0.1.74: [LOWI-HELIUM-RTT] printPerFrameInfo: rssi(1684300900) T1.time32(0x0) T1.time0(0x0) T2.time32(0x0) T2.time0(0x0) T3_del(0x0) T4_del(0x63b6493) txPreamble(0x3) txBw(0x0) txRateMcsIdx(0x0)txSTS(0x0) txNREP(0x0) txBitRate(0x41) rxPreamble(0x0) rxBw(0x0) invalidFACBit(0x0) rxRateMcsIdx(0x0) rxBitRate(0x41) chainMask(0x3) maxTodError(0x0)maxToaError(0x0) useTxChainNo(0x1) useRxChainNo(0x0) rxSTS(0x0) rxNREP(0x0) r2iNDPIntegrityCheck(0x0)
06-13 06:36:29.840  2982  4414 D LOWI-9.0.1.74: [LOWI-HELIUM-RTT] processPerFrameInfo: RTT V2 Performed - Raw RSSI(0x0), toa - tod = 0x63b6493(pre-offset), RTT(104555667 psecs), RSSI(0) 
06-13 06:36:29.840  2982  4414 D LOWI-9.0.1.74: [LOWI-HELIUM-RTT] printPerFrameInfo: tx_rate_info1(0x10003) tx_rate_info2(0x41) rx_rate_info1(0x30000) rx_rate_info2(0x41) max_tod_toa_error(0x0)
06-13 06:36:29.840  2982  4414 D LOWI-9.0.1.74: [LOWI-HELIUM-RTT] printPerFrameInfo: rssi(1684300900) T1.time32(0x0) T1.time0(0x0) T2.time32(0x0) T2.time0(0x0) T3_del(0x0) T4_del(0x639f34f) txPreamble(0x3) txBw(0x0) txRateMcsIdx(0x0)txSTS(0x0) txNREP(0x0) txBitRate(0x41) rxPreamble(0x0) rxBw(0x0) invalidFACBit(0x0) rxRateMcsIdx(0x0) rxBitRate(0x41) chainMask(0x3) maxTodError(0x0)maxToaError(0x0) useTxChainNo(0x1) useRxChainNo(0x0) rxSTS(0x0) rxNREP(0x0) r2iNDPIntegrityCheck(0x0)
06-13 06:36:29.840  2982  4414 D LOWI-9.0.1.74: [LOWI-HELIUM-RTT] processPerFrameInfo: RTT V2 Performed - Raw RSSI(0x0), toa - tod = 0x639f34f(pre-offset), RTT(104461135 psecs), RSSI(0) 
06-13 06:36:29.840  2982  4414 I LOWI-9.0.1.74: [LOWIRangingHeliumFSM] SendReqToFwOrRespToUser: All ranging measurements completed.Send response to client
06-13 06:36:29.840  2982  4414 D LOWI-9.0.1.74: [LOWIRangingFSM] SendRangingReq: curChIndex: 1, totChs: 3, curAp: 0, totAp: 1
06-13 06:36:29.840  2982  4414 D LOWI-9.0.1.74: [LOWIUtils] freqToChBandBit: frequency 5220 channel 44 Band 1
06-13 06:36:29.840  2982  4414 D LOWI-9.0.1.74: [LOWIUtils] freqToChBandBit: frequency 5220 channel 44 Band 1
06-13 06:36:29.840  2982  4414 D LOWI-9.0.1.74: [LOWI-HELIUM-RTT] RomeSendRttReq: PHY Mode(LOWI_PHY_MODE_11AX_HE160) timeoutPerTarget(50) reportType(RTT_REPORT_AGGREGATE)
06-13 06:36:29.841  2200  4411 I WifiHAL : send_nl_data: sent cld80211 msg of len: 164 to driver
06-13 06:36:29.841  2982  4414 D LOWI-9.0.1.74: [LOWI-ROME-RTT] send_oem_nl_msg: sent cld80211 message with subcmd: 5
06-13 06:36:29.841  2982  4414 D LOWI-9.0.1.74: [LOWIRangingFSM] FSM: New FSM state: STATE_PROCESSING_RANGING_REQ
06-13 06:36:29.841  2982  4414 D LOWI-9.0.1.74: [LOWI-ROME-RTT] RomeWaitOnActivityOnSocketOrPipe: issue timed select: TO: 5 
06-13 06:36:29.844  3178  3272 I ActivityManager: Changes in 10107 10 to 10, 256 to 0
06-13 06:36:29.872  2200  4411 I WifiHAL : send oem msg of len : 276 to apps
06-13 06:36:29.872  2982  4414 D LOWI-9.0.1.74: [LOWI-ROME-RTT] RomeWaitOnActivityOnSocketOrPipe: timed select over: TO: 5 retVal: 1
06-13 06:36:29.873  2982  4414 D LOWI-9.0.1.74: [LOWI-ROME-RTT] event_handler: Valid data with length 244
06-13 06:36:29.873  2982  4414 D LOWI-9.0.1.74: [LOWI-HELIUM-RTT] storeNLFragment: new fragment group, tokenid(2), adding 236 chars @position 0
06-13 06:36:29.873  2982  4414 D LOWI-9.0.1.74: [LOWI-HELIUM-RTT] RomeNLRecvMessage: The Received OEMSubType: RTT_MSG_SUBTYPE_MEASUREMENT_RSP
06-13 06:36:29.873  2982  4414 D LOWI-9.0.1.74: [LOWI-HELIUM-RTT] RomeNLRecvMessage: The Received RomeMsgType: ROME_RANGING_MEAS_MSG
06-13 06:36:29.873  2982  4414 D LOWI-9.0.1.74: [LOWIRangingFSM] FSM: Received Event EVENT_RANGING_MEAS_RECV, Current state: STATE_PROCESSING_RANGING_REQ
06-13 06:36:29.873  2982  4414 D LOWI-9.0.1.74: [LOWIWifiTlvHandler] processRspHeadTlv: reqId(762) measDone(1) rttStatus(RTT_STATUS_SUCCESS) subtype(RTT_MSG_SUBTYPE_MEASUREMENT_RSP) isFrag(0) fragIdx(0) fragLen(212) tknId(17)
06-13 06:36:29.873  2982  4414 D LOWI-9.0.1.74: [LOWIWifiTlvHandler] checkTlvTag: Processing idx(0) received TLV: wmi_rtt_oem_rsp_head
06-13 06:36:29.873  2982  4414 D LOWI-9.0.1.74: [LOWIWifiTlvHandler] processIfPeerEvtHdrTag: Invalid Tag(33), not added to vector mPeerIdx(0)
06-13 06:36:29.873  2982  4414 D LOWI-9.0.1.74: [LOWIWifiTlvHandler] processIfPerFrmInfoTag: Invalid Tag(33) measurement not added for peer(0)
06-13 06:36:29.873  2982  4414 D LOWI-9.0.1.74: [LOWIWifiTlvHandler] checkTlvTag: Processing idx(1) received TLV: wmi_rtt_oem_measrsp_head
06-13 06:36:29.873  2982  4414 D LOWI-9.0.1.74: [LOWIWifiTlvHandler] processIfPeerEvtHdrTag: Invalid Tag(41), not added to vector mPeerIdx(0)
06-13 06:36:29.873  2982  4414 D LOWI-9.0.1.74: [LOWIWifiTlvHandler] processIfPerFrmInfoTag: Invalid Tag(41) measurement not added for peer(0)
06-13 06:36:29.873  2982  4414 D LOWI-9.0.1.74: [LOWIWifiTlvHandler] checkTlvTag: Processing idx(2) received TLV: loop_start
06-13 06:36:29.873  2982  4414 D LOWI-9.0.1.74: [LOWIWifiTlvHandler] processIfPeerEvtHdrTag: Invalid Tag(16), not added to vector mPeerIdx(0)
06-13 06:36:29.873  2982  4414 D LOWI-9.0.1.74: [LOWIWifiTlvHandler] processIfPerFrmInfoTag: Invalid Tag(16) measurement not added for peer(0)
06-13 06:36:29.873  2982  4414 D LOWI-9.0.1.74: [LOWIWifiTlvHandler] checkTlvTag: Processing idx(3) received TLV: wmi_rtt_oem_per_peer_event_hdr
06-13 06:36:29.873  2982  4414 D LOWI-9.0.1.74: [LOWIWifiTlvHandler] processIfPerFrmInfoTag: Invalid Tag(42) measurement not added for peer(0)
06-13 06:36:29.873  2982  4414 D LOWI-9.0.1.74: [LOWIWifiTlvHandler] checkTlvTag: Processing idx(4) received TLV: WMIRTT_TLV_TAG_ARRAY_UINT8
06-13 06:36:29.873  2982  4414 D LOWI-9.0.1.74: [LOWIWifiTlvHandler] processIfPeerEvtHdrTag: Invalid Tag(18), not added to vector mPeerIdx(0)
06-13 06:36:29.873  2982  4414 D LOWI-9.0.1.74: [LOWIWifiTlvHandler] processIfPerFrmInfoTag: Invalid Tag(18) measurement not added for peer(0)
06-13 06:36:29.873  2982  4414 D LOWI-9.0.1.74: [LOWIWifiTlvHandler] checkTlvTag: Processing idx(5) received TLV: loop_start
06-13 06:36:29.873  2982  4414 D LOWI-9.0.1.74: [LOWIWifiTlvHandler] processIfPeerEvtHdrTag: Invalid Tag(16), not added to vector mPeerIdx(0)
06-13 06:36:29.873  2982  4414 D LOWI-9.0.1.74: [LOWIWifiTlvHandler] processIfPerFrmInfoTag: Invalid Tag(16) measurement not added for peer(0)
06-13 06:36:29.873  2982  4414 D LOWI-9.0.1.74: [LOWIWifiTlvHandler] checkTlvTag: Processing idx(6) received TLV: wmi_rtt_oem_per_frame_info
06-13 06:36:29.873  2982  4414 D LOWI-9.0.1.74: [LOWIWifiTlvHandler] processIfPeerEvtHdrTag: Invalid Tag(43), not added to vector mPeerIdx(0)
06-13 06:36:29.873  2982  4414 D LOWI-9.0.1.74: [LOWIWifiTlvHandler] checkTlvTag: Processing idx(7) received unexpected but valid TLV(loop_end), going to idx(6)
06-13 06:36:29.873  2982  4414 D LOWI-9.0.1.74: [LOWIWifiTlvHandler] checkTlvTag: Processing idx(6) received TLV: wmi_rtt_oem_per_frame_info
06-13 06:36:29.873  2982  4414 D LOWI-9.0.1.74: [LOWIWifiTlvHandler] processIfPeerEvtHdrTag: Invalid Tag(43), not added to vector mPeerIdx(0)
06-13 06:36:29.873  2982  4414 D LOWI-9.0.1.74: [LOWIWifiTlvHandler] checkTlvTag: Processing idx(7) received TLV: loop_end
06-13 06:36:29.874  2982  4414 D LOWI-9.0.1.74: [LOWIWifiTlvHandler] processIfPeerEvtHdrTag: Invalid Tag(17), not added to vector mPeerIdx(0)
06-13 06:36:29.874  2982  4414 D LOWI-9.0.1.74: [LOWIWifiTlvHandler] processIfPerFrmInfoTag: Invalid Tag(17) measurement not added for peer(0)
06-13 06:36:29.874  2982  4414 D LOWI-9.0.1.74: [LOWIWifiTlvHandler] checkTlvTag: Processing idx(8) received TLV: loop_end
06-13 06:36:29.874  2982  4414 D LOWI-9.0.1.74: [LOWIWifiTlvHandler] processIfLoopEndTag: mPeerLs(0)...peer list ends
06-13 06:36:29.874  2982  4414 D LOWI-9.0.1.74: [LOWIWifiTlvHandler] processIfPeerEvtHdrTag: Invalid Tag(17), not added to vector mPeerIdx(0)
06-13 06:36:29.874  2982  4414 D LOWI-9.0.1.74: [LOWIWifiTlvHandler] processIfPerFrmInfoTag: Invalid Tag(17) measurement not added for peer(0)
06-13 06:36:29.874  2982  4414 D LOWI-9.0.1.74: [LOWIWifiTlvHandler] printBssidInfo: Peer 0 of 1,  numMeas = 2
06-13 06:36:29.874  2982  4414 D LOWI-9.0.1.74: [LOWI-HELIUM-RTT] printMeasRspHeadInfo: info(0x100002) channel_info(0x1464) rprtType(2) rttMeasType(0) rprtStatusV3(0) tmStart(0) numAPs(1) destMac(00:00:00:**:**:00) channelInfo(5220)
06-13 06:36:29.874  2982  4414 D LOWI-9.0.1.74: [LOWI-HELIUM-RTT] printPerPeerInfo: peerMac(f0:09:0d:**:**:01) burstIdx(0) numIEs(0) numMeasThisAP(2)rttMeasType(1) isQtiPeer(0) tmrSubType(0) isLastRespForPeer (0) securityMode(0) numFrmAttempted(2) actualBurstDur(14) actualNumFrmPerBur(2) actualBurstExp(0) retryAfterDur(0) measStartTSF(716187657) control(0x102) result_info_1(0xe0002)result_info_2(0x2) result_info_3(0x0) measStartTSF_field(0x2ab02809)
06-13 06:36:29.874  2982  4414 D LOWI-9.0.1.74: [LOWI-HELIUM-RTT] printPerPeerInfo: 11az params: i2r_lmr_feedback:0 ranging_priority:0 r2i_toa_type:0 i2r_toa_type:0 format_and_bw:0 imdt_r2i_feedback:0 imdt_i2r_feedback:0 max_i2r_repetition:0 max_r2i_repetition:0 device_class:0 full_bw_ul_mumimo:0 max_r2i_sts_le_80mhz:0 max_r2i_sts_gr_80mhz:0 max_r2i_ltf_total:0 max_i2r_sts_le_80mhz:0 max_i2r_sts_gr_80mhz:0 max_i2r_ltf_total:0 min_time_between_measurements:0 tb_max_session_expiry 0
06-13 06:36:29.874  2982  4414 D LOWI-9.0.1.74: [LOWI-P2P-RTT] p2pIsStored: Bad inputs
06-13 06:36:29.874  2982  4414 D LOWI-9.0.1.74: [LOWI-HELIUM-RTT] printPerFrameInfo: tx_rate_info1(0x10003) tx_rate_info2(0x41) rx_rate_info1(0x30000) rx_rate_info2(0x41) max_tod_toa_error(0x0)
06-13 06:36:29.874  2982  4414 D LOWI-9.0.1.74: [LOWI-HELIUM-RTT] printPerFrameInfo: rssi(1684300900) T1.time32(0x0) T1.time0(0x0) T2.time32(0x0) T2.time0(0x0) T3_del(0x0) T4_del(0x631ccb7) txPreamble(0x3) txBw(0x0) txRateMcsIdx(0x0)txSTS(0x0) txNREP(0x0) txBitRate(0x41) rxPreamble(0x0) rxBw(0x0) invalidFACBit(0x0) rxRateMcsIdx(0x0) rxBitRate(0x41) chainMask(0x3) maxTodError(0x0)maxToaError(0x0) useTxChainNo(0x1) useRxChainNo(0x0) rxSTS(0x0) rxNREP(0x0) r2iNDPIntegrityCheck(0x0)
06-13 06:36:29.874  2982  4414 D LOWI-9.0.1.74: [LOWI-HELIUM-RTT] processPerFrameInfo: RTT V2 Performed - Raw RSSI(0x0), toa - tod = 0x631ccb7(pre-offset), RTT(103926967 psecs), RSSI(0) 
06-13 06:36:29.874  2982  4414 D LOWI-9.0.1.74: [LOWI-HELIUM-RTT] printPerFrameInfo: tx_rate_info1(0x10003) tx_rate_info2(0x41) rx_rate_info1(0x30000) rx_rate_info2(0x41) max_tod_toa_error(0x0)
06-13 06:36:29.874  2982  4414 D LOWI-9.0.1.74: [LOWI-HELIUM-RTT] printPerFrameInfo: rssi(1684300900) T1.time32(0x0) T1.time0(0x0) T2.time32(0x0) T2.time0(0x0) T3_del(0x0) T4_del(0x6329007) txPreamble(0x3) txBw(0x0) txRateMcsIdx(0x0)txSTS(0x0) txNREP(0x0) txBitRate(0x41) rxPreamble(0x0) rxBw(0x0) invalidFACBit(0x0) rxRateMcsIdx(0x0) rxBitRate(0x41) chainMask(0x3) maxTodError(0x0)maxToaError(0x0) useTxChainNo(0x1) useRxChainNo(0x0) rxSTS(0x0) rxNREP(0x0) r2iNDPIntegrityCheck(0x0)
06-13 06:36:29.874  2982  4414 D LOWI-9.0.1.74: [LOWI-HELIUM-RTT] processPerFrameInfo: RTT V2 Performed - Raw RSSI(0x0), toa - tod = 0x6329007(pre-offset), RTT(103976967 psecs), RSSI(0) 
06-13 06:36:29.874  2982  4414 I LOWI-9.0.1.74: [LOWIRangingHeliumFSM] SendReqToFwOrRespToUser: All ranging measurements completed.Send response to client
06-13 06:36:29.874  2982  4414 D LOWI-9.0.1.74: [LOWIRangingFSM] SendRangingReq: curChIndex: 2, totChs: 3, curAp: 0, totAp: 2
06-13 06:36:29.874  2982  4414 D LOWI-9.0.1.74: [LOWIUtils] freqToChBandBit: frequency 5500 channel 100 Band 1
06-13 06:36:29.874  2982  4414 D LOWI-9.0.1.74: [LOWIUtils] freqToChBandBit: frequency 5500 channel 100 Band 1
06-13 06:36:29.874  2982  4414 D LOWI-9.0.1.74: [LOWI-HELIUM-RTT] RomeSendRttReq: PHY Mode(LOWI_PHY_MODE_11AC_VHT80) timeoutPerTarget(50) reportType(RTT_REPORT_AGGREGATE)
06-13 06:36:29.875  2200  4411 I WifiHAL : send_nl_data: sent cld80211 msg of len: 216 to driver
06-13 06:36:29.875  2982  4414 D LOWI-9.0.1.74: [LOWI-ROME-RTT] send_oem_nl_msg: sent cld80211 message with subcmd: 5
06-13 06:36:29.875  2982  4414 D LOWI-9.0.1.74: [LOWIRangingFSM] FSM: New FSM state: STATE_PROCESSING_RANGING_REQ
06-13 06:36:29.875  2982  4414 D LOWI-9.0.1.74: [LOWI-ROME-RTT] RomeWaitOnActivityOnSocketOrPipe: issue timed select: TO: 5 
06-13 06:36:29.951  2197  4068 W android.hardware.gnss-aidl-service-qti: getIonoScale:unsupported signal type 262144
06-13 06:36:29.956  3178  4164 D GnssLocationProvider_ex: SV Count : 21 / 35      (PRN, Constellation, Type, SNR, Used)
06-13 06:36:29.957  5445  5584 I GnssEngineManager_FLP: updateSatelliteStatus, top4=25, top6=24, visibleSv=35, usedSv=21, usedL5Sv=6 (usedGps=5, usedGlo=2, usedBds=7, usedGal=7)
06-13 06:36:29.957  3178  4164 D GnssLocationProvider_ex: (3, GPS, L1, 18.5, 0) (6, GPS, L1, 24.8, 1) (14, GPS, L1, 15.5, 1) (19, GPS, L1, 20.4, 1) (22, GPS, L1, 20.5, 1) (30, GPS, L1, 19.0, 0) 
06-13 06:36:29.957  3178  4164 D GnssLocationProvider_ex: (22, GLONASS, L1, 18.2, 0) (12, GLONASS, L1, 20.8, 1) (24, GLONASS, L1, 21.6, 1) (23, GLONASS, L1, 17.3, 0) (34, BEIDOU, L1, 24.4, 1) (25, BEIDOU, L1, 23.8, 1) 
06-13 06:36:29.957  3178  4164 D GnssLocationProvider_ex: (2, GALILEO, L1, 23.6, 1) (14, GALILEO, L1, 25.6, 0) (15, GALILEO, L1, 15.3, 1) (30, GALILEO, L1, 19.2, 1) (34, GALILEO, L1, 19.0, 1) (36, GALILEO, L1, 17.5, 1) 
06-13 06:36:29.957  3178  4164 D GnssLocationProvider_ex: (3, GPS, L5, 18.2, 0) (6, GPS, L5, 21.5, 1) (14, GPS, L5, 17.5, 0) (24, GPS, L5, 20.2, 0) (30, GPS, L5, 8.3, 0) (2, GALILEO, L5, 16.1, 0) 
06-13 06:36:29.957  3178  4164 D GnssLocationProvider_ex: (14, GALILEO, L5, 14.2, 0) (30, GALILEO, L5, 13.7, 0) (34, GALILEO, L5, 21.3, 1) (36, GALILEO, L5, 21.3, 1) (24, BEIDOU, L5, 19.5, 1) (25, BEIDOU, L5, 20.5, 1) 
06-13 06:36:29.957  3178  4164 D GnssLocationProvider_ex: (34, BEIDOU, L5, 19.3, 1) (23, BEIDOU, L1, 16.1, 0) (25, BEIDOU, L1, 23.7, 1) (34, BEIDOU, L1, 27.0, 1) (38, BEIDOU, L1, 13.3, 0) 
06-13 06:36:29.960  3178  5372 D GnssMeasCbJni: gnssMeasurementCb
06-13 06:36:29.966  3178  4164 D GnssLocationProvider: reportLocation
06-13 06:36:29.970  5445  5584 I GnssEngineManager_FLP: onGpsLocationChanged, provider=gps / isMock=false / speed=0.0 / time=1781350590000 / elapsed=26323291693387
06-13 06:36:29.970  5445  5584 I NewStopController_FLP: isAvailableLastLoc, KeepStationary : false , timeGap : 31 , mStraightFixCount : 0
06-13 06:36:29.970  5445  5584 I NewStopController_FLP: onChangedGlpLocation, isGpsStopped= false, isReportingLL= false, isAvailableLastLoc : true
06-13 06:36:29.976  5073  7439 I FusedLocation: (REDACTED) location delivery to %s blocked - too fast
06-13 06:36:29.976  5073  7439 I FusedLocation: (REDACTED) location delivery to %s blocked - too close
06-13 06:36:29.978  5073  7439 I FusedLocation: (REDACTED) location delivery to %s blocked - too fast
06-13 06:36:29.980  5073  7439 I FusedLocation: (REDACTED) location delivery to %s blocked - too fast
06-13 06:36:29.980  3178  4811 D SLocation: PositionManager - Passive handleLocationChanged [G, A : 9.94, T : 1781350590000, ET : 26323291, E : SH, h : 23/28]
06-13 06:36:29.980  3178  4811 D SLocation: PositionManager - receive gps location
06-13 06:36:29.981 14814 15024 I FrewleTileCacheManagerV: (REDACTED) Fetched %d AP models from cache
06-13 06:36:29.981  3178  4811 D SLocation: LocationBuffer - receivedLocation - op[interval(min 60000, max 300000), waitTime 36000000, numOfUpdates 20, minDistance 200.0]dist : 0.046122532 diffTime : 43983 filtered Location
06-13 06:36:29.981  3178  4811 D SLocation: BatchManager - received batch location buffered = false
06-13 06:36:29.981  3178  4811 D SLocation: LastLocations - update latest location [G, A : 9.94, T : 1781350590000, ET : 26323291, E : SH, h : 23/28]
06-13 06:36:29.981  3178  4811 D SLocation: FilteredLastLocation - notify all last locations, loc : 3
06-13 06:36:29.984  5073  7439 I FusedLocation: (REDACTED) location delivery to %s blocked - too close
06-13 06:36:29.985  3178  4595 E AppOps  : Bad call made by uid 1001. Package "com.android.phone" does not belong to uid 10290.
06-13 06:36:29.985  5073  7439 I FusedLocation: (REDACTED) location delivery to %s blocked - too fast
06-13 06:36:29.985  3178  4595 E AppOps  : Cannot noteOperation
06-13 06:36:29.985  3178  4595 E AppOps  : java.lang.SecurityException: Specified package "com.android.phone" under uid 10290 but it is not
06-13 06:36:29.985  3178  4595 E AppOps  : 	at com.android.server.appop.AppOpsService.verifyAndGetBypass(qb/109837446 568d72778742b68b4c2ea42a8520697fc0125bbdaf94f2d1f0d4a4d88a0e584b:63)
06-13 06:36:29.985  3178  4595 E AppOps  : 	at com.android.server.appop.AppOpsService.noteOperationUnchecked(qb/109837446 568d72778742b68b4c2ea42a8520697fc0125bbdaf94f2d1f0d4a4d88a0e584b:65)
06-13 06:36:29.985  3178  4595 E AppOps  : 	at com.android.server.appop.AppOpsService.-$$Nest$mnoteOperationImpl(qb/109837446 568d72778742b68b4c2ea42a8520697fc0125bbdaf94f2d1f0d4a4d88a0e584b:89)
06-13 06:36:29.985  3178  4595 E AppOps  : 	at com.android.server.appop.AppOpsService$CheckOpsDelegateDispatcher$$ExternalSyntheticLambda4.apply(qb/109837446 568d72778742b68b4c2ea42a8520697fc0125bbdaf94f2d1f0d4a4d88a0e584b:65)
06-13 06:36:29.985  3178  4595 E AppOps  : 	at com.android.server.policy.AppOpsPolicy.noteOperation(qb/109837446 568d72778742b68b4c2ea42a8520697fc0125bbdaf94f2d1f0d4a4d88a0e584b:35)
06-13 06:36:29.985  3178  4595 E AppOps  : 	at com.android.server.appop.AppOpsService$CheckOpsDelegateDispatcher.noteOperation(qb/109837446 568d72778742b68b4c2ea42a8520697fc0125bbdaf94f2d1f0d4a4d88a0e584b:66)
06-13 06:36:29.985  3178  4595 E AppOps  : 	at com.android.server.appop.AppOpsService.noteOperation(qb/109837446 568d72778742b68b4c2ea42a8520697fc0125bbdaf94f2d1f0d4a4d88a0e584b:20)
06-13 06:36:29.985  3178  4595 E AppOps  : 	at com.android.internal.app.IAppOpsService$Stub.onTransact(IAppOpsService.java:592)
06-13 06:36:29.985  3178  4595 E AppOps  : 	at android.os.Binder.execTransactInternal(Binder.java:1514)
06-13 06:36:29.985  3178  4595 E AppOps  : 	at android.os.Binder.execTransact(Binder.java:1454)
06-13 06:36:29.985  5073  7439 I FusedLocation: (REDACTED) location delivery to %s blocked - too fast
06-13 06:36:29.988  5073  7439 I FusedLocation: (REDACTED) location delivery to %s blocked - too close
06-13 06:36:29.988  2198  2198 I sensors-hal: flush:383, android.sensor.pressure/61
06-13 06:36:29.988  2198  2198 I sensors-hal: send_sync_sensor_request:508, send sync request
06-13 06:36:29.988  2198  2198 I sensors-hal: send_sync_sensor_request:518, send_sync_sensor_request before send_request for pressure with SUID low=6651504447997676721 high=24534046050247843
06-13 06:36:29.988  2198  2198 I sensors-hal: send_sync_sensor_request:537, wait for notification of response
06-13 06:36:29.989  2198 24770 I sensors-hal: qsh_conn_resp_cb:935, resp_value = 0 for pressure 
06-13 06:36:29.989  3178  4811 D SLocation: PositionManager - Passive handleLocationChanged [F, A : 9.94, T : 1781350589938, ET : 26323291, h : 23/28]
06-13 06:36:29.989  2198  2198 I sensors-hal: send_sync_sensor_request:543, takes 0 ms to receive the response with 0
06-13 06:36:29.989  2198  2198 I sensors-hal: flush:389, android.sensor.pressure/61 completed
06-13 06:36:29.990  3178  4811 D SLocation: PositionManager - receive fused location
06-13 06:36:29.990  3178  4811 D SLocation: DuplicateLocationChecker_GeofenceLocationFilter - fused is duplicated last fused location
06-13 06:36:29.991  3178  4811 D SLocation: DuplicateLocationChecker_BatchManager - fused is duplicated last gps location
06-13 06:36:29.991  3178  4811 D SLocation: DuplicateLocationChecker_FilteredLastLocation - fused is duplicated last gps location
06-13 06:36:29.991 18470 18602 D SensorManager: registerListener :: 61, bmp5 Pressure Sensor Non-wakeup, 200000, 0, 
06-13 06:36:29.991  5445  5584 I GmsPassiveListener_FLP: onGmsLocationChanged, provider=fused / speed=8.338397E-5 / time=1781350589938 / elapsed=26323291693387
06-13 06:36:30.023  2198  2198 I sensors-hal: set_config:60, sample_period_ns is adjusted to 200000000 based on min/max delay_ns
06-13 06:36:30.024  2198  2198 I sensors-hal: batch:363, android.sensor.pressure/61, period=200000000, max_latency=0 request completed
06-13 06:36:30.025 18470 18602 D SensorManager: unregisterListener
06-13 06:36:30.135  5445  5584 I RequestManager_FLP: onOpChanged, op=0 / packageName=com.android.vending
06-13 06:36:30.161  2200  4411 I WifiHAL : send oem msg of len : 460 to apps
06-13 06:36:30.162  2982  4414 D LOWI-9.0.1.74: [LOWI-ROME-RTT] RomeWaitOnActivityOnSocketOrPipe: timed select over: TO: 5 retVal: 1
06-13 06:36:30.162  2982  4414 D LOWI-9.0.1.74: [LOWI-ROME-RTT] event_handler: Valid data with length 428
06-13 06:36:30.163  2982  4414 D LOWI-9.0.1.74: [LOWI-HELIUM-RTT] storeNLFragment: new fragment group, tokenid(2), adding 420 chars @position 0
06-13 06:36:30.163  2982  4414 D LOWI-9.0.1.74: [LOWI-HELIUM-RTT] RomeNLRecvMessage: The Received OEMSubType: RTT_MSG_SUBTYPE_MEASUREMENT_RSP
06-13 06:36:30.163  2982  4414 D LOWI-9.0.1.74: [LOWI-HELIUM-RTT] RomeNLRecvMessage: The Received RomeMsgType: ROME_RANGING_MEAS_MSG
06-13 06:36:30.163  2982  4414 D LOWI-9.0.1.74: [LOWIRangingFSM] FSM: Received Event EVENT_RANGING_MEAS_RECV, Current state: STATE_PROCESSING_RANGING_REQ
06-13 06:36:30.163  2982  4414 D LOWI-9.0.1.74: [LOWIWifiTlvHandler] processRspHeadTlv: reqId(763) measDone(1) rttStatus(RTT_STATUS_SUCCESS) subtype(RTT_MSG_SUBTYPE_MEASUREMENT_RSP) isFrag(0) fragIdx(0) fragLen(396) tknId(18)
06-13 06:36:30.163  2982  4414 D LOWI-9.0.1.74: [LOWIWifiTlvHandler] checkTlvTag: Processing idx(0) received TLV: wmi_rtt_oem_rsp_head
06-13 06:36:30.163  2982  4414 D LOWI-9.0.1.74: [LOWIWifiTlvHandler] processIfPeerEvtHdrTag: Invalid Tag(33), not added to vector mPeerIdx(0)
06-13 06:36:30.163  2982  4414 D LOWI-9.0.1.74: [LOWIWifiTlvHandler] processIfPerFrmInfoTag: Invalid Tag(33) measurement not added for peer(0)
06-13 06:36:30.163  2982  4414 D LOWI-9.0.1.74: [LOWIWifiTlvHandler] checkTlvTag: Processing idx(1) received TLV: wmi_rtt_oem_measrsp_head
06-13 06:36:30.163  2982  4414 D LOWI-9.0.1.74: [LOWIWifiTlvHandler] processIfPeerEvtHdrTag: Invalid Tag(41), not added to vector mPeerIdx(0)
06-13 06:36:30.163  2982  4414 D LOWI-9.0.1.74: [LOWIWifiTlvHandler] processIfPerFrmInfoTag: Invalid Tag(41) measurement not added for peer(0)
06-13 06:36:30.163  2982  4414 D LOWI-9.0.1.74: [LOWIWifiTlvHandler] checkTlvTag: Processing idx(2) received TLV: loop_start
06-13 06:36:30.163  2982  4414 D LOWI-9.0.1.74: [LOWIWifiTlvHandler] processIfPeerEvtHdrTag: Invalid Tag(16), not added to vector mPeerIdx(0)
06-13 06:36:30.163  2982  4414 D LOWI-9.0.1.74: [LOWIWifiTlvHandler] processIfPerFrmInfoTag: Invalid Tag(16) measurement not added for peer(0)
06-13 06:36:30.163  2982  4414 D LOWI-9.0.1.74: [LOWIWifiTlvHandler] checkTlvTag: Processing idx(3) received TLV: wmi_rtt_oem_per_peer_event_hdr
06-13 06:36:30.163  2982  4414 D LOWI-9.0.1.74: [LOWIWifiTlvHandler] processIfPerFrmInfoTag: Invalid Tag(42) measurement not added for peer(0)
06-13 06:36:30.163  2982  4414 D LOWI-9.0.1.74: [LOWIWifiTlvHandler] checkTlvTag: Processing idx(4) received TLV: WMIRTT_TLV_TAG_ARRAY_UINT8
06-13 06:36:30.163  2982  4414 D LOWI-9.0.1.74: [LOWIWifiTlvHandler] processIfPeerEvtHdrTag: Invalid Tag(18), not added to vector mPeerIdx(0)
06-13 06:36:30.163  2982  4414 D LOWI-9.0.1.74: [LOWIWifiTlvHandler] processIfPerFrmInfoTag: Invalid Tag(18) measurement not added for peer(0)
06-13 06:36:30.164  2982  4414 D LOWI-9.0.1.74: [LOWIWifiTlvHandler] checkTlvTag: Processing idx(5) received TLV: loop_start
06-13 06:36:30.164  2982  4414 D LOWI-9.0.1.74: [LOWIWifiTlvHandler] processIfPeerEvtHdrTag: Invalid Tag(16), not added to vector mPeerIdx(0)
06-13 06:36:30.164  2982  4414 D LOWI-9.0.1.74: [LOWIWifiTlvHandler] processIfPerFrmInfoTag: Invalid Tag(16) measurement not added for peer(0)
06-13 06:36:30.164  2982  4414 D LOWI-9.0.1.74: [LOWIWifiTlvHandler] checkTlvTag: Processing idx(6) received TLV: wmi_rtt_oem_per_frame_info
06-13 06:36:30.164  2982  4414 D LOWI-9.0.1.74: [LOWIWifiTlvHandler] processIfPeerEvtHdrTag: Invalid Tag(43), not added to vector mPeerIdx(0)
06-13 06:36:30.164  2982  4414 D LOWI-9.0.1.74: [LOWIWifiTlvHandler] checkTlvTag: Processing idx(7) received unexpected but valid TLV(loop_end), going to idx(6)
06-13 06:36:30.164  2982  4414 D LOWI-9.0.1.74: [LOWIWifiTlvHandler] checkTlvTag: Processing idx(6) received TLV: wmi_rtt_oem_per_frame_info
06-13 06:36:30.164  2982  4414 D LOWI-9.0.1.74: [LOWIWifiTlvHandler] processIfPeerEvtHdrTag: Invalid Tag(43), not added to vector mPeerIdx(0)
06-13 06:36:30.164  2982  4414 D LOWI-9.0.1.74: [LOWIWifiTlvHandler] checkTlvTag: Processing idx(7) received TLV: loop_end
06-13 06:36:30.164  2982  4414 D LOWI-9.0.1.74: [LOWIWifiTlvHandler] processIfPeerEvtHdrTag: Invalid Tag(17), not added to vector mPeerIdx(0)
06-13 06:36:30.164  2982  4414 D LOWI-9.0.1.74: [LOWIWifiTlvHandler] processIfPerFrmInfoTag: Invalid Tag(17) measurement not added for peer(0)
06-13 06:36:30.164  2982  4414 D LOWI-9.0.1.74: [LOWIWifiTlvHandler] checkTlvTag: Processing idx(8) received unexpected but valid TLV(loop_end), going to idx(3)
06-13 06:36:30.164  2982  4414 D LOWI-9.0.1.74: [LOWIWifiTlvHandler] checkTlvTag: Processing idx(3) received TLV: wmi_rtt_oem_per_peer_event_hdr
06-13 06:36:30.164  2982  4414 D LOWI-9.0.1.74: [LOWIWifiTlvHandler] processIfPerFrmInfoTag: Invalid Tag(42) measurement not added for peer(1)
06-13 06:36:30.164  2982  4414 D LOWI-9.0.1.74: [LOWIWifiTlvHandler] checkTlvTag: Processing idx(4) received TLV: WMIRTT_TLV_TAG_ARRAY_UINT8
06-13 06:36:30.164  2982  4414 D LOWI-9.0.1.74: [LOWIWifiTlvHandler] processIfPeerEvtHdrTag: Invalid Tag(18), not added to vector mPeerIdx(1)
06-13 06:36:30.164  2982  4414 D LOWI-9.0.1.74: [LOWIWifiTlvHandler] processIfPerFrmInfoTag: Invalid Tag(18) measurement not added for peer(1)
06-13 06:36:30.164  2982  4414 D LOWI-9.0.1.74: [LOWIWifiTlvHandler] checkTlvTag: Processing idx(5) received TLV: loop_start
06-13 06:36:30.164  2982  4414 D LOWI-9.0.1.74: [LOWIWifiTlvHandler] processIfPeerEvtHdrTag: Invalid Tag(16), not added to vector mPeerIdx(1)
06-13 06:36:30.164  2982  4414 D LOWI-9.0.1.74: [LOWIWifiTlvHandler] processIfPerFrmInfoTag: Invalid Tag(16) measurement not added for peer(1)
06-13 06:36:30.164  2982  4414 D LOWI-9.0.1.74: [LOWIWifiTlvHandler] checkTlvTag: Processing idx(6) received TLV: wmi_rtt_oem_per_frame_info
06-13 06:36:30.164  2982  4414 D LOWI-9.0.1.74: [LOWIWifiTlvHandler] processIfPeerEvtHdrTag: Invalid Tag(43), not added to vector mPeerIdx(1)
06-13 06:36:30.164  2982  4414 D LOWI-9.0.1.74: [LOWIWifiTlvHandler] checkTlvTag: Processing idx(7) received unexpected but valid TLV(loop_end), going to idx(6)
06-13 06:36:30.164  2982  4414 D LOWI-9.0.1.74: [LOWIWifiTlvHandler] checkTlvTag: Processing idx(6) received TLV: wmi_rtt_oem_per_frame_info
06-13 06:36:30.164  2982  4414 D LOWI-9.0.1.74: [LOWIWifiTlvHandler] processIfPeerEvtHdrTag: Invalid Tag(43), not added to vector mPeerIdx(1)
06-13 06:36:30.164  2982  4414 D LOWI-9.0.1.74: [LOWIWifiTlvHandler] checkTlvTag: Processing idx(7) received TLV: loop_end
06-13 06:36:30.164  2982  4414 D LOWI-9.0.1.74: [LOWIWifiTlvHandler] processIfPeerEvtHdrTag: Invalid Tag(17), not added to vector mPeerIdx(1)
06-13 06:36:30.164  2982  4414 D LOWI-9.0.1.74: [LOWIWifiTlvHandler] processIfPerFrmInfoTag: Invalid Tag(17) measurement not added for peer(1)
06-13 06:36:30.164  2982  4414 D LOWI-9.0.1.74: [LOWIWifiTlvHandler] checkTlvTag: Processing idx(8) received TLV: loop_end
06-13 06:36:30.164  2982  4414 D LOWI-9.0.1.74: [LOWIWifiTlvHandler] processIfLoopEndTag: mPeerLs(0)...peer list ends
06-13 06:36:30.164  2982  4414 D LOWI-9.0.1.74: [LOWIWifiTlvHandler] processIfPeerEvtHdrTag: Invalid Tag(17), not added to vector mPeerIdx(1)
06-13 06:36:30.164  2982  4414 D LOWI-9.0.1.74: [LOWIWifiTlvHandler] processIfPerFrmInfoTag: Invalid Tag(17) measurement not added for peer(1)
06-13 06:36:30.165  2982  4414 D LOWI-9.0.1.74: [LOWIWifiTlvHandler] printBssidInfo: Peer 0 of 2,  numMeas = 2
06-13 06:36:30.165  2982  4414 D LOWI-9.0.1.74: [LOWIWifiTlvHandler] printBssidInfo: Peer 1 of 2,  numMeas = 2
06-13 06:36:30.165  2982  4414 D LOWI-9.0.1.74: [LOWI-HELIUM-RTT] printMeasRspHeadInfo: info(0x200002) channel_info(0x157c) rprtType(2) rttMeasType(0) rprtStatusV3(0) tmStart(0) numAPs(2) destMac(00:00:00:**:**:00) channelInfo(5500)
06-13 06:36:30.165  2982  4414 D LOWI-9.0.1.74: [LOWI-HELIUM-RTT] printPerPeerInfo: peerMac(60:d8:a4:**:**:9d) burstIdx(0) numIEs(0) numMeasThisAP(2)rttMeasType(1) isQtiPeer(0) tmrSubType(0) isLastRespForPeer (0) securityMode(0) numFrmAttempted(2) actualBurstDur(7) actualNumFrmPerBur(2) actualBurstExp(0) retryAfterDur(0) measStartTSF(716187657) control(0x102) result_info_1(0x70002)result_info_2(0x2) result_info_3(0x0) measStartTSF_field(0x2ab02809)
06-13 06:36:30.165  2982  4414 D LOWI-9.0.1.74: [LOWI-HELIUM-RTT] printPerPeerInfo: 11az params: i2r_lmr_feedback:0 ranging_priority:0 r2i_toa_type:0 i2r_toa_type:0 format_and_bw:0 imdt_r2i_feedback:0 imdt_i2r_feedback:0 max_i2r_repetition:0 max_r2i_repetition:0 device_class:0 full_bw_ul_mumimo:0 max_r2i_sts_le_80mhz:0 max_r2i_sts_gr_80mhz:0 max_r2i_ltf_total:0 max_i2r_sts_le_80mhz:0 max_i2r_sts_gr_80mhz:0 max_i2r_ltf_total:0 min_time_between_measurements:0 tb_max_session_expiry 0
06-13 06:36:30.165  2982  4414 D LOWI-9.0.1.74: [LOWI-P2P-RTT] p2pIsStored: Bad inputs
06-13 06:36:30.165  2982  4414 D LOWI-9.0.1.74: [LOWI-HELIUM-RTT] printPerFrameInfo: tx_rate_info1(0x10003) tx_rate_info2(0x41) rx_rate_info1(0x30000) rx_rate_info2(0x41) max_tod_toa_error(0x0)
06-13 06:36:30.165  2982  4414 D LOWI-9.0.1.74: [LOWI-HELIUM-RTT] printPerFrameInfo: rssi(1684300900) T1.time32(0x0) T1.time0(0x0) T2.time32(0x0) T2.time0(0x0) T3_del(0x0) T4_del(0x62e6c43) txPreamble(0x3) txBw(0x0) txRateMcsIdx(0x0)txSTS(0x0) txNREP(0x0) txBitRate(0x41) rxPreamble(0x0) rxBw(0x0) invalidFACBit(0x0) rxRateMcsIdx(0x0) rxBitRate(0x41) chainMask(0x3) maxTodError(0x0)maxToaError(0x0) useTxChainNo(0x1) useRxChainNo(0x0) rxSTS(0x0) rxNREP(0x0) r2iNDPIntegrityCheck(0x0)
06-13 06:36:30.165  2982  4414 D LOWI-9.0.1.74: [LOWI-HELIUM-RTT] processPerFrameInfo: RTT V2 Performed - Raw RSSI(0x0), toa - tod = 0x62e6c43(pre-offset), RTT(103705667 psecs), RSSI(0) 
06-13 06:36:30.165  2982  4414 D LOWI-9.0.1.74: [LOWI-HELIUM-RTT] printPerFrameInfo: tx_rate_info1(0x10003) tx_rate_info2(0x41) rx_rate_info1(0x30000) rx_rate_info2(0x41) max_tod_toa_error(0x0)
06-13 06:36:30.165  2982  4414 D LOWI-9.0.1.74: [LOWI-HELIUM-RTT] printPerFrameInfo: rssi(1684300900) T1.time32(0x0) T1.time0(0x0) T2.time32(0x0) T2.time0(0x0) T3_del(0x0) T4_del(0x62f913b) txPreamble(0x3) txBw(0x0) txRateMcsIdx(0x0)txSTS(0x0) txNREP(0x0) txBitRate(0x41) rxPreamble(0x0) rxBw(0x0) invalidFACBit(0x0) rxRateMcsIdx(0x0) rxBitRate(0x41) chainMask(0x3) maxTodError(0x0)maxToaError(0x0) useTxChainNo(0x1) useRxChainNo(0x0) rxSTS(0x0) rxNREP(0x0) r2iNDPIntegrityCheck(0x0)
06-13 06:36:30.165  2982  4414 D LOWI-9.0.1.74: [LOWI-HELIUM-RTT] processPerFrameInfo: RTT V2 Performed - Raw RSSI(0x0), toa - tod = 0x62f913b(pre-offset), RTT(103780667 psecs), RSSI(0) 
06-13 06:36:30.165  2982  4414 D LOWI-9.0.1.74: [LOWI-HELIUM-RTT] printPerPeerInfo: peerMac(62:d8:a4:**:**:f9) burstIdx(0) numIEs(0) numMeasThisAP(2)rttMeasType(1) isQtiPeer(0) tmrSubType(0) isLastRespForPeer (0) securityMode(0) numFrmAttempted(2) actualBurstDur(4) actualNumFrmPerBur(2) actualBurstExp(0) retryAfterDur(0) measStartTSF(716187657) control(0x102) result_info_1(0x40002)result_info_2(0x2) result_info_3(0x0) measStartTSF_field(0x2ab02809)
06-13 06:36:30.165  2982  4414 D LOWI-9.0.1.74: [LOWI-HELIUM-RTT] printPerPeerInfo: 11az params: i2r_lmr_feedback:0 ranging_priority:0 r2i_toa_type:0 i2r_toa_type:0 format_and_bw:0 imdt_r2i_feedback:0 imdt_i2r_feedback:0 max_i2r_repetition:0 max_r2i_repetition:0 device_class:0 full_bw_ul_mumimo:0 max_r2i_sts_le_80mhz:0 max_r2i_sts_gr_80mhz:0 max_r2i_ltf_total:0 max_i2r_sts_le_80mhz:0 max_i2r_sts_gr_80mhz:0 max_i2r_ltf_total:0 min_time_between_measurements:0 tb_max_session_expiry 0
06-13 06:36:30.165  2982  4414 D LOWI-9.0.1.74: [LOWI-P2P-RTT] p2pIsStored: Bad inputs
06-13 06:36:30.165  2982  4414 D LOWI-9.0.1.74: [LOWI-HELIUM-RTT] printPerFrameInfo: tx_rate_info1(0x10003) tx_rate_info2(0x41) rx_rate_info1(0x30000) rx_rate_info2(0x41) max_tod_toa_error(0x0)
06-13 06:36:30.165  2982  4414 D LOWI-9.0.1.74: [LOWI-HELIUM-RTT] printPerFrameInfo: rssi(1684300900) T1.time32(0x0) T1.time0(0x0) T2.time32(0x0) T2.time0(0x0) T3_del(0x0) T4_del(0x62f2f93) txPreamble(0x3) txBw(0x0) txRateMcsIdx(0x0)txSTS(0x0) txNREP(0x0) txBitRate(0x41) rxPreamble(0x0) rxBw(0x0) invalidFACBit(0x0) rxRateMcsIdx(0x0) rxBitRate(0x41) chainMask(0x3) maxTodError(0x0)maxToaError(0x0) useTxChainNo(0x1) useRxChainNo(0x0) rxSTS(0x0) rxNREP(0x0) r2iNDPIntegrityCheck(0x0)
06-13 06:36:30.165  2982  4414 D LOWI-9.0.1.74: [LOWI-HELIUM-RTT] processPerFrameInfo: RTT V2 Performed - Raw RSSI(0x0), toa - tod = 0x62f2f93(pre-offset), RTT(103755667 psecs), RSSI(0) 
06-13 06:36:30.165  2982  4414 D LOWI-9.0.1.74: [LOWI-HELIUM-RTT] printPerFrameInfo: tx_rate_info1(0x10003) tx_rate_info2(0x41) rx_rate_info1(0x30000) rx_rate_info2(0x41) max_tod_toa_error(0x0)
06-13 06:36:30.165  2982  4414 D LOWI-9.0.1.74: [LOWI-HELIUM-RTT] printPerFrameInfo: rssi(1684300900) T1.time32(0x0) T1.time0(0x0) T2.time32(0x0) T2.time0(0x0) T3_del(0x0) T4_del(0x62ce5a3) txPreamble(0x3) txBw(0x0) txRateMcsIdx(0x0)txSTS(0x0) txNREP(0x0) txBitRate(0x41) rxPreamble(0x0) rxBw(0x0) invalidFACBit(0x0) rxRateMcsIdx(0x0) rxBitRate(0x41) chainMask(0x3) maxTodError(0x0)maxToaError(0x0) useTxChainNo(0x1) useRxChainNo(0x0) rxSTS(0x0) rxNREP(0x0) r2iNDPIntegrityCheck(0x0)
06-13 06:36:30.165  2982  4414 D LOWI-9.0.1.74: [LOWI-HELIUM-RTT] processPerFrameInfo: RTT V2 Performed - Raw RSSI(0x0), toa - tod = 0x62ce5a3(pre-offset), RTT(103605667 psecs), RSSI(0) 
06-13 06:36:30.166  2982  4414 I LOWI-9.0.1.74: [LOWIRangingHeliumFSM] SendReqToFwOrRespToUser: All ranging measurements completed.Send response to client
06-13 06:36:30.166  2982  4414 I LOWI-9.0.1.74: [LOWIRangingHeliumFSM] SendReqToFwOrRespToUser this is not a rtt BG node
06-13 06:36:30.166  2982  4414 D LOWI-9.0.1.74: [LOWIRangingFSM] FSM: New FSM state: STATE_READY_AND_IDLE
06-13 06:36:30.166  2982  4414 D LOWI-9.0.1.74: [LOWI-ROME-RTT] RomeWaitOnActivityOnSocketOrPipe: issue blocking select 
06-13 06:36:30.166  2982  3006 D LOWI-9.0.1.74: [LOWIEventReceiver] handleEvent:FROM:NA, TO:NA, REQ:NA, IREQ:NA, REQ_ID:0, RESP:NA, INFO:NA
06-13 06:36:30.166  2982  3006 D LOWI-9.0.1.74: [LOWIBackgroundScanMgr] isRspForBgScanMgr: req(RANGING_SCAN) -- not handled
06-13 06:36:30.166  2982  3006 D LOWI-9.0.1.74: [LOWIScheduler] manageMsg: Results for RANGING_SCAN -- handled: scanStatus(SCAN_STATUS_SUCCESS)
06-13 06:36:30.166  2982  3006 D LOWI-9.0.1.74: [LOWICacheManager] putInCache:Num of Meas to add: 6
06-13 06:36:30.167  2982  3006 D LOWI-9.0.1.74: [LOWIScheduler] processNode: 5a:4c:77:**:**:11
06-13 06:36:30.167  2982  3006 I LOWI-9.0.1.74: [LOWIScheduler] Node isRttBgNode 0 is_last_resp_for_peer 0
06-13 06:36:30.167  2982  3006 D LOWI-9.0.1.74: [LOWIScheduler] processNode: 4a:4c:77:**:**:11
06-13 06:36:30.167  2982  3006 I LOWI-9.0.1.74: [LOWIScheduler] Node isRttBgNode 0 is_last_resp_for_peer 0
06-13 06:36:30.167  2982  3006 D LOWI-9.0.1.74: [LOWIScheduler] processNode: 40:4c:77:**:**:11
06-13 06:36:30.167  2982  3006 I LOWI-9.0.1.74: [LOWIScheduler] Node isRttBgNode 0 is_last_resp_for_peer 0
06-13 06:36:30.167  2982  3006 D LOWI-9.0.1.74: [LOWIScheduler] processNode: f0:09:0d:**:**:01
06-13 06:36:30.167  2982  3006 I LOWI-9.0.1.74: [LOWIScheduler] Node isRttBgNode 0 is_last_resp_for_peer 0
06-13 06:36:30.167  2982  3006 D LOWI-9.0.1.74: [LOWIScheduler] processNode: 60:d8:a4:**:**:9d
06-13 06:36:30.167  2982  3006 I LOWI-9.0.1.74: [LOWIScheduler] Node isRttBgNode 0 is_last_resp_for_peer 0
06-13 06:36:30.167  2982  3006 D LOWI-9.0.1.74: [LOWIScheduler] processNode: 62:d8:a4:**:**:f9
06-13 06:36:30.167  2982  3006 I LOWI-9.0.1.74: [LOWIScheduler] Node isRttBgNode 0 is_last_resp_for_peer 0
06-13 06:36:30.167  2982  3006 D LOWI-9.0.1.74: [LOWIScheduler] nodesForRsp: # nodes for this client(6)
06-13 06:36:30.167  2982  3006 D LOWI-9.0.1.74: [LOWIScheduler] processRangRsp: Create response: status(SCAN_STATUS_SUCCESS) numBssids(6) reqId(246) originator(73fd882c00-LC) reqType(5)
06-13 06:36:30.167  2982  3006 D LOWI-9.0.1.74: [LOWIController] generateResponse: Type (PERIODIC_RANGING_SCAN) ScanStatus (1) request 73fd882c00-LC_246
06-13 06:36:30.167  2982  3006 D LOWI-9.0.1.74: [LOWIEventDispatcher] sendResponse - originator = 73fd882c00-LC
06-13 06:36:30.167  2982  3006 D LOWI-9.0.1.74: [LOWIUtils] injectScanMeasurements - num of APs = 6
06-13 06:36:30.168  2982  3006 D LOWI-9.0.1.74: [LOWIUtils] injectRangingScanMeasurements - NUM_COLOC_BSS(0), PEER_OEM(LOWI_PEER_OEM_UNKNOWN)
06-13 06:36:30.168  2982  3006 D LOWI-9.0.1.74: [LOWIUtils] injectRangingScanMeasurements - NUM_COLOC_BSS(0), PEER_OEM(LOWI_PEER_OEM_UNKNOWN)
06-13 06:36:30.168  2982  3006 D LOWI-9.0.1.74: [LOWIUtils] injectRangingScanMeasurements - NUM_COLOC_BSS(0), PEER_OEM(LOWI_PEER_OEM_UNKNOWN)
06-13 06:36:30.168  2982  3006 D LOWI-9.0.1.74: [LOWIUtils] injectRangingScanMeasurements - NUM_COLOC_BSS(0), PEER_OEM(LOWI_PEER_OEM_UNKNOWN)
06-13 06:36:30.168  2982  3006 D LOWI-9.0.1.74: [LOWIUtils] injectRangingScanMeasurements - NUM_COLOC_BSS(0), PEER_OEM(LOWI_PEER_OEM_UNKNOWN)
06-13 06:36:30.168  2982  3006 D LOWI-9.0.1.74: [LOWIUtils] injectRangingScanMeasurements - NUM_COLOC_BSS(0), PEER_OEM(LOWI_PEER_OEM_UNKNOWN)
06-13 06:36:30.168  2982  3006 I LOWI-9.0.1.74: [LOWIUtils] responseToOutPostcard - TO: 73fd882c00-LC, FROM:   LOWI-SERVER, RESP:  LOWI_RANGING_SCAN
06-13 06:36:30.168  2982  3006 D LOWI-9.0.1.74: [LOWIEventDispatcher] sendResponse - originator = FreeWifiScanObserver
06-13 06:36:30.168  2982  3006 D LOWI-9.0.1.74: [LOWIUtils] injectScanMeasurements - num of APs = 6
06-13 06:36:30.169  2982  3006 I LOWI-9.0.1.74: [LOWIUtils] responseToOutPostcard - TO: FreeWifiScanObserver, FROM:   LOWI-SERVER, RESP:  LOWI_RANGING_SCAN
06-13 06:36:30.169  2200  4416 I QCALOG  : [LOWIUtils] inPostcardToResponse - FROM: LOWI-SERVER, TO:   73fd882c00-LC, RESP:  LOWI_RANGING_SCAN
06-13 06:36:30.169  2200  4416 D QCALOG  : [LOWIUtils] inPostcardToResponse - Request id(246) Scan Status(1)
06-13 06:36:30.169  2200  4416 D QCALOG  : [LOWIUtils] parseScanMeasurements - Total Scan measurements = 6
06-13 06:36:30.169  2982  3006 D LOWI-9.0.1.74: [LOWIController] sendRangingResponseToSnoopRTTClients: Response sent to Snoop RTT Client Request(ID:5, originator: FreeWifiScanObserver)
06-13 06:36:30.169  2200  4416 D QCALOG  : [LOWIUtils] parseRangingScanMeasurements - MAX_BSS_IND = 0, NUM_COLOC_BSS = 0, Peer OEM = 0
06-13 06:36:30.169  2982  3006 D LOWI-9.0.1.74: [LOWIScheduler] dataBaseCleanup:Status before cleanup
06-13 06:36:30.169  2982  3006 D LOWI-9.0.1.74: [LOWIScheduler] ****************************** WiFiNode Database *****************************************************************************************
06-13 06:36:30.169  2982  3006 D LOWI-9.0.1.74: [LOWIScheduler] Num of remaining nodes: 6
06-13 06:36:30.169  2200  4416 D QCALOG  : [LOWIUtils] parseScanMeasurements - FREQUENCY(5785) IS_SECURE(0) NODE_TYPE(1)RTT_TYPE(1) ADD_INFO 0x0tmr_subtype(0) security_mode(0)
06-13 06:36:30.169  2982  3006 D LOWI-9.0.1.74: [LOWIScheduler] BSSID             Freq nodeT rttT  BW     pkts cont period       numMeas perCntr retries retCntr ReqId      schId      nodeState                  
06-13 06:36:30.169  2982  3006 D LOWI-9.0.1.74: [LOWIScheduler] 5a:4c:77:**:**:11 5785 AP    RTT2  BW_80  2    0    0            0       0       3       0       246        195428597  WIFI_NODE_READY_FOR_RSP    
06-13 06:36:30.169  2982  3006 D LOWI-9.0.1.74: [LOWIScheduler] 4a:4c:77:**:**:11 5785 AP    RTT2  BW_80  2    0    0            0       0       3       0       246        195428597  WIFI_NODE_READY_FOR_RSP    
06-13 06:36:30.169  2982  3006 D LOWI-9.0.1.74: [LOWIScheduler] 40:4c:77:**:**:11 5785 AP    RTT2  BW_80  2    0    0            0       0       3       0       246        195428597  WIFI_NODE_READY_FOR_RSP    
06-13 06:36:30.169  2200  4416 D QCALOG  : [LOWIUtils] COUNTRY_CODE is 
06-13 06:36:30.169  2982  3006 D LOWI-9.0.1.74: [LOWIScheduler] f0:09:0d:**:**:01 5220 AP    RTT2  BW_160 2    0    0            0       0       3       0       246        195428597  WIFI_NODE_READY_FOR_RSP    
06-13 06:36:30.169  2982  3006 D LOWI-9.0.1.74: [LOWIScheduler] 60:d8:a4:**:**:9d 5500 AP    RTT2  BW_80  2    0    0            0       0       3       0       246        195428597  WIFI_NODE_READY_FOR_RSP    
06-13 06:36:30.169  2200  4416 D QCALOG  : [LOWIUtils] parseScanMeasurements - CELL_POWER(0) INDOOR OUTDOOR( ), MEASUREMENT_NUM(0)
06-13 06:36:30.169  2982  3006 D LOWI-9.0.1.74: [LOWIScheduler] 62:d8:a4:**:**:f9 5500 AP    RTT2  BW_80  2    0    0            0       0       3       0       246        195428597  WIFI_NODE_READY_FOR_RSP    
06-13 06:36:30.169  2982  3006 D LOWI-9.0.1.74: [LOWIScheduler] ******************************************************************************************************************************************
06-13 06:36:30.169  2982  3006 D LOWI-9.0.1.74: [LOWIScheduler] One-shot node fully serviced: 5a:4c:77:**:**:11
06-13 06:36:30.169  2200  4416 D QCALOG  : [LOWIUtils] parseMeasurementInfo - Total measurements = 2
06-13 06:36:30.169  2982  3006 D LOWI-9.0.1.74: [LOWIScheduler] One-shot node fully serviced: 4a:4c:77:**:**:11
06-13 06:36:30.169  2982  3006 D LOWI-9.0.1.74: [LOWIScheduler] One-shot node fully serviced: 40:4c:77:**:**:11
06-13 06:36:30.169  2982  3006 D LOWI-9.0.1.74: [LOWIScheduler] One-shot node fully serviced: f0:09:0d:**:**:01
06-13 06:36:30.169  2982  3006 D LOWI-9.0.1.74: [LOWIScheduler] One-shot node fully serviced: 60:d8:a4:**:**:9d
06-13 06:36:30.169  2982  3006 D LOWI-9.0.1.74: [LOWIScheduler] One-shot node fully serviced: 62:d8:a4:**:**:f9
06-13 06:36:30.169  2982  3006 D LOWI-9.0.1.74: [LOWIScheduler] dataBaseCleanup:Status after cleanup
06-13 06:36:30.169  2982  3006 D LOWI-9.0.1.74: [LOWIScheduler] ****************************** WiFiNode Database *****************************************************************************************
06-13 06:36:30.169  2982  3006 D LOWI-9.0.1.74: [LOWIScheduler] Num of remaining nodes: 0
06-13 06:36:30.170  2982  3006 D LOWI-9.0.1.74: [LOWIScheduler] BSSID             Freq nodeT rttT  BW     pkts cont period       numMeas perCntr retries retCntr ReqId      schId      nodeState                  
06-13 06:36:30.170  2982  3006 D LOWI-9.0.1.74: [LOWIScheduler] ******************************************************************************************************************************************
06-13 06:36:30.170  2982  3006 D LOWI-9.0.1.74: [LOWIScheduler] cleanUp: NumPeriodicNodesInDB left: 0
06-13 06:36:30.170  2200  4416 W QCALOG  : [LOWIUtils] parseMeasurementInfo - Unable to extract CFR_CIR_LENGTH
06-13 06:36:30.170  2982  3006 D LOWI-9.0.1.74: [LOWIScheduler] deleteClientInfo: deleting reqId(246) originator(73fd882c00-LC), reqType(PERIODIC_RANGING_SCAN)
06-13 06:36:30.170  2982  3006 D LOWI-9.0.1.74: [LOWIScheduler] getMeasInProgressNodeCnt mNodeDataBase size 0
06-13 06:36:30.170  2982  3006 D LOWI-9.0.1.74: [LOWIScheduler] All node are served ? YES delete rtt req 
06-13 06:36:30.170  2982  3006 D LOWI-9.0.1.74: [LOWIScheduler] manageMsg:delete current wifi rtt request
06-13 06:36:30.170  2982  3006 D LOWI-9.0.1.74: [LOWIController] Scheduler is managing the msg
06-13 06:36:30.170  2200  4416 D QCALOG  : [LOWIUtils] parseMeasurementInfo - RSSI_TIMESTAMP(1781350589840) RSSI(0) MEAS_AGE(-1) RTT_TIMESTAMP(1781350589840) RTT(104455) TX_PREAMBLE(3) TX_NSS(1) TX_BW(0) TX_MCS_IDX(0) TX_BIT_RATE(65) RX_PREAMBLE(0) RX_NSS(2) RX_BW(0) RX_MCS_IDX(0) RX_BIT_RATE(65) tx_chain_no(0) rx_chain_no(-1) TX_STS(0) TX_NREP(0) RX_STS(0) RX_NREP(0) R2I_NDP_INTEGRITY_CHECK(0) INVALID_FAC(0)
06-13 06:36:30.170  2200  4416 W QCALOG  : [LOWIUtils] parseMeasurementInfo - Unable to extract CFR_CIR_LENGTH
06-13 06:36:30.172  2200  4416 D QCALOG  : [LOWIUtils] parseMeasurementInfo - RSSI_TIMESTAMP(1781350589840) RSSI(0) MEAS_AGE(-1) RTT_TIMESTAMP(1781350589840) RTT(104705) TX_PREAMBLE(3) TX_NSS(1) TX_BW(0) TX_MCS_IDX(0) TX_BIT_RATE(65) RX_PREAMBLE(0) RX_NSS(2) RX_BW(0) RX_MCS_IDX(0) RX_BIT_RATE(65) tx_chain_no(0) rx_chain_no(-1) TX_STS(0) TX_NREP(0) RX_STS(0) RX_NREP(0) R2I_NDP_INTEGRITY_CHECK(0) INVALID_FAC(0)
06-13 06:36:30.173  2200  4416 D QCALOG  : [LOWIUtils] parseIEDataInfo - Total IE's = 0
06-13 06:36:30.173  2200  4416 D QCALOG  : [LOWIUtils] parseScanMeasurements - RTT_TARGET_STATUS(0) BEACON_PERIOD(0), BEACON_CAPS(0), IE_LENGTH(0)
06-13 06:36:30.174  2200  4416 D QCALOG  : [LOWIUtils] parseRangingScanMeasurements - MAX_BSS_IND = 0, NUM_COLOC_BSS = 0, Peer OEM = 0
06-13 06:36:30.174  2200  4416 D QCALOG  : [LOWIUtils] parseScanMeasurements - FREQUENCY(5785) IS_SECURE(0) NODE_TYPE(1)RTT_TYPE(1) ADD_INFO 0x0tmr_subtype(0) security_mode(0)
06-13 06:36:30.174  2200  4416 D QCALOG  : [LOWIUtils] COUNTRY_CODE is 
06-13 06:36:30.174  2200  4416 D QCALOG  : [LOWIUtils] parseScanMeasurements - CELL_POWER(0) INDOOR OUTDOOR( ), MEASUREMENT_NUM(0)
06-13 06:36:30.174  2200  4416 D QCALOG  : [LOWIUtils] parseMeasurementInfo - Total measurements = 2
06-13 06:36:30.174  2200  4416 W QCALOG  : [LOWIUtils] parseMeasurementInfo - Unable to extract CFR_CIR_LENGTH
06-13 06:36:30.174  2200  4416 D QCALOG  : [LOWIUtils] parseMeasurementInfo - RSSI_TIMESTAMP(1781350589840) RSSI(0) MEAS_AGE(-1) RTT_TIMESTAMP(1781350589840) RTT(104455) TX_PREAMBLE(3) TX_NSS(1) TX_BW(0) TX_MCS_IDX(0) TX_BIT_RATE(65) RX_PREAMBLE(0) RX_NSS(2) RX_BW(0) RX_MCS_IDX(0) RX_BIT_RATE(65) tx_chain_no(0) rx_chain_no(-1) TX_STS(0) TX_NREP(0) RX_STS(0) RX_NREP(0) R2I_NDP_INTEGRITY_CHECK(0) INVALID_FAC(0)
06-13 06:36:30.174  2200  4416 W QCALOG  : [LOWIUtils] parseMeasurementInfo - Unable to extract CFR_CIR_LENGTH
06-13 06:36:30.174  2200  4416 D QCALOG  : [LOWIUtils] parseMeasurementInfo - RSSI_TIMESTAMP(1781350589840) RSSI(0) MEAS_AGE(-1) RTT_TIMESTAMP(1781350589840) RTT(104457) TX_PREAMBLE(3) TX_NSS(1) TX_BW(0) TX_MCS_IDX(0) TX_BIT_RATE(65) RX_PREAMBLE(0) RX_NSS(2) RX_BW(0) RX_MCS_IDX(0) RX_BIT_RATE(65) tx_chain_no(0) rx_chain_no(-1) TX_STS(0) TX_NREP(0) RX_STS(0) RX_NREP(0) R2I_NDP_INTEGRITY_CHECK(0) INVALID_FAC(0)
06-13 06:36:30.174  2200  4416 D QCALOG  : [LOWIUtils] parseIEDataInfo - Total IE's = 0
06-13 06:36:30.174  2200  4416 D QCALOG  : [LOWIUtils] parseScanMeasurements - RTT_TARGET_STATUS(0) BEACON_PERIOD(0), BEACON_CAPS(0), IE_LENGTH(0)
06-13 06:36:30.175  2200  4416 D QCALOG  : [LOWIUtils] parseRangingScanMeasurements - MAX_BSS_IND = 0, NUM_COLOC_BSS = 0, Peer OEM = 0
06-13 06:36:30.175  2200  4416 D QCALOG  : [LOWIUtils] parseScanMeasurements - FREQUENCY(5785) IS_SECURE(0) NODE_TYPE(1)RTT_TYPE(1) ADD_INFO 0x0tmr_subtype(0) security_mode(0)
06-13 06:36:30.175  2200  4416 D QCALOG  : [LOWIUtils] COUNTRY_CODE is 
06-13 06:36:30.175  2200  4416 D QCALOG  : [LOWIUtils] parseScanMeasurements - CELL_POWER(0) INDOOR OUTDOOR( ), MEASUREMENT_NUM(0)
06-13 06:36:30.175  2200  4416 D QCALOG  : [LOWIUtils] parseMeasurementInfo - Total measurements = 2
06-13 06:36:30.175  2200  4416 W QCALOG  : [LOWIUtils] parseMeasurementInfo - Unable to extract CFR_CIR_LENGTH
06-13 06:36:30.175  2200  4416 D QCALOG  : [LOWIUtils] parseMeasurementInfo - RSSI_TIMESTAMP(1781350589840) RSSI(0) MEAS_AGE(-1) RTT_TIMESTAMP(1781350589840) RTT(104555) TX_PREAMBLE(3) TX_NSS(1) TX_BW(0) TX_MCS_IDX(0) TX_BIT_RATE(65) RX_PREAMBLE(0) RX_NSS(2) RX_BW(0) RX_MCS_IDX(0) RX_BIT_RATE(65) tx_chain_no(0) rx_chain_no(-1) TX_STS(0) TX_NREP(0) RX_STS(0) RX_NREP(0) R2I_NDP_INTEGRITY_CHECK(0) INVALID_FAC(0)
06-13 06:36:30.175  2200  4416 W QCALOG  : [LOWIUtils] parseMeasurementInfo - Unable to extract CFR_CIR_LENGTH
06-13 06:36:30.175  2200  4416 D QCALOG  : [LOWIUtils] parseMeasurementInfo - RSSI_TIMESTAMP(1781350589840) RSSI(0) MEAS_AGE(-1) RTT_TIMESTAMP(1781350589840) RTT(104461) TX_PREAMBLE(3) TX_NSS(1) TX_BW(0) TX_MCS_IDX(0) TX_BIT_RATE(65) RX_PREAMBLE(0) RX_NSS(2) RX_BW(0) RX_MCS_IDX(0) RX_BIT_RATE(65) tx_chain_no(0) rx_chain_no(-1) TX_STS(0) TX_NREP(0) RX_STS(0) RX_NREP(0) R2I_NDP_INTEGRITY_CHECK(0) INVALID_FAC(0)
06-13 06:36:30.175  2200  4416 D QCALOG  : [LOWIUtils] parseIEDataInfo - Total IE's = 0
06-13 06:36:30.175  2200  4416 D QCALOG  : [LOWIUtils] parseScanMeasurements - RTT_TARGET_STATUS(0) BEACON_PERIOD(0), BEACON_CAPS(0), IE_LENGTH(0)
06-13 06:36:30.175  2200  4416 D QCALOG  : [LOWIUtils] parseRangingScanMeasurements - MAX_BSS_IND = 0, NUM_COLOC_BSS = 0, Peer OEM = 0
06-13 06:36:30.176  2200  4416 D QCALOG  : [LOWIUtils] parseScanMeasurements - FREQUENCY(5220) IS_SECURE(0) NODE_TYPE(1)RTT_TYPE(1) ADD_INFO 0x0tmr_subtype(0) security_mode(0)
06-13 06:36:30.176  2200  4416 D QCALOG  : [LOWIUtils] COUNTRY_CODE is 
06-13 06:36:30.176  2200  4416 D QCALOG  : [LOWIUtils] parseScanMeasurements - CELL_POWER(0) INDOOR OUTDOOR( ), MEASUREMENT_NUM(0)
06-13 06:36:30.176  2200  4416 D QCALOG  : [LOWIUtils] parseMeasurementInfo - Total measurements = 2
06-13 06:36:30.176  2200  4416 W QCALOG  : [LOWIUtils] parseMeasurementInfo - Unable to extract CFR_CIR_LENGTH
06-13 06:36:30.176  2200  4416 D QCALOG  : [LOWIUtils] parseMeasurementInfo - RSSI_TIMESTAMP(1781350589874) RSSI(0) MEAS_AGE(-1) RTT_TIMESTAMP(1781350589874) RTT(103926) TX_PREAMBLE(3) TX_NSS(1) TX_BW(0) TX_MCS_IDX(0) TX_BIT_RATE(65) RX_PREAMBLE(0) RX_NSS(2) RX_BW(0) RX_MCS_IDX(0) RX_BIT_RATE(65) tx_chain_no(0) rx_chain_no(-1) TX_STS(0) TX_NREP(0) RX_STS(0) RX_NREP(0) R2I_NDP_INTEGRITY_CHECK(0) INVALID_FAC(0)
06-13 06:36:30.176  2200  4416 W QCALOG  : [LOWIUtils] parseMeasurementInfo - Unable to extract CFR_CIR_LENGTH
06-13 06:36:30.176  2200  4416 D QCALOG  : [LOWIUtils] parseMeasurementInfo - RSSI_TIMESTAMP(1781350589874) RSSI(0) MEAS_AGE(-1) RTT_TIMESTAMP(1781350589874) RTT(103976) TX_PREAMBLE(3) TX_NSS(1) TX_BW(0) TX_MCS_IDX(0) TX_BIT_RATE(65) RX_PREAMBLE(0) RX_NSS(2) RX_BW(0) RX_MCS_IDX(0) RX_BIT_RATE(65) tx_chain_no(0) rx_chain_no(-1) TX_STS(0) TX_NREP(0) RX_STS(0) RX_NREP(0) R2I_NDP_INTEGRITY_CHECK(0) INVALID_FAC(0)
06-13 06:36:30.176  2200  4416 D QCALOG  : [LOWIUtils] parseIEDataInfo - Total IE's = 0
06-13 06:36:30.176  2200  4416 D QCALOG  : [LOWIUtils] parseScanMeasurements - RTT_TARGET_STATUS(0) BEACON_PERIOD(0), BEACON_CAPS(0), IE_LENGTH(0)
06-13 06:36:30.176  2200  4416 D QCALOG  : [LOWIUtils] parseRangingScanMeasurements - MAX_BSS_IND = 0, NUM_COLOC_BSS = 0, Peer OEM = 0
06-13 06:36:30.176  2200  4416 D QCALOG  : [LOWIUtils] parseScanMeasurements - FREQUENCY(5500) IS_SECURE(0) NODE_TYPE(1)RTT_TYPE(1) ADD_INFO 0x0tmr_subtype(0) security_mode(0)
06-13 06:36:30.176  2200  4416 D QCALOG  : [LOWIUtils] COUNTRY_CODE is 
06-13 06:36:30.177  2200  4416 D QCALOG  : [LOWIUtils] parseScanMeasurements - CELL_POWER(0) INDOOR OUTDOOR( ), MEASUREMENT_NUM(0)
06-13 06:36:30.177  2200  4416 D QCALOG  : [LOWIUtils] parseMeasurementInfo - Total measurements = 2
06-13 06:36:30.177  2200  4416 W QCALOG  : [LOWIUtils] parseMeasurementInfo - Unable to extract CFR_CIR_LENGTH
06-13 06:36:30.177  2200  4416 D QCALOG  : [LOWIUtils] parseMeasurementInfo - RSSI_TIMESTAMP(1781350590165) RSSI(0) MEAS_AGE(-1) RTT_TIMESTAMP(1781350590165) RTT(103705) TX_PREAMBLE(3) TX_NSS(1) TX_BW(0) TX_MCS_IDX(0) TX_BIT_RATE(65) RX_PREAMBLE(0) RX_NSS(2) RX_BW(0) RX_MCS_IDX(0) RX_BIT_RATE(65) tx_chain_no(0) rx_chain_no(-1) TX_STS(0) TX_NREP(0) RX_STS(0) RX_NREP(0) R2I_NDP_INTEGRITY_CHECK(0) INVALID_FAC(0)
06-13 06:36:30.177  2200  4416 W QCALOG  : [LOWIUtils] parseMeasurementInfo - Unable to extract CFR_CIR_LENGTH
06-13 06:36:30.178  2200  4416 D QCALOG  : [LOWIUtils] parseMeasurementInfo - RSSI_TIMESTAMP(1781350590166) RSSI(0) MEAS_AGE(-1) RTT_TIMESTAMP(1781350590166) RTT(103780) TX_PREAMBLE(3) TX_NSS(1) TX_BW(0) TX_MCS_IDX(0) TX_BIT_RATE(65) RX_PREAMBLE(0) RX_NSS(2) RX_BW(0) RX_MCS_IDX(0) RX_BIT_RATE(65) tx_chain_no(0) rx_chain_no(-1) TX_STS(0) TX_NREP(0) RX_STS(0) RX_NREP(0) R2I_NDP_INTEGRITY_CHECK(0) INVALID_FAC(0)
06-13 06:36:30.178  2200  4416 D QCALOG  : [LOWIUtils] parseIEDataInfo - Total IE's = 0
06-13 06:36:30.178  2200  4416 D QCALOG  : [LOWIUtils] parseScanMeasurements - RTT_TARGET_STATUS(0) BEACON_PERIOD(0), BEACON_CAPS(0), IE_LENGTH(0)
06-13 06:36:30.179  2200  4416 D QCALOG  : [LOWIUtils] parseRangingScanMeasurements - MAX_BSS_IND = 0, NUM_COLOC_BSS = 0, Peer OEM = 0
06-13 06:36:30.179  2200  4416 D QCALOG  : [LOWIUtils] parseScanMeasurements - FREQUENCY(5500) IS_SECURE(0) NODE_TYPE(1)RTT_TYPE(1) ADD_INFO 0x0tmr_subtype(0) security_mode(0)
06-13 06:36:30.180  2200  4416 D QCALOG  : [LOWIUtils] COUNTRY_CODE is 
06-13 06:36:30.180  2200  4416 D QCALOG  : [LOWIUtils] parseScanMeasurements - CELL_POWER(0) INDOOR OUTDOOR( ), MEASUREMENT_NUM(0)
06-13 06:36:30.180  2200  4416 D QCALOG  : [LOWIUtils] parseMeasurementInfo - Total measurements = 2
06-13 06:36:30.180  2200  4416 W QCALOG  : [LOWIUtils] parseMeasurementInfo - Unable to extract CFR_CIR_LENGTH
06-13 06:36:30.180  2200  4416 D QCALOG  : [LOWIUtils] parseMeasurementInfo - RSSI_TIMESTAMP(1781350590166) RSSI(0) MEAS_AGE(-1) RTT_TIMESTAMP(1781350590166) RTT(103755) TX_PREAMBLE(3) TX_NSS(1) TX_BW(0) TX_MCS_IDX(0) TX_BIT_RATE(65) RX_PREAMBLE(0) RX_NSS(2) RX_BW(0) RX_MCS_IDX(0) RX_BIT_RATE(65) tx_chain_no(0) rx_chain_no(-1) TX_STS(0) TX_NREP(0) RX_STS(0) RX_NREP(0) R2I_NDP_INTEGRITY_CHECK(0) INVALID_FAC(0)
06-13 06:36:30.180  2200  4416 W QCALOG  : [LOWIUtils] parseMeasurementInfo - Unable to extract CFR_CIR_LENGTH
06-13 06:36:30.180  2200  4416 D QCALOG  : [LOWIUtils] parseMeasurementInfo - RSSI_TIMESTAMP(1781350590166) RSSI(0) MEAS_AGE(-1) RTT_TIMESTAMP(1781350590166) RTT(103605) TX_PREAMBLE(3) TX_NSS(1) TX_BW(0) TX_MCS_IDX(0) TX_BIT_RATE(65) RX_PREAMBLE(0) RX_NSS(2) RX_BW(0) RX_MCS_IDX(0) RX_BIT_RATE(65) tx_chain_no(0) rx_chain_no(-1) TX_STS(0) TX_NREP(0) RX_STS(0) RX_NREP(0) R2I_NDP_INTEGRITY_CHECK(0) INVALID_FAC(0)
06-13 06:36:30.181  2200  4416 D QCALOG  : [LOWIUtils] parseIEDataInfo - Total IE's = 0
06-13 06:36:30.181  2200  4416 D QCALOG  : [LOWIUtils] parseScanMeasurements - RTT_TARGET_STATUS(0) BEACON_PERIOD(0), BEACON_CAPS(0), IE_LENGTH(0)
06-13 06:36:30.181  2200  4416 D QCALOG  : [LOWIClientListener] Frequency = 5785, Is Secure = 0, Node type = 1
06-13 06:36:30.181  2200  4416 D QCALOG  : [LOWIClientListener] RSSI = 0, RSSI_TIMESTAMP = 1781350589840, RTT = 104455667ps, RTT_TIMESTAMP = 1781350589840
06-13 06:36:30.181  2200  4416 D QCALOG  : [LOWIClientListener] PREAMBLE = 3, BW = 0, MCS_IDX = 0, BIT_RATE = 65
06-13 06:36:30.181  2200  4416 D QCALOG  : [LOWIClientListener] RSSI = 0, RSSI_TIMESTAMP = 1781350589840, RTT = 104705667ps, RTT_TIMESTAMP = 1781350589840
06-13 06:36:30.181  2200  4416 D QCALOG  : [LOWIClientListener] PREAMBLE = 3, BW = 0, MCS_IDX = 0, BIT_RATE = 65
06-13 06:36:30.181  2200  4416 D QCALOG  : [LOWIClientListener] Frequency = 5785, Is Secure = 0, Node type = 1
06-13 06:36:30.181  2200  4416 D QCALOG  : [LOWIClientListener] RSSI = 0, RSSI_TIMESTAMP = 1781350589840, RTT = 104455667ps, RTT_TIMESTAMP = 1781350589840
06-13 06:36:30.181  2200  4416 D QCALOG  : [LOWIClientListener] PREAMBLE = 3, BW = 0, MCS_IDX = 0, BIT_RATE = 65
06-13 06:36:30.181  2200  4416 D QCALOG  : [LOWIClientListener] RSSI = 0, RSSI_TIMESTAMP = 1781350589840, RTT = 104457229ps, RTT_TIMESTAMP = 1781350589840
06-13 06:36:30.181  2200  4416 D QCALOG  : [LOWIClientListener] PREAMBLE = 3, BW = 0, MCS_IDX = 0, BIT_RATE = 65
06-13 06:36:30.181  2200  4416 D QCALOG  : [LOWIClientListener] Frequency = 5785, Is Secure = 0, Node type = 1
06-13 06:36:30.181  2200  4416 D QCALOG  : [LOWIClientListener] RSSI = 0, RSSI_TIMESTAMP = 1781350589840, RTT = 104555667ps, RTT_TIMESTAMP = 1781350589840
06-13 06:36:30.181  2200  4416 D QCALOG  : [LOWIClientListener] PREAMBLE = 3, BW = 0, MCS_IDX = 0, BIT_RATE = 65
06-13 06:36:30.181  2200  4416 D QCALOG  : [LOWIClientListener] RSSI = 0, RSSI_TIMESTAMP = 1781350589840, RTT = 104461135ps, RTT_TIMESTAMP = 1781350589840
06-13 06:36:30.181  2200  4416 D QCALOG  : [LOWIClientListener] PREAMBLE = 3, BW = 0, MCS_IDX = 0, BIT_RATE = 65
06-13 06:36:30.181  2200  4416 D QCALOG  : [LOWIClientListener] Frequency = 5220, Is Secure = 0, Node type = 1
06-13 06:36:30.181  2200  4416 D QCALOG  : [LOWIClientListener] RSSI = 0, RSSI_TIMESTAMP = 1781350589874, RTT = 103926967ps, RTT_TIMESTAMP = 1781350589874
06-13 06:36:30.181  2200  4416 D QCALOG  : [LOWIClientListener] PREAMBLE = 3, BW = 0, MCS_IDX = 0, BIT_RATE = 65
06-13 06:36:30.181  2200  4416 D QCALOG  : [LOWIClientListener] RSSI = 0, RSSI_TIMESTAMP = 1781350589874, RTT = 103976967ps, RTT_TIMESTAMP = 1781350589874
06-13 06:36:30.181  2200  4416 D QCALOG  : [LOWIClientListener] PREAMBLE = 3, BW = 0, MCS_IDX = 0, BIT_RATE = 65
06-13 06:36:30.181  2200  4416 D QCALOG  : [LOWIClientListener] Frequency = 5500, Is Secure = 0, Node type = 1
06-13 06:36:30.181  2200  4416 D QCALOG  : [LOWIClientListener] RSSI = 0, RSSI_TIMESTAMP = 1781350590165, RTT = 103705667ps, RTT_TIMESTAMP = 1781350590165
06-13 06:36:30.181  2200  4416 D QCALOG  : [LOWIClientListener] PREAMBLE = 3, BW = 0, MCS_IDX = 0, BIT_RATE = 65
06-13 06:36:30.181  2200  4416 D QCALOG  : [LOWIClientListener] RSSI = 0, RSSI_TIMESTAMP = 1781350590166, RTT = 103780667ps, RTT_TIMESTAMP = 1781350590166
06-13 06:36:30.181  2200  4416 D QCALOG  : [LOWIClientListener] PREAMBLE = 3, BW = 0, MCS_IDX = 0, BIT_RATE = 65
06-13 06:36:30.181  2200  4416 D QCALOG  : [LOWIClientListener] Frequency = 5500, Is Secure = 0, Node type = 1
06-13 06:36:30.181  2200  4416 D QCALOG  : [LOWIClientListener] RSSI = 0, RSSI_TIMESTAMP = 1781350590166, RTT = 103755667ps, RTT_TIMESTAMP = 1781350590166
06-13 06:36:30.181  2200  4416 D QCALOG  : [LOWIClientListener] PREAMBLE = 3, BW = 0, MCS_IDX = 0, BIT_RATE = 65
06-13 06:36:30.181  2200  4416 D QCALOG  : [LOWIClientListener] RSSI = 0, RSSI_TIMESTAMP = 1781350590166, RTT = 103605667ps, RTT_TIMESTAMP = 1781350590166
06-13 06:36:30.182  2200  4416 D QCALOG  : [LOWIClientListener] PREAMBLE = 3, BW = 0, MCS_IDX = 0, BIT_RATE = 65
06-13 06:36:30.182  2200  4416 D QCALOG  : [LOWIClientListener] computeRttMetrics: 5a:4c:77:**:**:11 RTT Chain_0 Final Mean:100000000.0000 Max:104455667 Min:100000000 Spread:4455667 Stdev:0 median: 100000000
06-13 06:36:30.182  2200  4416 D QCALOG  : [LOWIClientListener] @printWiFiHalNodeResult(): BSSID: 5a:4c:77:**:**:11, timestamp:(26323535000)
06-13 06:36:30.182  2200  4416 D QCALOG  : [LOWIClientListener] @printWiFiHalNodeResult(): measurement_num(0), status(RTT_STATUS_SUCCESS), type(RTT_TYPE_1_SIDED)
06-13 06:36:30.182  2200  4416 I QCALOG  : [LOWIClientListener] printWiFiHalNodeResult: rssi(0), rssi_spread(0), rtt(100000000), rtt_sd(0), rtt_spread(4455667)
06-13 06:36:30.182  2200  4416 D QCALOG  : [LOWIClientListener] @printWiFiHalNodeResult(): tx_rate info: preamble(VHT), nss(2x2), bw(WIFI_CHAN_WIDTH_80P80), mcs_idx(0), bitrate(65)
06-13 06:36:30.182  2200  4416 D QCALOG  : [LOWIClientListener] @printWiFiHalNodeResult(): distance_mm(15000001), distance_spread_mm(668350), distance_sd_mm(0)
06-13 06:36:30.182  2200  4416 D QCALOG  : [LOWIClientListener] @printWiFiHalNodeResult(): frequency(5785), packet_bw(4)
06-13 06:36:30.182  2200  4416 D QCALOG  : [LOWIClientListener] computeRttMetrics: 4a:4c:77:**:**:11 RTT Chain_0 Final Mean:100000000.0000 Max:104455667 Min:100000000 Spread:4455667 Stdev:0 median: 100000000
06-13 06:36:30.182  2200  4416 D QCALOG  : [LOWIClientListener] @printWiFiHalNodeResult(): BSSID: 4a:4c:77:**:**:11, timestamp:(26323535000)
06-13 06:36:30.182  2200  4416 D QCALOG  : [LOWIClientListener] @printWiFiHalNodeResult(): measurement_num(0), status(RTT_STATUS_SUCCESS), type(RTT_TYPE_1_SIDED)
06-13 06:36:30.182  2200  4416 I QCALOG  : [LOWIClientListener] printWiFiHalNodeResult: rssi(0), rssi_spread(0), rtt(100000000), rtt_sd(0), rtt_spread(4455667)
06-13 06:36:30.182  2200  4416 D QCALOG  : [LOWIClientListener] @printWiFiHalNodeResult(): tx_rate info: preamble(VHT), nss(2x2), bw(WIFI_CHAN_WIDTH_80P80), mcs_idx(0), bitrate(65)
06-13 06:36:30.182  2200  4416 D QCALOG  : [LOWIClientListener] @printWiFiHalNodeResult(): distance_mm(15000001), distance_spread_mm(668350), distance_sd_mm(0)
06-13 06:36:30.182  2200  4416 D QCALOG  : [LOWIClientListener] @printWiFiHalNodeResult(): frequency(5785), packet_bw(4)
06-13 06:36:30.182  2200  4416 D QCALOG  : [LOWIClientListener] computeRttMetrics: 40:4c:77:**:**:11 RTT Chain_0 Final Mean:100000000.0000 Max:104555667 Min:100000000 Spread:4555667 Stdev:0 median: 100000000
06-13 06:36:30.182  2200  4416 D QCALOG  : [LOWIClientListener] @printWiFiHalNodeResult(): BSSID: 40:4c:77:**:**:11, timestamp:(26323535000)
06-13 06:36:30.182  2200  4416 D QCALOG  : [LOWIClientListener] @printWiFiHalNodeResult(): measurement_num(0), status(RTT_STATUS_SUCCESS), type(RTT_TYPE_1_SIDED)
06-13 06:36:30.182  2200  4416 I QCALOG  : [LOWIClientListener] printWiFiHalNodeResult: rssi(0), rssi_spread(0), rtt(100000000), rtt_sd(0), rtt_spread(4555667)
06-13 06:36:30.182  2200  4416 D QCALOG  : [LOWIClientListener] @printWiFiHalNodeResult(): tx_rate info: preamble(VHT), nss(2x2), bw(WIFI_CHAN_WIDTH_80P80), mcs_idx(0), bitrate(65)
06-13 06:36:30.182  2200  4416 D QCALOG  : [LOWIClientListener] @printWiFiHalNodeResult(): distance_mm(15000001), distance_spread_mm(683350), distance_sd_mm(0)
06-13 06:36:30.182  2200  4416 D QCALOG  : [LOWIClientListener] @printWiFiHalNodeResult(): frequency(5785), packet_bw(4)
06-13 06:36:30.182  2200  4416 D QCALOG  : [LOWIClientListener] computeRttMetrics: f0:09:0d:**:**:01 RTT Chain_0 Final Mean:100000000.0000 Max:103926967 Min:100000000 Spread:3926967 Stdev:0 median: 100000000
06-13 06:36:30.182  2200  4416 D QCALOG  : [LOWIClientListener] @printWiFiHalNodeResult(): BSSID: f0:09:0d:**:**:01, timestamp:(26323535000)
06-13 06:36:30.182  2200  4416 D QCALOG  : [LOWIClientListener] @printWiFiHalNodeResult(): measurement_num(0), status(RTT_STATUS_SUCCESS), type(RTT_TYPE_1_SIDED)
06-13 06:36:30.182  2200  4416 I QCALOG  : [LOWIClientListener] printWiFiHalNodeResult: rssi(0), rssi_spread(0), rtt(100000000), rtt_sd(0), rtt_spread(3926967)
06-13 06:36:30.182  2200  4416 D QCALOG  : [LOWIClientListener] @printWiFiHalNodeResult(): tx_rate info: preamble(VHT), nss(2x2), bw(WIFI_CHAN_WIDTH_80P80), mcs_idx(0), bitrate(65)
06-13 06:36:30.182  2200  4416 D QCALOG  : [LOWIClientListener] @printWiFiHalNodeResult(): distance_mm(15000001), distance_spread_mm(589045), distance_sd_mm(0)
06-13 06:36:30.182  2200  4416 D QCALOG  : [LOWIClientListener] @printWiFiHalNodeResult(): frequency(5220), packet_bw(4)
06-13 06:36:30.182  2200  4416 D QCALOG  : [LOWIClientListener] computeRttMetrics: 60:d8:a4:**:**:9d RTT Chain_0 Final Mean:100000000.0000 Max:103705667 Min:100000000 Spread:3705667 Stdev:0 median: 100000000
06-13 06:36:30.182  2200  4416 D QCALOG  : [LOWIClientListener] @printWiFiHalNodeResult(): BSSID: 60:d8:a4:**:**:9d, timestamp:(26323535000)
06-13 06:36:30.182  2200  4416 D QCALOG  : [LOWIClientListener] @printWiFiHalNodeResult(): measurement_num(0), status(RTT_STATUS_SUCCESS), type(RTT_TYPE_1_SIDED)
06-13 06:36:30.182  2200  4416 I QCALOG  : [LOWIClientListener] printWiFiHalNodeResult: rssi(0), rssi_spread(0), rtt(100000000), rtt_sd(0), rtt_spread(3705667)
06-13 06:36:30.182  2200  4416 D QCALOG  : [LOWIClientListener] @printWiFiHalNodeResult(): tx_rate info: preamble(VHT), nss(2x2), bw(WIFI_CHAN_WIDTH_80P80), mcs_idx(0), bitrate(65)
06-13 06:36:30.182  2200  4416 D QCALOG  : [LOWIClientListener] @printWiFiHalNodeResult(): distance_mm(15000001), distance_spread_mm(555850), distance_sd_mm(0)
06-13 06:36:30.182  2200  4416 D QCALOG  : [LOWIClientListener] @printWiFiHalNodeResult(): frequency(5500), packet_bw(4)
06-13 06:36:30.182  2200  4416 D QCALOG  : [LOWIClientListener] computeRttMetrics: 62:d8:a4:**:**:f9 RTT Chain_0 Final Mean:100000000.0000 Max:103755667 Min:100000000 Spread:3755667 Stdev:0 median: 100000000
06-13 06:36:30.182  2200  4416 D QCALOG  : [LOWIClientListener] @printWiFiHalNodeResult(): BSSID: 62:d8:a4:**:**:f9, timestamp:(26323535000)
06-13 06:36:30.182  2200  4416 D QCALOG  : [LOWIClientListener] @printWiFiHalNodeResult(): measurement_num(0), status(RTT_STATUS_SUCCESS), type(RTT_TYPE_1_SIDED)
06-13 06:36:30.182  2200  4416 I QCALOG  : [LOWIClientListener] printWiFiHalNodeResult: rssi(0), rssi_spread(0), rtt(100000000), rtt_sd(0), rtt_spread(3755667)
06-13 06:36:30.182  2200  4416 D QCALOG  : [LOWIClientListener] @printWiFiHalNodeResult(): tx_rate info: preamble(VHT), nss(2x2), bw(WIFI_CHAN_WIDTH_80P80), mcs_idx(0), bitrate(65)
06-13 06:36:30.182  2200  4416 D QCALOG  : [LOWIClientListener] @printWiFiHalNodeResult(): distance_mm(15000001), distance_spread_mm(563350), distance_sd_mm(0)
06-13 06:36:30.182  2200  4416 D QCALOG  : [LOWIClientListener] @printWiFiHalNodeResult(): frequency(5500), packet_bw(4)
06-13 06:36:30.185  2200  4360 D QCALOG  : [LOWI-WIFIHAL-2.1.1.27] printWiFiHalRequest: Request_id: 1245, numBssids : 6
06-13 06:36:30.186  2200  4360 D QCALOG  : [LOWI-WIFIHAL-2.1.1.27] wifiNodeParamChecking: Request_id: 1245, numBssids : 6
06-13 06:36:30.186  2200  4360 D QCALOG  : [LOWIUtils] requestToOutPostcard - Added a node card to the main card
06-13 06:36:30.186  2200  4360 D QCALOG  : [LOWIUtils] requestToOutPostcard - Added a node card to the main card
06-13 06:36:30.186  2200  4360 D QCALOG  : [LOWIUtils] requestToOutPostcard - Added a node card to the main card
06-13 06:36:30.186  2200  4360 D QCALOG  : [LOWIUtils] requestToOutPostcard - Added a node card to the main card
06-13 06:36:30.186  2200  4360 D QCALOG  : [LOWIUtils] requestToOutPostcard - Added a node card to the main card
06-13 06:36:30.187  2200  4360 D QCALOG  : [LOWIUtils] requestToOutPostcard - Added a node card to the main card
06-13 06:36:30.187  2200  4360 D QCALOG  : [LOWI-WIFIHAL-2.1.1.27] printLowiRequest: Request_id: 247, numBssids: 6
06-13 06:36:30.187  2982  3005 D LOWI-9.0.1.74: [MqClientIpcReciver] FROM: 73fd882c00-LC
06-13 06:36:30.187  2982  3005 D LOWI-9.0.1.74: [MqClientIpcReciver] REQ:  LOWI_PERIODIC_RANGING_SCAN
06-13 06:36:30.187  2982  3005 D LOWI-9.0.1.74: [MqClientIpcReciver] TX-ID:  247
06-13 06:36:30.188  2200  4360 D QCALOG  : [LOWI-WIFIHAL-2.1.1.27] printLowiRequest: freq(5500)MHz, band_center_freq1(5530)MHz, band_center_freq2(0)MHz, rttType(RTT2), bwType(BW_80MHZ), pktsPerMeas(2)
06-13 06:36:30.188  2982  3006 D LOWI-9.0.1.74: [LOWIEventReceiver] handleEvent:FROM:73fd882c00-LC, TO:LOWI-SERVER, REQ:LOWI_PERIODIC_RANGING_SCAN, IREQ:NA, REQ_ID:247, RESP:NA, INFO:NA
06-13 06:36:30.188  2982  3006 I LOWI-9.0.1.74: [LOWIUtils] inPostcardToRequest - FROM: 73fd882c00-LC, TO:   LOWI-SERVER, REQ:  LOWI_PERIODIC_RANGING_SCAN
06-13 06:36:30.188  2982  3006 D LOWI-9.0.1.74: [LOWIUtils] parseRangReqInfo - Request id(247) REQ_TIMEOUT(0) RANGING_SCAN_REPORT_TYPE(2), NUM_OF_NODES(6)
06-13 06:36:30.188  2982  3006 D LOWI-9.0.1.74: [LOWIUtils] parseRangScanParams - 62:d8:a4:**:**:f9 FREQ(5500 - 5530, 0) NODE_TYPE(1) RTT Type(1) BW(2) PREAMBLE(2) PKTS_PER_MEAS(2) RETRIES_PER_MEAS(3) PHYMODE(-1)
06-13 06:36:30.188  2200  4360 D QCALOG  : [LOWI-WIFIHAL-2.1.1.27] printLowiRequest: periodic(0), burstPeriod(0) ms, numBursts(0), numRetries(3)
06-13 06:36:30.188  2200  4360 D QCALOG  : [LOWI-WIFIHAL-2.1.1.27] printLowiRequest: LCI Req(0x1) Civic(0x1) Bursts Exp(0) Burst Duration(9) Burst Period(0)
06-13 06:36:30.188  2200  4360 D QCALOG  : [LOWI-WIFIHAL-2.1.1.27] printLowiRequest: freq(5500)MHz, band_center_freq1(5530)MHz, band_center_freq2(0)MHz, rttType(RTT2), bwType(BW_80MHZ), pktsPerMeas(2)
06-13 06:36:30.188  2200  4360 D QCALOG  : [LOWI-WIFIHAL-2.1.1.27] printLowiRequest: periodic(0), burstPeriod(0) ms, numBursts(0), numRetries(3)
06-13 06:36:30.188  2200  4360 D QCALOG  : [LOWI-WIFIHAL-2.1.1.27] printLowiRequest: LCI Req(0x1) Civic(0x1) Bursts Exp(0) Burst Duration(9) Burst Period(0)
06-13 06:36:30.188  2200  4360 D QCALOG  : [LOWI-WIFIHAL-2.1.1.27] printLowiRequest: freq(5220)MHz, band_center_freq1(5210)MHz, band_center_freq2(5250)MHz, rttType(RTT2), bwType(BW_160MHZ), pktsPerMeas(2)
06-13 06:36:30.188  2200  4360 D QCALOG  : [LOWI-WIFIHAL-2.1.1.27] printLowiRequest: periodic(0), burstPeriod(0) ms, numBursts(0), numRetries(3)
06-13 06:36:30.188  2200  4360 D QCALOG  : [LOWI-WIFIHAL-2.1.1.27] printLowiRequest: LCI Req(0x1) Civic(0x1) Bursts Exp(0) Burst Duration(9) Burst Period(0)
06-13 06:36:30.188  2200  4360 D QCALOG  : [LOWI-WIFIHAL-2.1.1.27] printLowiRequest: freq(5785)MHz, band_center_freq1(5775)MHz, band_center_freq2(0)MHz, rttType(RTT2), bwType(BW_80MHZ), pktsPerMeas(2)
06-13 06:36:30.188  2200  4360 D QCALOG  : [LOWI-WIFIHAL-2.1.1.27] printLowiRequest: periodic(0), burstPeriod(0) ms, numBursts(0), numRetries(3)
06-13 06:36:30.188  2200  4360 D QCALOG  : [LOWI-WIFIHAL-2.1.1.27] printLowiRequest: LCI Req(0x1) Civic(0x1) Bursts Exp(0) Burst Duration(9) Burst Period(0)
06-13 06:36:30.188  2200  4360 D QCALOG  : [LOWI-WIFIHAL-2.1.1.27] printLowiRequest: freq(5785)MHz, band_center_freq1(5775)MHz, band_center_freq2(0)MHz, rttType(RTT2), bwType(BW_80MHZ), pktsPerMeas(2)
06-13 06:36:30.188  2200  4360 D QCALOG  : [LOWI-WIFIHAL-2.1.1.27] printLowiRequest: periodic(0), burstPeriod(0) ms, numBursts(0), numRetries(3)
06-13 06:36:30.188  2200  4360 D QCALOG  : [LOWI-WIFIHAL-2.1.1.27] printLowiRequest: LCI Req(0x1) Civic(0x1) Bursts Exp(0) Burst Duration(9) Burst Period(0)
06-13 06:36:30.188  2200  4360 D QCALOG  : [LOWI-WIFIHAL-2.1.1.27] printLowiRequest: freq(5785)MHz, band_center_freq1(5775)MHz, band_center_freq2(0)MHz, rttType(RTT2), bwType(BW_80MHZ), pktsPerMeas(2)
06-13 06:36:30.188  2200  4360 D QCALOG  : [LOWI-WIFIHAL-2.1.1.27] printLowiRequest: periodic(0), burstPeriod(0) ms, numBursts(0), numRetries(3)
06-13 06:36:30.188  2200  4360 D QCALOG  : [LOWI-WIFIHAL-2.1.1.27] printLowiRequest: LCI Req(0x1) Civic(0x1) Bursts Exp(0) Burst Duration(9) Burst Period(0)
06-13 06:36:30.188  2982  3006 D LOWI-9.0.1.74: [LOWIUtils] parseRangScanParams - isRttBgNode 0 tbPeriodicity 0 tbDuration 0 tbMaxSessionExpiry 0
06-13 06:36:30.188  2982  3006 D LOWI-9.0.1.74: [LOWIUtils] parseRangScanParams -  PERIODIC(0) PERIOD(0) COUNT(0)
06-13 06:36:30.188  2982  3006 D LOWI-9.0.1.74: [LOWIUtils] parseRangScanParams - 60:d8:a4:**:**:9d FREQ(5500 - 5530, 0) NODE_TYPE(1) RTT Type(1) BW(2) PREAMBLE(2) PKTS_PER_MEAS(2) RETRIES_PER_MEAS(3) PHYMODE(-1)
06-13 06:36:30.188  2982  3006 D LOWI-9.0.1.74: [LOWIUtils] parseRangScanParams - isRttBgNode 0 tbPeriodicity 0 tbDuration 0 tbMaxSessionExpiry 0
06-13 06:36:30.188  2982  3006 D LOWI-9.0.1.74: [LOWIUtils] parseRangScanParams -  PERIODIC(0) PERIOD(0) COUNT(0)
06-13 06:36:30.189  2982  3006 D LOWI-9.0.1.74: [LOWIUtils] parseRangScanParams - f0:09:0d:**:**:01 FREQ(5220 - 5210, 5250) NODE_TYPE(1) RTT Type(1) BW(3) PREAMBLE(2) PKTS_PER_MEAS(2) RETRIES_PER_MEAS(3) PHYMODE(-1)
06-13 06:36:30.189  2982  3006 D LOWI-9.0.1.74: [LOWIUtils] parseRangScanParams - isRttBgNode 0 tbPeriodicity 0 tbDuration 0 tbMaxSessionExpiry 0
06-13 06:36:30.189  2982  3006 D LOWI-9.0.1.74: [LOWIUtils] parseRangScanParams -  PERIODIC(0) PERIOD(0) COUNT(0)
06-13 06:36:30.189  2982  3006 D LOWI-9.0.1.74: [LOWIUtils] parseRangScanParams - 40:4c:77:**:**:11 FREQ(5785 - 5775, 0) NODE_TYPE(1) RTT Type(1) BW(2) PREAMBLE(2) PKTS_PER_MEAS(2) RETRIES_PER_MEAS(3) PHYMODE(-1)
06-13 06:36:30.189  2982  3006 D LOWI-9.0.1.74: [LOWIUtils] parseRangScanParams - isRttBgNode 0 tbPeriodicity 0 tbDuration 0 tbMaxSessionExpiry 0
06-13 06:36:30.189  2982  3006 D LOWI-9.0.1.74: [LOWIUtils] parseRangScanParams -  PERIODIC(0) PERIOD(0) COUNT(0)
06-13 06:36:30.190  2982  3006 D LOWI-9.0.1.74: [LOWIUtils] parseRangScanParams - 4a:4c:77:**:**:11 FREQ(5785 - 5775, 0) NODE_TYPE(1) RTT Type(1) BW(2) PREAMBLE(2) PKTS_PER_MEAS(2) RETRIES_PER_MEAS(3) PHYMODE(-1)
06-13 06:36:30.190  2982  3006 D LOWI-9.0.1.74: [LOWIUtils] parseRangScanParams - isRttBgNode 0 tbPeriodicity 0 tbDuration 0 tbMaxSessionExpiry 0
06-13 06:36:30.190  2982  3006 D LOWI-9.0.1.74: [LOWIUtils] parseRangScanParams -  PERIODIC(0) PERIOD(0) COUNT(0)
06-13 06:36:30.190  2982  3006 D LOWI-9.0.1.74: [LOWIUtils] parseRangScanParams - 5a:4c:77:**:**:11 FREQ(5785 - 5775, 0) NODE_TYPE(1) RTT Type(1) BW(2) PREAMBLE(2) PKTS_PER_MEAS(2) RETRIES_PER_MEAS(3) PHYMODE(-1)
06-13 06:36:30.190  2982  3006 D LOWI-9.0.1.74: [LOWIUtils] parseRangScanParams - isRttBgNode 0 tbPeriodicity 0 tbDuration 0 tbMaxSessionExpiry 0
06-13 06:36:30.190  2982  3006 D LOWI-9.0.1.74: [LOWIUtils] parseRangScanParams -  PERIODIC(0) PERIOD(0) COUNT(0)
06-13 06:36:30.190  2982  3006 D LOWI-9.0.1.74: [LOWIController] _process: Request 73fd882c00-LC_247 received, type(PERIODIC_RANGING_SCAN)
06-13 06:36:30.190  2982  3006 D LOWI-9.0.1.74: [LOWIBackgroundScanMgr] isReqForBgScanMgr: PERIODIC_RANGING_SCAN - not handled
06-13 06:36:30.190  2982  3006 D LOWI-9.0.1.74: [LOWIScheduler] manageRequest: Received: PERIODIC_RANGING_SCAN
06-13 06:36:30.191  2982  3006 D LOWI-9.0.1.74: [LOWIScheduler] manageRequest: NumPeriodicNodesInDB(0) DBsize(6) mTimerRunning(0)
06-13 06:36:30.191  2982  3006 D LOWI-9.0.1.74: [LOWIScheduler] ****************************** WiFiNode Database *****************************************************************************************
06-13 06:36:30.191  2982  3006 D LOWI-9.0.1.74: [LOWIScheduler] Num of remaining nodes: 6
06-13 06:36:30.191  2982  3006 D LOWI-9.0.1.74: [LOWIScheduler] BSSID             Freq nodeT rttT  BW     pkts cont period       numMeas perCntr retries retCntr ReqId      schId      nodeState                  
06-13 06:36:30.191  2982  3006 D LOWI-9.0.1.74: [LOWIScheduler] 5a:4c:77:**:**:11 5785 AP    RTT2  BW_80  2    0    0            0       0       3       0       247        0          WIFI_NODE_READY_FOR_REQ    
06-13 06:36:30.191  2982  3006 D LOWI-9.0.1.74: [LOWIScheduler] 4a:4c:77:**:**:11 5785 AP    RTT2  BW_80  2    0    0            0       0       3       0       247        0          WIFI_NODE_READY_FOR_REQ    
06-13 06:36:30.191  2982  3006 D LOWI-9.0.1.74: [LOWIScheduler] 40:4c:77:**:**:11 5785 AP    RTT2  BW_80  2    0    0            0       0       3       0       247        0          WIFI_NODE_READY_FOR_REQ    
06-13 06:36:30.192  2982  3006 D LOWI-9.0.1.74: [LOWIScheduler] f0:09:0d:**:**:01 5220 AP    RTT2  BW_160 2    0    0            0       0       3       0       247        0          WIFI_NODE_READY_FOR_REQ    
06-13 06:36:30.192  2982  3006 D LOWI-9.0.1.74: [LOWIScheduler] 60:d8:a4:**:**:9d 5500 AP    RTT2  BW_80  2    0    0            0       0       3       0       247        0          WIFI_NODE_READY_FOR_REQ    
06-13 06:36:30.192  2982  3006 D LOWI-9.0.1.74: [LOWIScheduler] 62:d8:a4:**:**:f9 5500 AP    RTT2  BW_80  2    0    0            0       0       3       0       247        0          WIFI_NODE_READY_FOR_REQ    
06-13 06:36:30.192  2982  3006 D LOWI-9.0.1.74: [LOWIScheduler] ******************************************************************************************************************************************
06-13 06:36:30.192  2982  3006 D LOWI-9.0.1.74: [LOWIScheduler] setupRequest: nodes in wifi req(6) wigig req(0) bg_nodes req(0)
06-13 06:36:30.192  2982  3006 D LOWI-9.0.1.74: [LOWIScheduler] schReqId: 2982-246
06-13 06:36:30.192  2982  3006 D LOWI-9.0.1.74: [LOWIController] isWifiEnabled: mNlWifiStatus 2 mWifiStateEnabled 1
06-13 06:36:30.192  2982  3006 D LOWI-9.0.1.74: [LOWI-ROME-RTT] RomeUnblockRangingThread
06-13 06:36:30.192  2982  3006 D LOWI-9.0.1.74: [LOWIController] issueRequest: LOWIRequestOriginator_195428598 sent to driver request - SUCCESS
06-13 06:36:30.193  2982  3006 D LOWI-9.0.1.74: [LOWIScheduler] setupRequest: database updated
06-13 06:36:30.193  2982  3006 D LOWI-9.0.1.74: [LOWIScheduler] ****************************** WiFiNode Database *****************************************************************************************
06-13 06:36:30.193  2982  3006 D LOWI-9.0.1.74: [LOWIScheduler] Num of remaining nodes: 6
06-13 06:36:30.193  2982  3006 D LOWI-9.0.1.74: [LOWIScheduler] BSSID             Freq nodeT rttT  BW     pkts cont period       numMeas perCntr retries retCntr ReqId      schId      nodeState                  
06-13 06:36:30.193  2982  3006 D LOWI-9.0.1.74: [LOWIScheduler] 5a:4c:77:**:**:11 5785 AP    RTT2  BW_80  2    0    0            0       0       3       0       247        195428598  WIFI_NODE_MEAS_IN_PROGRESS 
06-13 06:36:30.193  2982  3006 D LOWI-9.0.1.74: [LOWIScheduler] 4a:4c:77:**:**:11 5785 AP    RTT2  BW_80  2    0    0            0       0       3       0       247        195428598  WIFI_NODE_MEAS_IN_PROGRESS 
06-13 06:36:30.193  2982  4414 D LOWI-9.0.1.74: [LOWI-ROME-RTT] RomeWaitOnActivityOnSocketOrPipe: Ranging thread Received string: Close, request socket shutdown 
06-13 06:36:30.194  2982  4414 D LOWI-9.0.1.74: [LOWIRangingFSM] FSM: Received Event EVENT_RANGING_REQ, Current state: STATE_READY_AND_IDLE
06-13 06:36:30.194  2982  4414 I LOWI-9.0.1.74: [LOWIRangingFSM] Skipping TMR check temporarily 
06-13 06:36:30.194  2982  4414 I LOWI-9.0.1.74: [LOWIRangingFSM] PrepareRangingRequest: AP: 5a:4c:77:**:**:11MHz: 5785 freq1: 5775 freq2: 0 BW: 2 phy mode: LOWI_PHY_MODE_11AC_VHT80    Overwrite chanInfo from cache
06-13 06:36:30.194  2982  4414 D LOWI-9.0.1.74: [LOWIRangingHeliumFSM] validChannelBWPreambleCombo: Valid combo: BW(BW_80MHZ) channel(5785:5775) phy mode(LOWI_PHY_MODE_11AC_VHT80) & preamble(RTT_PREAMBLE_VHT) for AP:5a:4c:77:**:**:11
06-13 06:36:30.194  2982  3006 D LOWI-9.0.1.74: [LOWIScheduler] 40:4c:77:**:**:11 5785 AP    RTT2  BW_80  2    0    0            0       0       3       0       247        195428598  WIFI_NODE_MEAS_IN_PROGRESS 
06-13 06:36:30.194  2982  3006 D LOWI-9.0.1.74: [LOWIScheduler] f0:09:0d:**:**:01 5220 AP    RTT2  BW_160 2    0    0            0       0       3       0       247        195428598  WIFI_NODE_MEAS_IN_PROGRESS 
06-13 06:36:30.194  2982  3006 D LOWI-9.0.1.74: [LOWIScheduler] 60:d8:a4:**:**:9d 5500 AP    RTT2  BW_80  2    0    0            0       0       3       0       247        195428598  WIFI_NODE_MEAS_IN_PROGRESS 
06-13 06:36:30.195  2982  4414 I LOWI-9.0.1.74: [LOWIRangingFSM] Skipping TMR check temporarily 
06-13 06:36:30.195  2982  4414 I LOWI-9.0.1.74: [LOWIRangingFSM] PrepareRangingRequest: AP: 4a:4c:77:**:**:11MHz: 5785 freq1: 5775 freq2: 0 BW: 2 phy mode: LOWI_PHY_MODE_11AC_VHT80    Overwrite chanInfo from cache
06-13 06:36:30.195  2982  4414 D LOWI-9.0.1.74: [LOWIRangingHeliumFSM] validChannelBWPreambleCombo: Valid combo: BW(BW_80MHZ) channel(5785:5775) phy mode(LOWI_PHY_MODE_11AC_VHT80) & preamble(RTT_PREAMBLE_VHT) for AP:4a:4c:77:**:**:11
06-13 06:36:30.195  2982  3006 D LOWI-9.0.1.74: [LOWIScheduler] 62:d8:a4:**:**:f9 5500 AP    RTT2  BW_80  2    0    0            0       0       3       0       247        195428598  WIFI_NODE_MEAS_IN_PROGRESS 
06-13 06:36:30.195  2982  3006 D LOWI-9.0.1.74: [LOWIScheduler] ******************************************************************************************************************************************
06-13 06:36:30.195  2982  3006 D LOWI-9.0.1.74: [LOWIController] Scheduler is managing the msg
06-13 06:36:30.195  2982  4414 I LOWI-9.0.1.74: [LOWIRangingFSM] Skipping TMR check temporarily 
06-13 06:36:30.196  2982  4414 I LOWI-9.0.1.74: [LOWIRangingFSM] PrepareRangingRequest: AP: 40:4c:77:**:**:11MHz: 5785 freq1: 5775 freq2: 0 BW: 2 phy mode: LOWI_PHY_MODE_11AC_VHT80    Overwrite chanInfo from cache
06-13 06:36:30.196  2982  4414 D LOWI-9.0.1.74: [LOWIRangingHeliumFSM] validChannelBWPreambleCombo: Valid combo: BW(BW_80MHZ) channel(5785:5775) phy mode(LOWI_PHY_MODE_11AC_VHT80) & preamble(RTT_PREAMBLE_VHT) for AP:40:4c:77:**:**:11
06-13 06:36:30.196  2982  4414 I LOWI-9.0.1.74: [LOWIRangingFSM] Skipping TMR check temporarily 
06-13 06:36:30.196  2982  4414 I LOWI-9.0.1.74: [LOWIRangingFSM] PrepareRangingRequest: AP: f0:09:0d:**:**:01MHz: 5220 freq1: 5210 freq2: 5250 BW: 3 phy mode: LOWI_PHY_MODE_11AX_HE160    Overwrite chanInfo from cache
06-13 06:36:30.196  2982  4414 D LOWI-9.0.1.74: [LOWIRangingHeliumFSM] validChannelBWPreambleCombo: Valid combo: BW(BW_160MHZ) channel(5220:5210) phy mode(LOWI_PHY_MODE_11AX_HE160) & preamble(RTT_PREAMBLE_VHT) for AP:f0:09:0d:**:**:01
06-13 06:36:30.196  2982  4414 I LOWI-9.0.1.74: [LOWIRangingFSM] Skipping TMR check temporarily 
06-13 06:36:30.196  2982  4414 I LOWI-9.0.1.74: [LOWIRangingFSM] PrepareRangingRequest: AP: 60:d8:a4:**:**:9dMHz: 5500 freq1: 5530 freq2: 0 BW: 2 phy mode: LOWI_PHY_MODE_11AC_VHT80    Overwrite chanInfo from cache
06-13 06:36:30.196  2982  4414 D LOWI-9.0.1.74: [LOWIRangingHeliumFSM] validChannelBWPreambleCombo: Valid combo: BW(BW_80MHZ) channel(5500:5530) phy mode(LOWI_PHY_MODE_11AC_VHT80) & preamble(RTT_PREAMBLE_VHT) for AP:60:d8:a4:**:**:9d
06-13 06:36:30.196  2982  4414 I LOWI-9.0.1.74: [LOWIRangingFSM] Skipping TMR check temporarily 
06-13 06:36:30.196  2982  4414 I LOWI-9.0.1.74: [LOWIRangingFSM] PrepareRangingRequest: AP: 62:d8:a4:**:**:f9MHz: 5500 freq1: 5530 freq2: 0 BW: 2 phy mode: LOWI_PHY_MODE_11AC_VHT80    Overwrite chanInfo from cache
06-13 06:36:30.197  2982  4414 D LOWI-9.0.1.74: [LOWIRangingHeliumFSM] validChannelBWPreambleCombo: Valid combo: BW(BW_80MHZ) channel(5500:5530) phy mode(LOWI_PHY_MODE_11AC_VHT80) & preamble(RTT_PREAMBLE_VHT) for AP:62:d8:a4:**:**:f9
06-13 06:36:30.197  2982  4414 D LOWI-9.0.1.74: [LOWIRangingFSM] SendRangingReq: curChIndex: 0, totChs: 3, curAp: 0, totAp: 3
06-13 06:36:30.197  2982  4414 I LOWI-9.0.1.74: [LOWIRangingFSM] SendRangingReq: Starting RTT with 3 APs over 3 channels
06-13 06:36:30.197  2982  4414 D LOWI-9.0.1.74: [LOWIUtils] freqToChBandBit: frequency 5785 channel 157 Band 1
06-13 06:36:30.197  2982  4414 D LOWI-9.0.1.74: [LOWIUtils] freqToChBandBit: frequency 5785 channel 157 Band 1
06-13 06:36:30.197  2982  4414 D LOWI-9.0.1.74: [LOWI-HELIUM-RTT] RomeSendRttReq: PHY Mode(LOWI_PHY_MODE_11AC_VHT80) timeoutPerTarget(50) reportType(RTT_REPORT_AGGREGATE)
06-13 06:36:30.197  2200  4411 I WifiHAL : send_nl_data: sent cld80211 msg of len: 268 to driver
06-13 06:36:30.197  2982  4414 D LOWI-9.0.1.74: [LOWI-ROME-RTT] send_oem_nl_msg: sent cld80211 message with subcmd: 5
06-13 06:36:30.197  2982  4414 D LOWI-9.0.1.74: [LOWIRangingFSM] FSM: New FSM state: STATE_PROCESSING_RANGING_REQ
06-13 06:36:30.197  2982  4414 D LOWI-9.0.1.74: [LOWI-ROME-RTT] RomeWaitOnActivityOnSocketOrPipe: issue timed select: TO: 5 
06-13 06:36:30.243  2200  4411 I WifiHAL : send oem msg of len : 644 to apps
06-13 06:36:30.243  2982  4414 D LOWI-9.0.1.74: [LOWI-ROME-RTT] RomeWaitOnActivityOnSocketOrPipe: timed select over: TO: 5 retVal: 1
06-13 06:36:30.243  2982  4414 D LOWI-9.0.1.74: [LOWI-ROME-RTT] event_handler: Valid data with length 612
06-13 06:36:30.244  2982  4414 D LOWI-9.0.1.74: [LOWI-HELIUM-RTT] storeNLFragment: new fragment group, tokenid(2), adding 604 chars @position 0
06-13 06:36:30.244  2982  4414 D LOWI-9.0.1.74: [LOWI-HELIUM-RTT] RomeNLRecvMessage: The Received OEMSubType: RTT_MSG_SUBTYPE_MEASUREMENT_RSP
06-13 06:36:30.244  2982  4414 D LOWI-9.0.1.74: [LOWI-HELIUM-RTT] RomeNLRecvMessage: The Received RomeMsgType: ROME_RANGING_MEAS_MSG
06-13 06:36:30.244  2982  4414 D LOWI-9.0.1.74: [LOWIRangingFSM] FSM: Received Event EVENT_RANGING_MEAS_RECV, Current state: STATE_PROCESSING_RANGING_REQ
06-13 06:36:30.244  2982  4414 D LOWI-9.0.1.74: [LOWIWifiTlvHandler] processRspHeadTlv: reqId(764) measDone(1) rttStatus(RTT_STATUS_SUCCESS) subtype(RTT_MSG_SUBTYPE_MEASUREMENT_RSP) isFrag(0) fragIdx(0) fragLen(580) tknId(19)
06-13 06:36:30.244  2982  4414 D LOWI-9.0.1.74: [LOWIWifiTlvHandler] checkTlvTag: Processing idx(0) received TLV: wmi_rtt_oem_rsp_head
06-13 06:36:30.244  2982  4414 D LOWI-9.0.1.74: [LOWIWifiTlvHandler] processIfPeerEvtHdrTag: Invalid Tag(33), not added to vector mPeerIdx(0)
06-13 06:36:30.244  2982  4414 D LOWI-9.0.1.74: [LOWIWifiTlvHandler] processIfPerFrmInfoTag: Invalid Tag(33) measurement not added for peer(0)
06-13 06:36:30.244  2982  4414 D LOWI-9.0.1.74: [LOWIWifiTlvHandler] checkTlvTag: Processing idx(1) received TLV: wmi_rtt_oem_measrsp_head
06-13 06:36:30.244  2982  4414 D LOWI-9.0.1.74: [LOWIWifiTlvHandler] processIfPeerEvtHdrTag: Invalid Tag(41), not added to vector mPeerIdx(0)
06-13 06:36:30.244  2982  4414 D LOWI-9.0.1.74: [LOWIWifiTlvHandler] processIfPerFrmInfoTag: Invalid Tag(41) measurement not added for peer(0)
06-13 06:36:30.244  2982  4414 D LOWI-9.0.1.74: [LOWIWifiTlvHandler] checkTlvTag: Processing idx(2) received TLV: loop_start
06-13 06:36:30.244  2982  4414 D LOWI-9.0.1.74: [LOWIWifiTlvHandler] processIfPeerEvtHdrTag: Invalid Tag(16), not added to vector mPeerIdx(0)
06-13 06:36:30.244  2982  4414 D LOWI-9.0.1.74: [LOWIWifiTlvHandler] processIfPerFrmInfoTag: Invalid Tag(16) measurement not added for peer(0)
06-13 06:36:30.244  2982  4414 D LOWI-9.0.1.74: [LOWIWifiTlvHandler] checkTlvTag: Processing idx(3) received TLV: wmi_rtt_oem_per_peer_event_hdr
06-13 06:36:30.244  2982  4414 D LOWI-9.0.1.74: [LOWIWifiTlvHandler] processIfPerFrmInfoTag: Invalid Tag(42) measurement not added for peer(0)
06-13 06:36:30.244  2982  4414 D LOWI-9.0.1.74: [LOWIWifiTlvHandler] checkTlvTag: Processing idx(4) received TLV: WMIRTT_TLV_TAG_ARRAY_UINT8
06-13 06:36:30.244  2982  4414 D LOWI-9.0.1.74: [LOWIWifiTlvHandler] processIfPeerEvtHdrTag: Invalid Tag(18), not added to vector mPeerIdx(0)
06-13 06:36:30.245  2982  4414 D LOWI-9.0.1.74: [LOWIWifiTlvHandler] processIfPerFrmInfoTag: Invalid Tag(18) measurement not added for peer(0)
06-13 06:36:30.245  2982  4414 D LOWI-9.0.1.74: [LOWIWifiTlvHandler] checkTlvTag: Processing idx(5) received TLV: loop_start
06-13 06:36:30.245  2982  4414 D LOWI-9.0.1.74: [LOWIWifiTlvHandler] processIfPeerEvtHdrTag: Invalid Tag(16), not added to vector mPeerIdx(0)
06-13 06:36:30.245  2982  4414 D LOWI-9.0.1.74: [LOWIWifiTlvHandler] processIfPerFrmInfoTag: Invalid Tag(16) measurement not added for peer(0)
06-13 06:36:30.245  2982  4414 D LOWI-9.0.1.74: [LOWIWifiTlvHandler] checkTlvTag: Processing idx(6) received TLV: wmi_rtt_oem_per_frame_info
06-13 06:36:30.245  2982  4414 D LOWI-9.0.1.74: [LOWIWifiTlvHandler] processIfPeerEvtHdrTag: Invalid Tag(43), not added to vector mPeerIdx(0)
06-13 06:36:30.245  2982  4414 D LOWI-9.0.1.74: [LOWIWifiTlvHandler] checkTlvTag: Processing idx(7) received unexpected but valid TLV(loop_end), going to idx(6)
06-13 06:36:30.245  2982  4414 D LOWI-9.0.1.74: [LOWIWifiTlvHandler] checkTlvTag: Processing idx(6) received TLV: wmi_rtt_oem_per_frame_info
06-13 06:36:30.245  2982  4414 D LOWI-9.0.1.74: [LOWIWifiTlvHandler] processIfPeerEvtHdrTag: Invalid Tag(43), not added to vector mPeerIdx(0)
06-13 06:36:30.245  2982  4414 D LOWI-9.0.1.74: [LOWIWifiTlvHandler] checkTlvTag: Processing idx(7) received TLV: loop_end
06-13 06:36:30.245  2982  4414 D LOWI-9.0.1.74: [LOWIWifiTlvHandler] processIfPeerEvtHdrTag: Invalid Tag(17), not added to vector mPeerIdx(0)
06-13 06:36:30.245  2982  4414 D LOWI-9.0.1.74: [LOWIWifiTlvHandler] processIfPerFrmInfoTag: Invalid Tag(17) measurement not added for peer(0)
06-13 06:36:30.245  2982  4414 D LOWI-9.0.1.74: [LOWIWifiTlvHandler] checkTlvTag: Processing idx(8) received unexpected but valid TLV(loop_end), going to idx(3)
06-13 06:36:30.245  2982  4414 D LOWI-9.0.1.74: [LOWIWifiTlvHandler] checkTlvTag: Processing idx(3) received TLV: wmi_rtt_oem_per_peer_event_hdr
06-13 06:36:30.245  2982  4414 D LOWI-9.0.1.74: [LOWIWifiTlvHandler] processIfPerFrmInfoTag: Invalid Tag(42) measurement not added for peer(1)
06-13 06:36:30.245  2982  4414 D LOWI-9.0.1.74: [LOWIWifiTlvHandler] checkTlvTag: Processing idx(4) received TLV: WMIRTT_TLV_TAG_ARRAY_UINT8
06-13 06:36:30.245  2982  4414 D LOWI-9.0.1.74: [LOWIWifiTlvHandler] processIfPeerEvtHdrTag: Invalid Tag(18), not added to vector mPeerIdx(1)
06-13 06:36:30.245  2982  4414 D LOWI-9.0.1.74: [LOWIWifiTlvHandler] processIfPerFrmInfoTag: Invalid Tag(18) measurement not added for peer(1)
06-13 06:36:30.245  2982  4414 D LOWI-9.0.1.74: [LOWIWifiTlvHandler] checkTlvTag: Processing idx(5) received TLV: loop_start
06-13 06:36:30.245  2982  4414 D LOWI-9.0.1.74: [LOWIWifiTlvHandler] processIfPeerEvtHdrTag: Invalid Tag(16), not added to vector mPeerIdx(1)
06-13 06:36:30.246  2982  4414 D LOWI-9.0.1.74: [LOWIWifiTlvHandler] processIfPerFrmInfoTag: Invalid Tag(16) measurement not added for peer(1)
06-13 06:36:30.246  2982  4414 D LOWI-9.0.1.74: [LOWIWifiTlvHandler] checkTlvTag: Processing idx(6) received TLV: wmi_rtt_oem_per_frame_info
06-13 06:36:30.246  2982  4414 D LOWI-9.0.1.74: [LOWIWifiTlvHandler] processIfPeerEvtHdrTag: Invalid Tag(43), not added to vector mPeerIdx(1)
06-13 06:36:30.246  2982  4414 D LOWI-9.0.1.74: [LOWIWifiTlvHandler] checkTlvTag: Processing idx(7) received unexpected but valid TLV(loop_end), going to idx(6)
06-13 06:36:30.246  2982  4414 D LOWI-9.0.1.74: [LOWIWifiTlvHandler] checkTlvTag: Processing idx(6) received TLV: wmi_rtt_oem_per_frame_info
06-13 06:36:30.246  2982  4414 D LOWI-9.0.1.74: [LOWIWifiTlvHandler] processIfPeerEvtHdrTag: Invalid Tag(43), not added to vector mPeerIdx(1)
06-13 06:36:30.246  2982  4414 D LOWI-9.0.1.74: [LOWIWifiTlvHandler] checkTlvTag: Processing idx(7) received TLV: loop_end
06-13 06:36:30.246  2982  4414 D LOWI-9.0.1.74: [LOWIWifiTlvHandler] processIfPeerEvtHdrTag: Invalid Tag(17), not added to vector mPeerIdx(1)
06-13 06:36:30.246  2982  4414 D LOWI-9.0.1.74: [LOWIWifiTlvHandler] processIfPerFrmInfoTag: Invalid Tag(17) measurement not added for peer(1)
06-13 06:36:30.246  2982  4414 D LOWI-9.0.1.74: [LOWIWifiTlvHandler] checkTlvTag: Processing idx(8) received unexpected but valid TLV(loop_end), going to idx(3)
06-13 06:36:30.246  2982  4414 D LOWI-9.0.1.74: [LOWIWifiTlvHandler] checkTlvTag: Processing idx(3) received TLV: wmi_rtt_oem_per_peer_event_hdr
06-13 06:36:30.246  2982  4414 D LOWI-9.0.1.74: [LOWIWifiTlvHandler] processIfPerFrmInfoTag: Invalid Tag(42) measurement not added for peer(2)
06-13 06:36:30.246  2982  4414 D LOWI-9.0.1.74: [LOWIWifiTlvHandler] checkTlvTag: Processing idx(4) received TLV: WMIRTT_TLV_TAG_ARRAY_UINT8
06-13 06:36:30.246  2982  4414 D LOWI-9.0.1.74: [LOWIWifiTlvHandler] processIfPeerEvtHdrTag: Invalid Tag(18), not added to vector mPeerIdx(2)
06-13 06:36:30.246  2982  4414 D LOWI-9.0.1.74: [LOWIWifiTlvHandler] processIfPerFrmInfoTag: Invalid Tag(18) measurement not added for peer(2)
06-13 06:36:30.246  2982  4414 D LOWI-9.0.1.74: [LOWIWifiTlvHandler] checkTlvTag: Processing idx(5) received TLV: loop_start
06-13 06:36:30.246  2982  4414 D LOWI-9.0.1.74: [LOWIWifiTlvHandler] processIfPeerEvtHdrTag: Invalid Tag(16), not added to vector mPeerIdx(2)
06-13 06:36:30.246  2982  4414 D LOWI-9.0.1.74: [LOWIWifiTlvHandler] processIfPerFrmInfoTag: Invalid Tag(16) measurement not added for peer(2)
06-13 06:36:30.246  2982  4414 D LOWI-9.0.1.74: [LOWIWifiTlvHandler] checkTlvTag: Processing idx(6) received TLV: wmi_rtt_oem_per_frame_info
06-13 06:36:30.246  2982  4414 D LOWI-9.0.1.74: [LOWIWifiTlvHandler] processIfPeerEvtHdrTag: Invalid Tag(43), not added to vector mPeerIdx(2)
06-13 06:36:30.247  2982  4414 D LOWI-9.0.1.74: [LOWIWifiTlvHandler] checkTlvTag: Processing idx(7) received unexpected but valid TLV(loop_end), going to idx(6)
06-13 06:36:30.247  2982  4414 D LOWI-9.0.1.74: [LOWIWifiTlvHandler] checkTlvTag: Processing idx(6) received TLV: wmi_rtt_oem_per_frame_info
06-13 06:36:30.247  2982  4414 D LOWI-9.0.1.74: [LOWIWifiTlvHandler] processIfPeerEvtHdrTag: Invalid Tag(43), not added to vector mPeerIdx(2)
06-13 06:36:30.247  2982  4414 D LOWI-9.0.1.74: [LOWIWifiTlvHandler] checkTlvTag: Processing idx(7) received TLV: loop_end
06-13 06:36:30.247  2982  4414 D LOWI-9.0.1.74: [LOWIWifiTlvHandler] processIfPeerEvtHdrTag: Invalid Tag(17), not added to vector mPeerIdx(2)
06-13 06:36:30.247  2982  4414 D LOWI-9.0.1.74: [LOWIWifiTlvHandler] processIfPerFrmInfoTag: Invalid Tag(17) measurement not added for peer(2)
06-13 06:36:30.247  2982  4414 D LOWI-9.0.1.74: [LOWIWifiTlvHandler] checkTlvTag: Processing idx(8) received TLV: loop_end
06-13 06:36:30.247  2982  4414 D LOWI-9.0.1.74: [LOWIWifiTlvHandler] processIfLoopEndTag: mPeerLs(0)...peer list ends
06-13 06:36:30.247  2982  4414 D LOWI-9.0.1.74: [LOWIWifiTlvHandler] processIfPeerEvtHdrTag: Invalid Tag(17), not added to vector mPeerIdx(2)
06-13 06:36:30.247  2982  4414 D LOWI-9.0.1.74: [LOWIWifiTlvHandler] processIfPerFrmInfoTag: Invalid Tag(17) measurement not added for peer(2)
06-13 06:36:30.247  2982  4414 D LOWI-9.0.1.74: [LOWIWifiTlvHandler] printBssidInfo: Peer 0 of 3,  numMeas = 2
06-13 06:36:30.247  2982  4414 D LOWI-9.0.1.74: [LOWIWifiTlvHandler] printBssidInfo: Peer 1 of 3,  numMeas = 2
06-13 06:36:30.247  2982  4414 D LOWI-9.0.1.74: [LOWIWifiTlvHandler] printBssidInfo: Peer 2 of 3,  numMeas = 2
06-13 06:36:30.247  2982  4414 D LOWI-9.0.1.74: [LOWI-HELIUM-RTT] printMeasRspHeadInfo: info(0x300002) channel_info(0x1699) rprtType(2) rttMeasType(0) rprtStatusV3(0) tmStart(0) numAPs(3) destMac(00:00:00:**:**:00) channelInfo(5785)
06-13 06:36:30.247  2982  4414 D LOWI-9.0.1.74: [LOWI-HELIUM-RTT] printPerPeerInfo: peerMac(5a:4c:77:**:**:11) burstIdx(0) numIEs(0) numMeasThisAP(2)rttMeasType(1) isQtiPeer(0) tmrSubType(0) isLastRespForPeer (0) securityMode(0) numFrmAttempted(2) actualBurstDur(8) actualNumFrmPerBur(2) actualBurstExp(0) retryAfterDur(0) measStartTSF(716187657) control(0x102) result_info_1(0x80002)result_info_2(0x2) result_info_3(0x0) measStartTSF_field(0x2ab02809)
06-13 06:36:30.247  2982  4414 D LOWI-9.0.1.74: [LOWI-HELIUM-RTT] printPerPeerInfo: 11az params: i2r_lmr_feedback:0 ranging_priority:0 r2i_toa_type:0 i2r_toa_type:0 format_and_bw:0 imdt_r2i_feedback:0 imdt_i2r_feedback:0 max_i2r_repetition:0 max_r2i_repetition:0 device_class:0 full_bw_ul_mumimo:0 max_r2i_sts_le_80mhz:0 max_r2i_sts_gr_80mhz:0 max_r2i_ltf_total:0 max_i2r_sts_le_80mhz:0 max_i2r_sts_gr_80mhz:0 max_i2r_ltf_total:0 min_time_between_measurements:0 tb_max_session_expiry 0
06-13 06:36:30.247  2982  4414 D LOWI-9.0.1.74: [LOWI-P2P-RTT] p2pIsStored: Bad inputs
06-13 06:36:30.247  2982  4414 D LOWI-9.0.1.74: [LOWI-HELIUM-RTT] printPerFrameInfo: tx_rate_info1(0x10003) tx_rate_info2(0x41) rx_rate_info1(0x30000) rx_rate_info2(0x41) max_tod_toa_error(0x0)
06-13 06:36:30.248  2982  4414 D LOWI-9.0.1.74: [LOWI-HELIUM-RTT] printPerFrameInfo: rssi(1684300900) T1.time32(0x0) T1.time0(0x0) T2.time32(0x0) T2.time0(0x0) T3_del(0x0) T4_del(0x639f042) txPreamble(0x3) txBw(0x0) txRateMcsIdx(0x0)txSTS(0x0) txNREP(0x0) txBitRate(0x41) rxPreamble(0x0) rxBw(0x0) invalidFACBit(0x0) rxRateMcsIdx(0x0) rxBitRate(0x41) chainMask(0x3) maxTodError(0x0)maxToaError(0x0) useTxChainNo(0x1) useRxChainNo(0x0) rxSTS(0x0) rxNREP(0x0) r2iNDPIntegrityCheck(0x0)
06-13 06:36:30.248  2982  4414 D LOWI-9.0.1.74: [LOWI-HELIUM-RTT] processPerFrameInfo: RTT V2 Performed - Raw RSSI(0x0), toa - tod = 0x639f042(pre-offset), RTT(104460354 psecs), RSSI(0) 
06-13 06:36:30.248  2982  4414 D LOWI-9.0.1.74: [LOWI-HELIUM-RTT] printPerFrameInfo: tx_rate_info1(0x10003) tx_rate_info2(0x41) rx_rate_info1(0x30000) rx_rate_info2(0x41) max_tod_toa_error(0x0)
06-13 06:36:30.248  2982  4414 D LOWI-9.0.1.74: [LOWI-HELIUM-RTT] printPerFrameInfo: rssi(1684300900) T1.time32(0x0) T1.time0(0x0) T2.time32(0x0) T2.time0(0x0) T3_del(0x0) T4_del(0x639f65d) txPreamble(0x3) txBw(0x0) txRateMcsIdx(0x0)txSTS(0x0) txNREP(0x0) txBitRate(0x41) rxPreamble(0x0) rxBw(0x0) invalidFACBit(0x0) rxRateMcsIdx(0x0) rxBitRate(0x41) chainMask(0x3) maxTodError(0x0)maxToaError(0x0) useTxChainNo(0x1) useRxChainNo(0x0) rxSTS(0x0) rxNREP(0x0) r2iNDPIntegrityCheck(0x0)
06-13 06:36:30.248  2982  4414 D LOWI-9.0.1.74: [LOWI-HELIUM-RTT] processPerFrameInfo: RTT V2 Performed - Raw RSSI(0x0), toa - tod = 0x639f65d(pre-offset), RTT(104461917 psecs), RSSI(0) 
06-13 06:36:30.248  2982  4414 D LOWI-9.0.1.74: [LOWI-HELIUM-RTT] printPerPeerInfo: peerMac(4a:4c:77:**:**:11) burstIdx(0) numIEs(0) numMeasThisAP(2)rttMeasType(1) isQtiPeer(0) tmrSubType(0) isLastRespForPeer (0) securityMode(0) numFrmAttempted(2) actualBurstDur(4) actualNumFrmPerBur(2) actualBurstExp(0) retryAfterDur(0) measStartTSF(716187657) control(0x102) result_info_1(0x40002)result_info_2(0x2) result_info_3(0x0) measStartTSF_field(0x2ab02809)
06-13 06:36:30.248  2982  4414 D LOWI-9.0.1.74: [LOWI-HELIUM-RTT] printPerPeerInfo: 11az params: i2r_lmr_feedback:0 ranging_priority:0 r2i_toa_type:0 i2r_toa_type:0 format_and_bw:0 imdt_r2i_feedback:0 imdt_i2r_feedback:0 max_i2r_repetition:0 max_r2i_repetition:0 device_class:0 full_bw_ul_mumimo:0 max_r2i_sts_le_80mhz:0 max_r2i_sts_gr_80mhz:0 max_r2i_ltf_total:0 max_i2r_sts_le_80mhz:0 max_i2r_sts_gr_80mhz:0 max_i2r_ltf_total:0 min_time_between_measurements:0 tb_max_session_expiry 0
06-13 06:36:30.248  2982  4414 D LOWI-9.0.1.74: [LOWI-P2P-RTT] p2pIsStored: Bad inputs
06-13 06:36:30.248  2982  4414 D LOWI-9.0.1.74: [LOWI-HELIUM-RTT] printPerFrameInfo: tx_rate_info1(0x10003) tx_rate_info2(0x41) rx_rate_info1(0x30000) rx_rate_info2(0x41) max_tod_toa_error(0x0)
06-13 06:36:30.248  2982  4414 D LOWI-9.0.1.74: [LOWI-HELIUM-RTT] printPerFrameInfo: rssi(1684300900) T1.time32(0x0) T1.time0(0x0) T2.time32(0x0) T2.time0(0x0) T3_del(0x0) T4_del(0x63f4a7f) txPreamble(0x3) txBw(0x0) txRateMcsIdx(0x0)txSTS(0x0) txNREP(0x0) txBitRate(0x41) rxPreamble(0x0) rxBw(0x0) invalidFACBit(0x0) rxRateMcsIdx(0x0) rxBitRate(0x41) chainMask(0x3) maxTodError(0x0)maxToaError(0x0) useTxChainNo(0x1) useRxChainNo(0x0) rxSTS(0x0) rxNREP(0x0) r2iNDPIntegrityCheck(0x0)
06-13 06:36:30.248  2982  4414 D LOWI-9.0.1.74: [LOWI-HELIUM-RTT] processPerFrameInfo: RTT V2 Performed - Raw RSSI(0x0), toa - tod = 0x63f4a7f(pre-offset), RTT(104811135 psecs), RSSI(0) 
06-13 06:36:30.248  2982  4414 D LOWI-9.0.1.74: [LOWI-HELIUM-RTT] printPerFrameInfo: tx_rate_info1(0x10003) tx_rate_info2(0x41) rx_rate_info1(0x30000) rx_rate_info2(0x41) max_tod_toa_error(0x0)
06-13 06:36:30.248  2982  4414 D LOWI-9.0.1.74: [LOWI-HELIUM-RTT] printPerFrameInfo: rssi(1684300900) T1.time32(0x0) T1.time0(0x0) T2.time32(0x0) T2.time0(0x0) T3_del(0x0) T4_del(0x63a4edd) txPreamble(0x3) txBw(0x0) txRateMcsIdx(0x0)txSTS(0x0) txNREP(0x0) txBitRate(0x41) rxPreamble(0x0) rxBw(0x0) invalidFACBit(0x0) rxRateMcsIdx(0x0) rxBitRate(0x41) chainMask(0x3) maxTodError(0x0)maxToaError(0x0) useTxChainNo(0x1) useRxChainNo(0x0) rxSTS(0x0) rxNREP(0x0) r2iNDPIntegrityCheck(0x0)
06-13 06:36:30.248  2982  4414 D LOWI-9.0.1.74: [LOWI-HELIUM-RTT] processPerFrameInfo: RTT V2 Performed - Raw RSSI(0x0), toa - tod = 0x63a4edd(pre-offset), RTT(104484573 psecs), RSSI(0) 
06-13 06:36:30.248  2982  4414 D LOWI-9.0.1.74: [LOWI-HELIUM-RTT] printPerPeerInfo: peerMac(40:4c:77:**:**:11) burstIdx(0) numIEs(0) numMeasThisAP(2)rttMeasType(1) isQtiPeer(0) tmrSubType(0) isLastRespForPeer (0) securityMode(0) numFrmAttempted(2) actualBurstDur(4) actualNumFrmPerBur(2) actualBurstExp(0) retryAfterDur(0) measStartTSF(716187657) control(0x102) result_info_1(0x40002)result_info_2(0x2) result_info_3(0x0) measStartTSF_field(0x2ab02809)
06-13 06:36:30.248  2982  4414 D LOWI-9.0.1.74: [LOWI-HELIUM-RTT] printPerPeerInfo: 11az params: i2r_lmr_feedback:0 ranging_priority:0 r2i_toa_type:0 i2r_toa_type:0 format_and_bw:0 imdt_r2i_feedback:0 imdt_i2r_feedback:0 max_i2r_repetition:0 max_r2i_repetition:0 device_class:0 full_bw_ul_mumimo:0 max_r2i_sts_le_80mhz:0 max_r2i_sts_gr_80mhz:0 max_r2i_ltf_total:0 max_i2r_sts_le_80mhz:0 max_i2r_sts_gr_80mhz:0 max_i2r_ltf_total:0 min_time_between_measurements:0 tb_max_session_expiry 0
06-13 06:36:30.248  2982  4414 D LOWI-9.0.1.74: [LOWI-P2P-RTT] p2pIsStored: Bad inputs
06-13 06:36:30.248  2982  4414 D LOWI-9.0.1.74: [LOWI-HELIUM-RTT] printPerFrameInfo: tx_rate_info1(0x10003) tx_rate_info2(0x41) rx_rate_info1(0x30000) rx_rate_info2(0x41) max_tod_toa_error(0x0)
06-13 06:36:30.249  2982  4414 D LOWI-9.0.1.74: [LOWI-HELIUM-RTT] printPerFrameInfo: rssi(1684300900) T1.time32(0x0) T1.time0(0x0) T2.time32(0x0) T2.time0(0x0) T3_del(0x0) T4_del(0x63a45b5) txPreamble(0x3) txBw(0x0) txRateMcsIdx(0x0)txSTS(0x0) txNREP(0x0) txBitRate(0x41) rxPreamble(0x0) rxBw(0x0) invalidFACBit(0x0) rxRateMcsIdx(0x0) rxBitRate(0x41) chainMask(0x3) maxTodError(0x0)maxToaError(0x0) useTxChainNo(0x1) useRxChainNo(0x0) rxSTS(0x0) rxNREP(0x0) r2iNDPIntegrityCheck(0x0)
06-13 06:36:30.249  2982  4414 D LOWI-9.0.1.74: [LOWI-HELIUM-RTT] processPerFrameInfo: RTT V2 Performed - Raw RSSI(0x0), toa - tod = 0x63a45b5(pre-offset), RTT(104482229 psecs), RSSI(0) 
06-13 06:36:30.249  2982  4414 D LOWI-9.0.1.74: [LOWI-HELIUM-RTT] printPerFrameInfo: tx_rate_info1(0x10003) tx_rate_info2(0x41) rx_rate_info1(0x30000) rx_rate_info2(0x41) max_tod_toa_error(0x0)
06-13 06:36:30.249  2982  4414 D LOWI-9.0.1.74: [LOWI-HELIUM-RTT] printPerFrameInfo: rssi(1684300900) T1.time32(0x0) T1.time0(0x0) T2.time32(0x0) T2.time0(0x0) T3_del(0x0) T4_del(0x63aa143) txPreamble(0x3) txBw(0x0) txRateMcsIdx(0x0)txSTS(0x0) txNREP(0x0) txBitRate(0x41) rxPreamble(0x0) rxBw(0x0) invalidFACBit(0x0) rxRateMcsIdx(0x0) rxBitRate(0x41) chainMask(0x3) maxTodError(0x0)maxToaError(0x0) useTxChainNo(0x1) useRxChainNo(0x0) rxSTS(0x0) rxNREP(0x0) r2iNDPIntegrityCheck(0x0)
06-13 06:36:30.249  2982  4414 D LOWI-9.0.1.74: [LOWI-HELIUM-RTT] processPerFrameInfo: RTT V2 Performed - Raw RSSI(0x0), toa - tod = 0x63aa143(pre-offset), RTT(104505667 psecs), RSSI(0) 
06-13 06:36:30.249  2982  4414 I LOWI-9.0.1.74: [LOWIRangingHeliumFSM] SendReqToFwOrRespToUser: All ranging measurements completed.Send response to client
06-13 06:36:30.249  2982  4414 D LOWI-9.0.1.74: [LOWIRangingFSM] SendRangingReq: curChIndex: 1, totChs: 3, curAp: 0, totAp: 1
06-13 06:36:30.249  2982  4414 D LOWI-9.0.1.74: [LOWIUtils] freqToChBandBit: frequency 5220 channel 44 Band 1
06-13 06:36:30.249  2982  4414 D LOWI-9.0.1.74: [LOWIUtils] freqToChBandBit: frequency 5220 channel 44 Band 1
06-13 06:36:30.249  2982  4414 D LOWI-9.0.1.74: [LOWI-HELIUM-RTT] RomeSendRttReq: PHY Mode(LOWI_PHY_MODE_11AX_HE160) timeoutPerTarget(50) reportType(RTT_REPORT_AGGREGATE)
06-13 06:36:30.249  2200  4411 I WifiHAL : send_nl_data: sent cld80211 msg of len: 164 to driver
06-13 06:36:30.250  2982  4414 D LOWI-9.0.1.74: [LOWI-ROME-RTT] send_oem_nl_msg: sent cld80211 message with subcmd: 5
06-13 06:36:30.250  2982  4414 D LOWI-9.0.1.74: [LOWIRangingFSM] FSM: New FSM state: STATE_PROCESSING_RANGING_REQ
06-13 06:36:30.250  2982  4414 D LOWI-9.0.1.74: [LOWI-ROME-RTT] RomeWaitOnActivityOnSocketOrPipe: issue timed select: TO: 5 
06-13 06:36:30.290  2200  4411 I WifiHAL : send oem msg of len : 276 to apps
06-13 06:36:30.290  2982  4414 D LOWI-9.0.1.74: [LOWI-ROME-RTT] RomeWaitOnActivityOnSocketOrPipe: timed select over: TO: 5 retVal: 1
06-13 06:36:30.290  2982  4414 D LOWI-9.0.1.74: [LOWI-ROME-RTT] event_handler: Valid data with length 244
06-13 06:36:30.290  2982  4414 D LOWI-9.0.1.74: [LOWI-HELIUM-RTT] storeNLFragment: new fragment group, tokenid(2), adding 236 chars @position 0
06-13 06:36:30.290  2982  4414 D LOWI-9.0.1.74: [LOWI-HELIUM-RTT] RomeNLRecvMessage: The Received OEMSubType: RTT_MSG_SUBTYPE_MEASUREMENT_RSP
06-13 06:36:30.291  2982  4414 D LOWI-9.0.1.74: [LOWI-HELIUM-RTT] RomeNLRecvMessage: The Received RomeMsgType: ROME_RANGING_MEAS_MSG
06-13 06:36:30.291  2982  4414 D LOWI-9.0.1.74: [LOWIRangingFSM] FSM: Received Event EVENT_RANGING_MEAS_RECV, Current state: STATE_PROCESSING_RANGING_REQ
06-13 06:36:30.291  2982  4414 D LOWI-9.0.1.74: [LOWIWifiTlvHandler] processRspHeadTlv: reqId(765) measDone(1) rttStatus(RTT_STATUS_SUCCESS) subtype(RTT_MSG_SUBTYPE_MEASUREMENT_RSP) isFrag(0) fragIdx(0) fragLen(212) tknId(20)
06-13 06:36:30.291  2982  4414 D LOWI-9.0.1.74: [LOWIWifiTlvHandler] checkTlvTag: Processing idx(0) received TLV: wmi_rtt_oem_rsp_head
06-13 06:36:30.291  2982  4414 D LOWI-9.0.1.74: [LOWIWifiTlvHandler] processIfPeerEvtHdrTag: Invalid Tag(33), not added to vector mPeerIdx(0)
06-13 06:36:30.291  2982  4414 D LOWI-9.0.1.74: [LOWIWifiTlvHandler] processIfPerFrmInfoTag: Invalid Tag(33) measurement not added for peer(0)
06-13 06:36:30.291  2982  4414 D LOWI-9.0.1.74: [LOWIWifiTlvHandler] checkTlvTag: Processing idx(1) received TLV: wmi_rtt_oem_measrsp_head
06-13 06:36:30.291  2982  4414 D LOWI-9.0.1.74: [LOWIWifiTlvHandler] processIfPeerEvtHdrTag: Invalid Tag(41), not added to vector mPeerIdx(0)
06-13 06:36:30.291  2982  4414 D LOWI-9.0.1.74: [LOWIWifiTlvHandler] processIfPerFrmInfoTag: Invalid Tag(41) measurement not added for peer(0)
06-13 06:36:30.291  2982  4414 D LOWI-9.0.1.74: [LOWIWifiTlvHandler] checkTlvTag: Processing idx(2) received TLV: loop_start
06-13 06:36:30.291  2982  4414 D LOWI-9.0.1.74: [LOWIWifiTlvHandler] processIfPeerEvtHdrTag: Invalid Tag(16), not added to vector mPeerIdx(0)
06-13 06:36:30.291  2982  4414 D LOWI-9.0.1.74: [LOWIWifiTlvHandler] processIfPerFrmInfoTag: Invalid Tag(16) measurement not added for peer(0)
06-13 06:36:30.291  2982  4414 D LOWI-9.0.1.74: [LOWIWifiTlvHandler] checkTlvTag: Processing idx(3) received TLV: wmi_rtt_oem_per_peer_event_hdr
06-13 06:36:30.291  2982  4414 D LOWI-9.0.1.74: [LOWIWifiTlvHandler] processIfPerFrmInfoTag: Invalid Tag(42) measurement not added for peer(0)
06-13 06:36:30.291  2982  4414 D LOWI-9.0.1.74: [LOWIWifiTlvHandler] checkTlvTag: Processing idx(4) received TLV: WMIRTT_TLV_TAG_ARRAY_UINT8
06-13 06:36:30.291  2982  4414 D LOWI-9.0.1.74: [LOWIWifiTlvHandler] processIfPeerEvtHdrTag: Invalid Tag(18), not added to vector mPeerIdx(0)
06-13 06:36:30.291  2982  4414 D LOWI-9.0.1.74: [LOWIWifiTlvHandler] processIfPerFrmInfoTag: Invalid Tag(18) measurement not added for peer(0)
06-13 06:36:30.291  2982  4414 D LOWI-9.0.1.74: [LOWIWifiTlvHandler] checkTlvTag: Processing idx(5) received TLV: loop_start
06-13 06:36:30.291  2982  4414 D LOWI-9.0.1.74: [LOWIWifiTlvHandler] processIfPeerEvtHdrTag: Invalid Tag(16), not added to vector mPeerIdx(0)
06-13 06:36:30.291  2982  4414 D LOWI-9.0.1.74: [LOWIWifiTlvHandler] processIfPerFrmInfoTag: Invalid Tag(16) measurement not added for peer(0)
06-13 06:36:30.291  2982  4414 D LOWI-9.0.1.74: [LOWIWifiTlvHandler] checkTlvTag: Processing idx(6) received TLV: wmi_rtt_oem_per_frame_info
06-13 06:36:30.291  2982  4414 D LOWI-9.0.1.74: [LOWIWifiTlvHandler] processIfPeerEvtHdrTag: Invalid Tag(43), not added to vector mPeerIdx(0)
06-13 06:36:30.291  2982  4414 D LOWI-9.0.1.74: [LOWIWifiTlvHandler] checkTlvTag: Processing idx(7) received unexpected but valid TLV(loop_end), going to idx(6)
06-13 06:36:30.291  2982  4414 D LOWI-9.0.1.74: [LOWIWifiTlvHandler] checkTlvTag: Processing idx(6) received TLV: wmi_rtt_oem_per_frame_info
06-13 06:36:30.291  2982  4414 D LOWI-9.0.1.74: [LOWIWifiTlvHandler] processIfPeerEvtHdrTag: Invalid Tag(43), not added to vector mPeerIdx(0)
06-13 06:36:30.291  2982  4414 D LOWI-9.0.1.74: [LOWIWifiTlvHandler] checkTlvTag: Processing idx(7) received TLV: loop_end
06-13 06:36:30.291  2982  4414 D LOWI-9.0.1.74: [LOWIWifiTlvHandler] processIfPeerEvtHdrTag: Invalid Tag(17), not added to vector mPeerIdx(0)
06-13 06:36:30.291  2982  4414 D LOWI-9.0.1.74: [LOWIWifiTlvHandler] processIfPerFrmInfoTag: Invalid Tag(17) measurement not added for peer(0)
06-13 06:36:30.291  2982  4414 D LOWI-9.0.1.74: [LOWIWifiTlvHandler] checkTlvTag: Processing idx(8) received TLV: loop_end
06-13 06:36:30.291  2982  4414 D LOWI-9.0.1.74: [LOWIWifiTlvHandler] processIfLoopEndTag: mPeerLs(0)...peer list ends
06-13 06:36:30.291  2982  4414 D LOWI-9.0.1.74: [LOWIWifiTlvHandler] processIfPeerEvtHdrTag: Invalid Tag(17), not added to vector mPeerIdx(0)
06-13 06:36:30.291  2982  4414 D LOWI-9.0.1.74: [LOWIWifiTlvHandler] processIfPerFrmInfoTag: Invalid Tag(17) measurement not added for peer(0)
06-13 06:36:30.291  2982  4414 D LOWI-9.0.1.74: [LOWIWifiTlvHandler] printBssidInfo: Peer 0 of 1,  numMeas = 2
06-13 06:36:30.291  2982  4414 D LOWI-9.0.1.74: [LOWI-HELIUM-RTT] printMeasRspHeadInfo: info(0x100002) channel_info(0x1464) rprtType(2) rttMeasType(0) rprtStatusV3(0) tmStart(0) numAPs(1) destMac(00:00:00:**:**:00) channelInfo(5220)
06-13 06:36:30.291  2982  4414 D LOWI-9.0.1.74: [LOWI-HELIUM-RTT] printPerPeerInfo: peerMac(f0:09:0d:**:**:01) burstIdx(0) numIEs(0) numMeasThisAP(2)rttMeasType(1) isQtiPeer(0) tmrSubType(0) isLastRespForPeer (0) securityMode(0) numFrmAttempted(2) actualBurstDur(22) actualNumFrmPerBur(2) actualBurstExp(0) retryAfterDur(0) measStartTSF(716187657) control(0x102) result_info_1(0x160002)result_info_2(0x2) result_info_3(0x0) measStartTSF_field(0x2ab02809)
06-13 06:36:30.291  2982  4414 D LOWI-9.0.1.74: [LOWI-HELIUM-RTT] printPerPeerInfo: 11az params: i2r_lmr_feedback:0 ranging_priority:0 r2i_toa_type:0 i2r_toa_type:0 format_and_bw:0 imdt_r2i_feedback:0 imdt_i2r_feedback:0 max_i2r_repetition:0 max_r2i_repetition:0 device_class:0 full_bw_ul_mumimo:0 max_r2i_sts_le_80mhz:0 max_r2i_sts_gr_80mhz:0 max_r2i_ltf_total:0 max_i2r_sts_le_80mhz:0 max_i2r_sts_gr_80mhz:0 max_i2r_ltf_total:0 min_time_between_measurements:0 tb_max_session_expiry 0
06-13 06:36:30.291  2982  4414 D LOWI-9.0.1.74: [LOWI-P2P-RTT] p2pIsStored: Bad inputs
06-13 06:36:30.291  2982  4414 D LOWI-9.0.1.74: [LOWI-HELIUM-RTT] printPerFrameInfo: tx_rate_info1(0x10003) tx_rate_info2(0x41) rx_rate_info1(0x30000) rx_rate_info2(0x41) max_tod_toa_error(0x0)
06-13 06:36:30.291  2982  4414 D LOWI-9.0.1.74: [LOWI-HELIUM-RTT] printPerFrameInfo: rssi(1684300900) T1.time32(0x0) T1.time0(0x0) T2.time32(0x0) T2.time0(0x0) T3_del(0x0) T4_del(0x6329007) txPreamble(0x3) txBw(0x0) txRateMcsIdx(0x0)txSTS(0x0) txNREP(0x0) txBitRate(0x41) rxPreamble(0x0) rxBw(0x0) invalidFACBit(0x0) rxRateMcsIdx(0x0) rxBitRate(0x41) chainMask(0x3) maxTodError(0x0)maxToaError(0x0) useTxChainNo(0x1) useRxChainNo(0x0) rxSTS(0x0) rxNREP(0x0) r2iNDPIntegrityCheck(0x0)
06-13 06:36:30.291  2982  4414 D LOWI-9.0.1.74: [LOWI-HELIUM-RTT] processPerFrameInfo: RTT V2 Performed - Raw RSSI(0x0), toa - tod = 0x6329007(pre-offset), RTT(103976967 psecs), RSSI(0) 
06-13 06:36:30.291  2982  4414 D LOWI-9.0.1.74: [LOWI-HELIUM-RTT] printPerFrameInfo: tx_rate_info1(0x10003) tx_rate_info2(0x41) rx_rate_info1(0x30000) rx_rate_info2(0x41) max_tod_toa_error(0x0)
06-13 06:36:30.292  2982  4414 D LOWI-9.0.1.74: [LOWI-HELIUM-RTT] printPerFrameInfo: rssi(1684300900) T1.time32(0x0) T1.time0(0x0) T2.time32(0x0) T2.time0(0x0) T3_del(0x0) T4_del(0x6329007) txPreamble(0x3) txBw(0x0) txRateMcsIdx(0x0)txSTS(0x0) txNREP(0x0) txBitRate(0x41) rxPreamble(0x0) rxBw(0x0) invalidFACBit(0x0) rxRateMcsIdx(0x0) rxBitRate(0x41) chainMask(0x3) maxTodError(0x0)maxToaError(0x0) useTxChainNo(0x1) useRxChainNo(0x0) rxSTS(0x0) rxNREP(0x0) r2iNDPIntegrityCheck(0x0)
06-13 06:36:30.292  2982  4414 D LOWI-9.0.1.74: [LOWI-HELIUM-RTT] processPerFrameInfo: RTT V2 Performed - Raw RSSI(0x0), toa - tod = 0x6329007(pre-offset), RTT(103976967 psecs), RSSI(0) 
06-13 06:36:30.292  2982  4414 I LOWI-9.0.1.74: [LOWIRangingHeliumFSM] SendReqToFwOrRespToUser: All ranging measurements completed.Send response to client
06-13 06:36:30.292  2982  4414 D LOWI-9.0.1.74: [LOWIRangingFSM] SendRangingReq: curChIndex: 2, totChs: 3, curAp: 0, totAp: 2
06-13 06:36:30.292  2982  4414 D LOWI-9.0.1.74: [LOWIUtils] freqToChBandBit: frequency 5500 channel 100 Band 1
06-13 06:36:30.292  2982  4414 D LOWI-9.0.1.74: [LOWIUtils] freqToChBandBit: frequency 5500 channel 100 Band 1
06-13 06:36:30.292  2982  4414 D LOWI-9.0.1.74: [LOWI-HELIUM-RTT] RomeSendRttReq: PHY Mode(LOWI_PHY_MODE_11AC_VHT80) timeoutPerTarget(50) reportType(RTT_REPORT_AGGREGATE)
06-13 06:36:30.292  2200  4411 I WifiHAL : send_nl_data: sent cld80211 msg of len: 216 to driver
06-13 06:36:30.293  2982  4414 D LOWI-9.0.1.74: [LOWI-ROME-RTT] send_oem_nl_msg: sent cld80211 message with subcmd: 5
06-13 06:36:30.293  2982  4414 D LOWI-9.0.1.74: [LOWIRangingFSM] FSM: New FSM state: STATE_PROCESSING_RANGING_REQ
06-13 06:36:30.293  2982  4414 D LOWI-9.0.1.74: [LOWI-ROME-RTT] RomeWaitOnActivityOnSocketOrPipe: issue timed select: TO: 5 
06-13 06:36:30.562  3178  4480 D SemContextService: lock : requestToUpdate
06-13 06:36:30.563  3178  4480 W CAE     : setCAProperty(ContextAwareService.java:509) - [setProperty 01] Mutex is locked for CH_LOC_TRIGGER
06-13 06:36:30.564  3178  4121 D SensorService: setSContextDataLocked ints length 2 , byte length 4
06-13 06:36:30.564  3178  4121 D SensorService: setSContextDataLocked 3db8
06-13 06:36:30.565  2198  2198 I sensors-hal: inject_sensor_data:407, handle 1502 send inject
06-13 06:36:30.565  2198  2198 I sensors-hal: sendContextData:290, sensor hal 4, (0xb8, 0x3d, 0x0, 0x0)
06-13 06:36:30.565  2198  2198 I sensors-hal: sendContextData:131, change_location_trigger 4,184
06-13 06:36:30.565  2198  2198 I sensors-hal: sendUserData:118, change_location_trigger h 184 m 61 s 0
06-13 06:36:30.565  2198  2198 I sensors-hal: create_send_context_data:66, change_location_trigger create_send_context_data
06-13 06:36:30.565  2198  2198 I sensors-hal: send_context_data:694, change_location_trigger, -244018566922240, 1320970896291267344, msgid:700, 1
06-13 06:36:30.565  2198  2198 I sensors-hal: send_sync_sensor_request:508, send sync request
06-13 06:36:30.565  2198  2198 I sensors-hal: send_sync_sensor_request:518, send_sync_sensor_request before send_request for change_location_trigger with SUID low=18446500055142629376 high=1320970896291267344
06-13 06:36:30.566  2198  2198 I sensors-hal: send_sync_sensor_request:537, wait for notification of response
06-13 06:36:30.567  2198  4119 I sensors-hal: qsh_conn_resp_cb:935, resp_value = 0 for change_location_trigger 
06-13 06:36:30.567  2198  2198 I sensors-hal: send_sync_sensor_request:543, takes 1 ms to receive the response with 0
06-13 06:36:30.568  3178  4480 W CAE     : setCAProperty(ContextAwareService.java:515) - [setProperty 02] Mutex is unlocked for CH_LOC_TRIGGER
06-13 06:36:30.568  3178  4480 D SemContextService:     .requestToUpdate() : service = Location Change Trigger
06-13 06:36:30.568  3178  4480 D SemContextService: unlock : requestToUpdate
06-13 06:36:30.568  3178  4480 D SemContextManager:   .requestToUpdate : listener = com.android.server.location.nsflp.NSLocationMonitor$5@619f600, service=Location Change Trigger
06-13 06:36:30.569  5445 13084 I NewStopController_FLP: StateChecker, check stationary message
06-13 06:36:30.570  2200  4411 I WifiHAL : send oem msg of len : 460 to apps
06-13 06:36:30.570  2982  4414 D LOWI-9.0.1.74: [LOWI-ROME-RTT] RomeWaitOnActivityOnSocketOrPipe: timed select over: TO: 5 retVal: 1
06-13 06:36:30.571  2982  4414 D LOWI-9.0.1.74: [LOWI-ROME-RTT] event_handler: Valid data with length 428
06-13 06:36:30.571  2982  4414 D LOWI-9.0.1.74: [LOWI-HELIUM-RTT] storeNLFragment: new fragment group, tokenid(2), adding 420 chars @position 0
06-13 06:36:30.571  2982  4414 D LOWI-9.0.1.74: [LOWI-HELIUM-RTT] RomeNLRecvMessage: The Received OEMSubType: RTT_MSG_SUBTYPE_MEASUREMENT_RSP
06-13 06:36:30.571  2982  4414 D LOWI-9.0.1.74: [LOWI-HELIUM-RTT] RomeNLRecvMessage: The Received RomeMsgType: ROME_RANGING_MEAS_MSG
06-13 06:36:30.571  2982  4414 D LOWI-9.0.1.74: [LOWIRangingFSM] FSM: Received Event EVENT_RANGING_MEAS_RECV, Current state: STATE_PROCESSING_RANGING_REQ
06-13 06:36:30.571  2982  4414 D LOWI-9.0.1.74: [LOWIWifiTlvHandler] processRspHeadTlv: reqId(766) measDone(1) rttStatus(RTT_STATUS_SUCCESS) subtype(RTT_MSG_SUBTYPE_MEASUREMENT_RSP) isFrag(0) fragIdx(0) fragLen(396) tknId(21)
06-13 06:36:30.571  2982  4414 D LOWI-9.0.1.74: [LOWIWifiTlvHandler] checkTlvTag: Processing idx(0) received TLV: wmi_rtt_oem_rsp_head
06-13 06:36:30.571  2982  4414 D LOWI-9.0.1.74: [LOWIWifiTlvHandler] processIfPeerEvtHdrTag: Invalid Tag(33), not added to vector mPeerIdx(0)
06-13 06:36:30.571  2982  4414 D LOWI-9.0.1.74: [LOWIWifiTlvHandler] processIfPerFrmInfoTag: Invalid Tag(33) measurement not added for peer(0)
06-13 06:36:30.571  2982  4414 D LOWI-9.0.1.74: [LOWIWifiTlvHandler] checkTlvTag: Processing idx(1) received TLV: wmi_rtt_oem_measrsp_head
06-13 06:36:30.571  2982  4414 D LOWI-9.0.1.74: [LOWIWifiTlvHandler] processIfPeerEvtHdrTag: Invalid Tag(41), not added to vector mPeerIdx(0)
06-13 06:36:30.571  2982  4414 D LOWI-9.0.1.74: [LOWIWifiTlvHandler] processIfPerFrmInfoTag: Invalid Tag(41) measurement not added for peer(0)
06-13 06:36:30.571  2982  4414 D LOWI-9.0.1.74: [LOWIWifiTlvHandler] checkTlvTag: Processing idx(2) received TLV: loop_start
06-13 06:36:30.571  2982  4414 D LOWI-9.0.1.74: [LOWIWifiTlvHandler] processIfPeerEvtHdrTag: Invalid Tag(16), not added to vector mPeerIdx(0)
06-13 06:36:30.571  2982  4414 D LOWI-9.0.1.74: [LOWIWifiTlvHandler] processIfPerFrmInfoTag: Invalid Tag(16) measurement not added for peer(0)
06-13 06:36:30.572  2982  4414 D LOWI-9.0.1.74: [LOWIWifiTlvHandler] checkTlvTag: Processing idx(3) received TLV: wmi_rtt_oem_per_peer_event_hdr
06-13 06:36:30.572  2982  4414 D LOWI-9.0.1.74: [LOWIWifiTlvHandler] processIfPerFrmInfoTag: Invalid Tag(42) measurement not added for peer(0)
06-13 06:36:30.572  2982  4414 D LOWI-9.0.1.74: [LOWIWifiTlvHandler] checkTlvTag: Processing idx(4) received TLV: WMIRTT_TLV_TAG_ARRAY_UINT8
06-13 06:36:30.572  2982  4414 D LOWI-9.0.1.74: [LOWIWifiTlvHandler] processIfPeerEvtHdrTag: Invalid Tag(18), not added to vector mPeerIdx(0)
06-13 06:36:30.572  2982  4414 D LOWI-9.0.1.74: [LOWIWifiTlvHandler] processIfPerFrmInfoTag: Invalid Tag(18) measurement not added for peer(0)
06-13 06:36:30.572  2982  4414 D LOWI-9.0.1.74: [LOWIWifiTlvHandler] checkTlvTag: Processing idx(5) received TLV: loop_start
06-13 06:36:30.572  2982  4414 D LOWI-9.0.1.74: [LOWIWifiTlvHandler] processIfPeerEvtHdrTag: Invalid Tag(16), not added to vector mPeerIdx(0)
06-13 06:36:30.572  2982  4414 D LOWI-9.0.1.74: [LOWIWifiTlvHandler] processIfPerFrmInfoTag: Invalid Tag(16) measurement not added for peer(0)
06-13 06:36:30.572  2982  4414 D LOWI-9.0.1.74: [LOWIWifiTlvHandler] checkTlvTag: Processing idx(6) received TLV: wmi_rtt_oem_per_frame_info
06-13 06:36:30.572  2982  4414 D LOWI-9.0.1.74: [LOWIWifiTlvHandler] processIfPeerEvtHdrTag: Invalid Tag(43), not added to vector mPeerIdx(0)
06-13 06:36:30.572  2982  4414 D LOWI-9.0.1.74: [LOWIWifiTlvHandler] checkTlvTag: Processing idx(7) received unexpected but valid TLV(loop_end), going to idx(6)
06-13 06:36:30.572  2982  4414 D LOWI-9.0.1.74: [LOWIWifiTlvHandler] checkTlvTag: Processing idx(6) received TLV: wmi_rtt_oem_per_frame_info
06-13 06:36:30.572  2982  4414 D LOWI-9.0.1.74: [LOWIWifiTlvHandler] processIfPeerEvtHdrTag: Invalid Tag(43), not added to vector mPeerIdx(0)
06-13 06:36:30.572  2982  4414 D LOWI-9.0.1.74: [LOWIWifiTlvHandler] checkTlvTag: Processing idx(7) received TLV: loop_end
06-13 06:36:30.572  2982  4414 D LOWI-9.0.1.74: [LOWIWifiTlvHandler] processIfPeerEvtHdrTag: Invalid Tag(17), not added to vector mPeerIdx(0)
06-13 06:36:30.572  2982  4414 D LOWI-9.0.1.74: [LOWIWifiTlvHandler] processIfPerFrmInfoTag: Invalid Tag(17) measurement not added for peer(0)
06-13 06:36:30.572  2982  4414 D LOWI-9.0.1.74: [LOWIWifiTlvHandler] checkTlvTag: Processing idx(8) received unexpected but valid TLV(loop_end), going to idx(3)
06-13 06:36:30.572  2982  4414 D LOWI-9.0.1.74: [LOWIWifiTlvHandler] checkTlvTag: Processing idx(3) received TLV: wmi_rtt_oem_per_peer_event_hdr
06-13 06:36:30.572  2982  4414 D LOWI-9.0.1.74: [LOWIWifiTlvHandler] processIfPerFrmInfoTag: Invalid Tag(42) measurement not added for peer(1)
06-13 06:36:30.572  2982  4414 D LOWI-9.0.1.74: [LOWIWifiTlvHandler] checkTlvTag: Processing idx(4) received TLV: WMIRTT_TLV_TAG_ARRAY_UINT8
06-13 06:36:30.572  2982  4414 D LOWI-9.0.1.74: [LOWIWifiTlvHandler] processIfPeerEvtHdrTag: Invalid Tag(18), not added to vector mPeerIdx(1)
06-13 06:36:30.573  2982  4414 D LOWI-9.0.1.74: [LOWIWifiTlvHandler] processIfPerFrmInfoTag: Invalid Tag(18) measurement not added for peer(1)
06-13 06:36:30.573  2982  4414 D LOWI-9.0.1.74: [LOWIWifiTlvHandler] checkTlvTag: Processing idx(5) received TLV: loop_start
06-13 06:36:30.573  2982  4414 D LOWI-9.0.1.74: [LOWIWifiTlvHandler] processIfPeerEvtHdrTag: Invalid Tag(16), not added to vector mPeerIdx(1)
06-13 06:36:30.573  2982  4414 D LOWI-9.0.1.74: [LOWIWifiTlvHandler] processIfPerFrmInfoTag: Invalid Tag(16) measurement not added for peer(1)
06-13 06:36:30.573  2982  4414 D LOWI-9.0.1.74: [LOWIWifiTlvHandler] checkTlvTag: Processing idx(6) received TLV: wmi_rtt_oem_per_frame_info
06-13 06:36:30.573  2982  4414 D LOWI-9.0.1.74: [LOWIWifiTlvHandler] processIfPeerEvtHdrTag: Invalid Tag(43), not added to vector mPeerIdx(1)
06-13 06:36:30.573  2982  4414 D LOWI-9.0.1.74: [LOWIWifiTlvHandler] checkTlvTag: Processing idx(7) received unexpected but valid TLV(loop_end), going to idx(6)
06-13 06:36:30.573  2982  4414 D LOWI-9.0.1.74: [LOWIWifiTlvHandler] checkTlvTag: Processing idx(6) received TLV: wmi_rtt_oem_per_frame_info
06-13 06:36:30.573  2982  4414 D LOWI-9.0.1.74: [LOWIWifiTlvHandler] processIfPeerEvtHdrTag: Invalid Tag(43), not added to vector mPeerIdx(1)
06-13 06:36:30.573  2982  4414 D LOWI-9.0.1.74: [LOWIWifiTlvHandler] checkTlvTag: Processing idx(7) received TLV: loop_end
06-13 06:36:30.573  2982  4414 D LOWI-9.0.1.74: [LOWIWifiTlvHandler] processIfPeerEvtHdrTag: Invalid Tag(17), not added to vector mPeerIdx(1)
06-13 06:36:30.573  2982  4414 D LOWI-9.0.1.74: [LOWIWifiTlvHandler] processIfPerFrmInfoTag: Invalid Tag(17) measurement not added for peer(1)
06-13 06:36:30.573  2982  4414 D LOWI-9.0.1.74: [LOWIWifiTlvHandler] checkTlvTag: Processing idx(8) received TLV: loop_end
06-13 06:36:30.573  2982  4414 D LOWI-9.0.1.74: [LOWIWifiTlvHandler] processIfLoopEndTag: mPeerLs(0)...peer list ends
06-13 06:36:30.573  2982  4414 D LOWI-9.0.1.74: [LOWIWifiTlvHandler] processIfPeerEvtHdrTag: Invalid Tag(17), not added to vector mPeerIdx(1)
06-13 06:36:30.573  2982  4414 D LOWI-9.0.1.74: [LOWIWifiTlvHandler] processIfPerFrmInfoTag: Invalid Tag(17) measurement not added for peer(1)
06-13 06:36:30.573  2982  4414 D LOWI-9.0.1.74: [LOWIWifiTlvHandler] printBssidInfo: Peer 0 of 2,  numMeas = 2
06-13 06:36:30.573  2982  4414 D LOWI-9.0.1.74: [LOWIWifiTlvHandler] printBssidInfo: Peer 1 of 2,  numMeas = 2
06-13 06:36:30.573  2982  4414 D LOWI-9.0.1.74: [LOWI-HELIUM-RTT] printMeasRspHeadInfo: info(0x200002) channel_info(0x157c) rprtType(2) rttMeasType(0) rprtStatusV3(0) tmStart(0) numAPs(2) destMac(00:00:00:**:**:00) channelInfo(5500)
06-13 06:36:30.573  2982  4414 D LOWI-9.0.1.74: [LOWI-HELIUM-RTT] printPerPeerInfo: peerMac(60:d8:a4:**:**:9d) burstIdx(0) numIEs(0) numMeasThisAP(2)rttMeasType(1) isQtiPeer(0) tmrSubType(0) isLastRespForPeer (0) securityMode(0) numFrmAttempted(2) actualBurstDur(8) actualNumFrmPerBur(2) actualBurstExp(0) retryAfterDur(0) measStartTSF(716187657) control(0x102) result_info_1(0x80002)result_info_2(0x2) result_info_3(0x0) measStartTSF_field(0x2ab02809)
06-13 06:36:30.573  2982  4414 D LOWI-9.0.1.74: [LOWI-HELIUM-RTT] printPerPeerInfo: 11az params: i2r_lmr_feedback:0 ranging_priority:0 r2i_toa_type:0 i2r_toa_type:0 format_and_bw:0 imdt_r2i_feedback:0 imdt_i2r_feedback:0 max_i2r_repetition:0 max_r2i_repetition:0 device_class:0 full_bw_ul_mumimo:0 max_r2i_sts_le_80mhz:0 max_r2i_sts_gr_80mhz:0 max_r2i_ltf_total:0 max_i2r_sts_le_80mhz:0 max_i2r_sts_gr_80mhz:0 max_i2r_ltf_total:0 min_time_between_measurements:0 tb_max_session_expiry 0
06-13 06:36:30.574  2982  4414 D LOWI-9.0.1.74: [LOWI-P2P-RTT] p2pIsStored: Bad inputs
06-13 06:36:30.574  2982  4414 D LOWI-9.0.1.74: [LOWI-HELIUM-RTT] printPerFrameInfo: tx_rate_info1(0x10003) tx_rate_info2(0x41) rx_rate_info1(0x30000) rx_rate_info2(0x41) max_tod_toa_error(0x0)
06-13 06:36:30.574  2982  4414 D LOWI-9.0.1.74: [LOWI-HELIUM-RTT] printPerFrameInfo: rssi(1684300900) T1.time32(0x0) T1.time0(0x0) T2.time32(0x0) T2.time0(0x0) T3_del(0x0) T4_del(0x629eab2) txPreamble(0x3) txBw(0x0) txRateMcsIdx(0x0)txSTS(0x0) txNREP(0x0) txBitRate(0x41) rxPreamble(0x0) rxBw(0x0) invalidFACBit(0x0) rxRateMcsIdx(0x0) rxBitRate(0x41) chainMask(0x3) maxTodError(0x0)maxToaError(0x0) useTxChainNo(0x1) useRxChainNo(0x0) rxSTS(0x0) rxNREP(0x0) r2iNDPIntegrityCheck(0x0)
06-13 06:36:30.574  2982  4414 D LOWI-9.0.1.74: [LOWI-HELIUM-RTT] processPerFrameInfo: RTT V2 Performed - Raw RSSI(0x0), toa - tod = 0x629eab2(pre-offset), RTT(103410354 psecs), RSSI(0) 
06-13 06:36:30.574  2982  4414 D LOWI-9.0.1.74: [LOWI-HELIUM-RTT] printPerFrameInfo: tx_rate_info1(0x10003) tx_rate_info2(0x41) rx_rate_info1(0x30000) rx_rate_info2(0x41) max_tod_toa_error(0x0)
06-13 06:36:30.574  2982  4414 D LOWI-9.0.1.74: [LOWI-HELIUM-RTT] printPerFrameInfo: rssi(1684300900) T1.time32(0x0) T1.time0(0x0) T2.time32(0x0) T2.time0(0x0) T3_del(0x0) T4_del(0x62ce5a2) txPreamble(0x3) txBw(0x0) txRateMcsIdx(0x0)txSTS(0x0) txNREP(0x0) txBitRate(0x41) rxPreamble(0x0) rxBw(0x0) invalidFACBit(0x0) rxRateMcsIdx(0x0) rxBitRate(0x41) chainMask(0x3) maxTodError(0x0)maxToaError(0x0) useTxChainNo(0x1) useRxChainNo(0x0) rxSTS(0x0) rxNREP(0x0) r2iNDPIntegrityCheck(0x0)
06-13 06:36:30.574  2982  4414 D LOWI-9.0.1.74: [LOWI-HELIUM-RTT] processPerFrameInfo: RTT V2 Performed - Raw RSSI(0x0), toa - tod = 0x62ce5a2(pre-offset), RTT(103605666 psecs), RSSI(0) 
06-13 06:36:30.574  2982  4414 D LOWI-9.0.1.74: [LOWI-HELIUM-RTT] printPerPeerInfo: peerMac(62:d8:a4:**:**:f9) burstIdx(0) numIEs(0) numMeasThisAP(2)rttMeasType(1) isQtiPeer(0) tmrSubType(0) isLastRespForPeer (0) securityMode(0) numFrmAttempted(2) actualBurstDur(4) actualNumFrmPerBur(2) actualBurstExp(0) retryAfterDur(0) measStartTSF(716187657) control(0x102) result_info_1(0x40002)result_info_2(0x2) result_info_3(0x0) measStartTSF_field(0x2ab02809)
06-13 06:36:30.574  2982  4414 D LOWI-9.0.1.74: [LOWI-HELIUM-RTT] printPerPeerInfo: 11az params: i2r_lmr_feedback:0 ranging_priority:0 r2i_toa_type:0 i2r_toa_type:0 format_and_bw:0 imdt_r2i_feedback:0 imdt_i2r_feedback:0 max_i2r_repetition:0 max_r2i_repetition:0 device_class:0 full_bw_ul_mumimo:0 max_r2i_sts_le_80mhz:0 max_r2i_sts_gr_80mhz:0 max_r2i_ltf_total:0 max_i2r_sts_le_80mhz:0 max_i2r_sts_gr_80mhz:0 max_i2r_ltf_total:0 min_time_between_measurements:0 tb_max_session_expiry 0
06-13 06:36:30.574  2982  4414 D LOWI-9.0.1.74: [LOWI-P2P-RTT] p2pIsStored: Bad inputs
06-13 06:36:30.574  2982  4414 D LOWI-9.0.1.74: [LOWI-HELIUM-RTT] printPerFrameInfo: tx_rate_info1(0x10003) tx_rate_info2(0x41) rx_rate_info1(0x30000) rx_rate_info2(0x41) max_tod_toa_error(0x0)
06-13 06:36:30.574  2982  4414 D LOWI-9.0.1.74: [LOWI-HELIUM-RTT] printPerFrameInfo: rssi(1684300900) T1.time32(0x0) T1.time0(0x0) T2.time32(0x0) T2.time0(0x0) T3_del(0x0) T4_del(0x62c83fb) txPreamble(0x3) txBw(0x0) txRateMcsIdx(0x0)txSTS(0x0) txNREP(0x0) txBitRate(0x41) rxPreamble(0x0) rxBw(0x0) invalidFACBit(0x0) rxRateMcsIdx(0x0) rxBitRate(0x41) chainMask(0x3) maxTodError(0x0)maxToaError(0x0) useTxChainNo(0x1) useRxChainNo(0x0) rxSTS(0x0) rxNREP(0x0) r2iNDPIntegrityCheck(0x0)
06-13 06:36:30.574  2982  4414 D LOWI-9.0.1.74: [LOWI-HELIUM-RTT] processPerFrameInfo: RTT V2 Performed - Raw RSSI(0x0), toa - tod = 0x62c83fb(pre-offset), RTT(103580667 psecs), RSSI(0) 
06-13 06:36:30.574  2982  4414 D LOWI-9.0.1.74: [LOWI-HELIUM-RTT] printPerFrameInfo: tx_rate_info1(0x10003) tx_rate_info2(0x41) rx_rate_info1(0x30000) rx_rate_info2(0x41) max_tod_toa_error(0x0)
06-13 06:36:30.574  2982  4414 D LOWI-9.0.1.74: [LOWI-HELIUM-RTT] printPerFrameInfo: rssi(1684300900) T1.time32(0x0) T1.time0(0x0) T2.time32(0x0) T2.time0(0x0) T3_del(0x0) T4_del(0x62e6c43) txPreamble(0x3) txBw(0x0) txRateMcsIdx(0x0)txSTS(0x0) txNREP(0x0) txBitRate(0x41) rxPreamble(0x0) rxBw(0x0) invalidFACBit(0x0) rxRateMcsIdx(0x0) rxBitRate(0x41) chainMask(0x3) maxTodError(0x0)maxToaError(0x0) useTxChainNo(0x1) useRxChainNo(0x0) rxSTS(0x0) rxNREP(0x0) r2iNDPIntegrityCheck(0x0)
06-13 06:36:30.574  2982  4414 D LOWI-9.0.1.74: [LOWI-HELIUM-RTT] processPerFrameInfo: RTT V2 Performed - Raw RSSI(0x0), toa - tod = 0x62e6c43(pre-offset), RTT(103705667 psecs), RSSI(0) 
06-13 06:36:30.574  2982  4414 I LOWI-9.0.1.74: [LOWIRangingHeliumFSM] SendReqToFwOrRespToUser: All ranging measurements completed.Send response to client
06-13 06:36:30.574  2982  4414 I LOWI-9.0.1.74: [LOWIRangingHeliumFSM] SendReqToFwOrRespToUser this is not a rtt BG node
06-13 06:36:30.574  2982  4414 D LOWI-9.0.1.74: [LOWIRangingFSM] FSM: New FSM state: STATE_READY_AND_IDLE
06-13 06:36:30.575  2982  4414 D LOWI-9.0.1.74: [LOWI-ROME-RTT] RomeWaitOnActivityOnSocketOrPipe: issue blocking select 
06-13 06:36:30.575  2982  3006 D LOWI-9.0.1.74: [LOWIEventReceiver] handleEvent:FROM:NA, TO:NA, REQ:NA, IREQ:NA, REQ_ID:0, RESP:NA, INFO:NA
06-13 06:36:30.575  2982  3006 D LOWI-9.0.1.74: [LOWIBackgroundScanMgr] isRspForBgScanMgr: req(RANGING_SCAN) -- not handled
06-13 06:36:30.575  2982  3006 D LOWI-9.0.1.74: [LOWIScheduler] manageMsg: Results for RANGING_SCAN -- handled: scanStatus(SCAN_STATUS_SUCCESS)
06-13 06:36:30.575  2982  3006 D LOWI-9.0.1.74: [LOWICacheManager] putInCache:Num of Meas to add: 6
06-13 06:36:30.576  2982  3006 D LOWI-9.0.1.74: [LOWIScheduler] processNode: 5a:4c:77:**:**:11
06-13 06:36:30.576  2982  3006 I LOWI-9.0.1.74: [LOWIScheduler] Node isRttBgNode 0 is_last_resp_for_peer 0
06-13 06:36:30.576  2982  3006 D LOWI-9.0.1.74: [LOWIScheduler] processNode: 4a:4c:77:**:**:11
06-13 06:36:30.576  2982  3006 I LOWI-9.0.1.74: [LOWIScheduler] Node isRttBgNode 0 is_last_resp_for_peer 0
06-13 06:36:30.576  2982  3006 D LOWI-9.0.1.74: [LOWIScheduler] processNode: 40:4c:77:**:**:11
06-13 06:36:30.576  2982  3006 I LOWI-9.0.1.74: [LOWIScheduler] Node isRttBgNode 0 is_last_resp_for_peer 0
06-13 06:36:30.576  2982  3006 D LOWI-9.0.1.74: [LOWIScheduler] processNode: f0:09:0d:**:**:01
06-13 06:36:30.576  2982  3006 I LOWI-9.0.1.74: [LOWIScheduler] Node isRttBgNode 0 is_last_resp_for_peer 0
06-13 06:36:30.576  2982  3006 D LOWI-9.0.1.74: [LOWIScheduler] processNode: 60:d8:a4:**:**:9d
06-13 06:36:30.576  2982  3006 I LOWI-9.0.1.74: [LOWIScheduler] Node isRttBgNode 0 is_last_resp_for_peer 0
06-13 06:36:30.576  2982  3006 D LOWI-9.0.1.74: [LOWIScheduler] processNode: 62:d8:a4:**:**:f9
06-13 06:36:30.576  2982  3006 I LOWI-9.0.1.74: [LOWIScheduler] Node isRttBgNode 0 is_last_resp_for_peer 0
06-13 06:36:30.576  2982  3006 D LOWI-9.0.1.74: [LOWIScheduler] nodesForRsp: # nodes for this client(6)
06-13 06:36:30.576  2982  3006 D LOWI-9.0.1.74: [LOWIScheduler] processRangRsp: Create response: status(SCAN_STATUS_SUCCESS) numBssids(6) reqId(247) originator(73fd882c00-LC) reqType(5)
06-13 06:36:30.576  2982  3006 D LOWI-9.0.1.74: [LOWIController] generateResponse: Type (PERIODIC_RANGING_SCAN) ScanStatus (1) request 73fd882c00-LC_247
06-13 06:36:30.576  2982  3006 D LOWI-9.0.1.74: [LOWIEventDispatcher] sendResponse - originator = 73fd882c00-LC
06-13 06:36:30.576  2982  3006 D LOWI-9.0.1.74: [LOWIUtils] injectScanMeasurements - num of APs = 6
06-13 06:36:30.576  2982  3006 D LOWI-9.0.1.74: [LOWIUtils] injectRangingScanMeasurements - NUM_COLOC_BSS(0), PEER_OEM(LOWI_PEER_OEM_UNKNOWN)
06-13 06:36:30.576  2982  3006 D LOWI-9.0.1.74: [LOWIUtils] injectRangingScanMeasurements - NUM_COLOC_BSS(0), PEER_OEM(LOWI_PEER_OEM_UNKNOWN)
06-13 06:36:30.576  2982  3006 D LOWI-9.0.1.74: [LOWIUtils] injectRangingScanMeasurements - NUM_COLOC_BSS(0), PEER_OEM(LOWI_PEER_OEM_UNKNOWN)
06-13 06:36:30.576  2982  3006 D LOWI-9.0.1.74: [LOWIUtils] injectRangingScanMeasurements - NUM_COLOC_BSS(0), PEER_OEM(LOWI_PEER_OEM_UNKNOWN)
06-13 06:36:30.576  2982  3006 D LOWI-9.0.1.74: [LOWIUtils] injectRangingScanMeasurements - NUM_COLOC_BSS(0), PEER_OEM(LOWI_PEER_OEM_UNKNOWN)
06-13 06:36:30.576  2982  3006 D LOWI-9.0.1.74: [LOWIUtils] injectRangingScanMeasurements - NUM_COLOC_BSS(0), PEER_OEM(LOWI_PEER_OEM_UNKNOWN)
06-13 06:36:30.576  2982  3006 I LOWI-9.0.1.74: [LOWIUtils] responseToOutPostcard - TO: 73fd882c00-LC, FROM:   LOWI-SERVER, RESP:  LOWI_RANGING_SCAN
06-13 06:36:30.577  2982  3006 D LOWI-9.0.1.74: [LOWIEventDispatcher] sendResponse - originator = FreeWifiScanObserver
06-13 06:36:30.577  2982  3006 D LOWI-9.0.1.74: [LOWIUtils] injectScanMeasurements - num of APs = 6
06-13 06:36:30.577  2200  4416 I QCALOG  : [LOWIUtils] inPostcardToResponse - FROM: LOWI-SERVER, TO:   73fd882c00-LC, RESP:  LOWI_RANGING_SCAN
06-13 06:36:30.577  2200  4416 D QCALOG  : [LOWIUtils] inPostcardToResponse - Request id(247) Scan Status(1)
06-13 06:36:30.577  2200  4416 D QCALOG  : [LOWIUtils] parseScanMeasurements - Total Scan measurements = 6
06-13 06:36:30.577  2200  4416 D QCALOG  : [LOWIUtils] parseRangingScanMeasurements - MAX_BSS_IND = 0, NUM_COLOC_BSS = 0, Peer OEM = 0
06-13 06:36:30.577  2200  4416 D QCALOG  : [LOWIUtils] parseScanMeasurements - FREQUENCY(5785) IS_SECURE(0) NODE_TYPE(1)RTT_TYPE(1) ADD_INFO 0x0tmr_subtype(0) security_mode(0)
06-13 06:36:30.577  2200  4416 D QCALOG  : [LOWIUtils] COUNTRY_CODE is 
06-13 06:36:30.577  2200  4416 D QCALOG  : [LOWIUtils] parseScanMeasurements - CELL_POWER(0) INDOOR OUTDOOR( ), MEASUREMENT_NUM(0)
06-13 06:36:30.577  2200  4416 D QCALOG  : [LOWIUtils] parseMeasurementInfo - Total measurements = 2
06-13 06:36:30.577  2200  4416 W QCALOG  : [LOWIUtils] parseMeasurementInfo - Unable to extract CFR_CIR_LENGTH
06-13 06:36:30.577  2200  4416 D QCALOG  : [LOWIUtils] parseMeasurementInfo - RSSI_TIMESTAMP(1781350590248) RSSI(0) MEAS_AGE(-1) RTT_TIMESTAMP(1781350590248) RTT(104460) TX_PREAMBLE(3) TX_NSS(1) TX_BW(0) TX_MCS_IDX(0) TX_BIT_RATE(65) RX_PREAMBLE(0) RX_NSS(2) RX_BW(0) RX_MCS_IDX(0) RX_BIT_RATE(65) tx_chain_no(0) rx_chain_no(-1) TX_STS(0) TX_NREP(0) RX_STS(0) RX_NREP(0) R2I_NDP_INTEGRITY_CHECK(0) INVALID_FAC(0)
06-13 06:36:30.577  2200  4416 W QCALOG  : [LOWIUtils] parseMeasurementInfo - Unable to extract CFR_CIR_LENGTH
06-13 06:36:30.577  2200  4416 D QCALOG  : [LOWIUtils] parseMeasurementInfo - RSSI_TIMESTAMP(1781350590248) RSSI(0) MEAS_AGE(-1) RTT_TIMESTAMP(1781350590248) RTT(104461) TX_PREAMBLE(3) TX_NSS(1) TX_BW(0) TX_MCS_IDX(0) TX_BIT_RATE(65) RX_PREAMBLE(0) RX_NSS(2) RX_BW(0) RX_MCS_IDX(0) RX_BIT_RATE(65) tx_chain_no(0) rx_chain_no(-1) TX_STS(0) TX_NREP(0) RX_STS(0) RX_NREP(0) R2I_NDP_INTEGRITY_CHECK(0) INVALID_FAC(0)
06-13 06:36:30.577  2200  4416 D QCALOG  : [LOWIUtils] parseIEDataInfo - Total IE's = 0
06-13 06:36:30.577  2200  4416 D QCALOG  : [LOWIUtils] parseScanMeasurements - RTT_TARGET_STATUS(0) BEACON_PERIOD(0), BEACON_CAPS(0), IE_LENGTH(0)
06-13 06:36:30.577  2198  4119 I sensors-hal: qsh_conn_event_cb:895, event[0] sensor:change_location_trigger  Wakeup, msg_id=1025, ts=505520349493
06-13 06:36:30.577  2198  4119 I sensors-hal: handle_sns_client_event:85, change_location_trigger_event: msgid:1025
06-13 06:36:30.577  2198  4119 I sensors-hal: handle_sns_client_event:108, change_location_trigger_event: 255, 255
06-13 06:36:30.578  2200  4416 D QCALOG  : [LOWIUtils] parseRangingScanMeasurements - MAX_BSS_IND = 0, NUM_COLOC_BSS = 0, Peer OEM = 0
06-13 06:36:30.578  2200  4416 D QCALOG  : [LOWIUtils] parseScanMeasurements - FREQUENCY(5785) IS_SECURE(0) NODE_TYPE(1)RTT_TYPE(1) ADD_INFO 0x0tmr_subtype(0) security_mode(0)
06-13 06:36:30.578  2200  4416 D QCALOG  : [LOWIUtils] COUNTRY_CODE is 
06-13 06:36:30.578  2200  4416 D QCALOG  : [LOWIUtils] parseScanMeasurements - CELL_POWER(0) INDOOR OUTDOOR( ), MEASUREMENT_NUM(0)
06-13 06:36:30.578  2200  4416 D QCALOG  : [LOWIUtils] parseMeasurementInfo - Total measurements = 2
06-13 06:36:30.578  2982  3006 I LOWI-9.0.1.74: [LOWIUtils] responseToOutPostcard - TO: FreeWifiScanObserver, FROM:   LOWI-SERVER, RESP:  LOWI_RANGING_SCAN
06-13 06:36:30.578  2200  4416 W QCALOG  : [LOWIUtils] parseMeasurementInfo - Unable to extract CFR_CIR_LENGTH
06-13 06:36:30.578  2200  4416 D QCALOG  : [LOWIUtils] parseMeasurementInfo - RSSI_TIMESTAMP(1781350590249) RSSI(0) MEAS_AGE(-1) RTT_TIMESTAMP(1781350590249) RTT(104811) TX_PREAMBLE(3) TX_NSS(1) TX_BW(0) TX_MCS_IDX(0) TX_BIT_RATE(65) RX_PREAMBLE(0) RX_NSS(2) RX_BW(0) RX_MCS_IDX(0) RX_BIT_RATE(65) tx_chain_no(0) rx_chain_no(-1) TX_STS(0) TX_NREP(0) RX_STS(0) RX_NREP(0) R2I_NDP_INTEGRITY_CHECK(0) INVALID_FAC(0)
06-13 06:36:30.578  2200  4416 W QCALOG  : [LOWIUtils] parseMeasurementInfo - Unable to extract CFR_CIR_LENGTH
06-13 06:36:30.578  2200  4416 D QCALOG  : [LOWIUtils] parseMeasurementInfo - RSSI_TIMESTAMP(1781350590249) RSSI(0) MEAS_AGE(-1) RTT_TIMESTAMP(1781350590249) RTT(104484) TX_PREAMBLE(3) TX_NSS(1) TX_BW(0) TX_MCS_IDX(0) TX_BIT_RATE(65) RX_PREAMBLE(0) RX_NSS(2) RX_BW(0) RX_MCS_IDX(0) RX_BIT_RATE(65) tx_chain_no(0) rx_chain_no(-1) TX_STS(0) TX_NREP(0) RX_STS(0) RX_NREP(0) R2I_NDP_INTEGRITY_CHECK(0) INVALID_FAC(0)
06-13 06:36:30.578  2200  4416 D QCALOG  : [LOWIUtils] parseIEDataInfo - Total IE's = 0
06-13 06:36:30.578  2200  4416 D QCALOG  : [LOWIUtils] parseScanMeasurements - RTT_TARGET_STATUS(0) BEACON_PERIOD(0), BEACON_CAPS(0), IE_LENGTH(0)
06-13 06:36:30.578  2982  3006 D LOWI-9.0.1.74: [LOWIController] sendRangingResponseToSnoopRTTClients: Response sent to Snoop RTT Client Request(ID:5, originator: FreeWifiScanObserver)
06-13 06:36:30.578  2982  3006 D LOWI-9.0.1.74: [LOWIScheduler] dataBaseCleanup:Status before cleanup
06-13 06:36:30.578  2982  3006 D LOWI-9.0.1.74: [LOWIScheduler] ****************************** WiFiNode Database *****************************************************************************************
06-13 06:36:30.578  2982  3006 D LOWI-9.0.1.74: [LOWIScheduler] Num of remaining nodes: 6
06-13 06:36:30.578  2982  3006 D LOWI-9.0.1.74: [LOWIScheduler] BSSID             Freq nodeT rttT  BW     pkts cont period       numMeas perCntr retries retCntr ReqId      schId      nodeState                  
06-13 06:36:30.578  2982  3006 D LOWI-9.0.1.74: [LOWIScheduler] 5a:4c:77:**:**:11 5785 AP    RTT2  BW_80  2    0    0            0       0       3       0       247        195428598  WIFI_NODE_READY_FOR_RSP    
06-13 06:36:30.578  2982  3006 D LOWI-9.0.1.74: [LOWIScheduler] 4a:4c:77:**:**:11 5785 AP    RTT2  BW_80  2    0    0            0       0       3       0       247        195428598  WIFI_NODE_READY_FOR_RSP    
06-13 06:36:30.578  2982  3006 D LOWI-9.0.1.74: [LOWIScheduler] 40:4c:77:**:**:11 5785 AP    RTT2  BW_80  2    0    0            0       0       3       0       247        195428598  WIFI_NODE_READY_FOR_RSP    
06-13 06:36:30.578  2200  4416 D QCALOG  : [LOWIUtils] parseRangingScanMeasurements - MAX_BSS_IND = 0, NUM_COLOC_BSS = 0, Peer OEM = 0
06-13 06:36:30.578  2982  3006 D LOWI-9.0.1.74: [LOWIScheduler] f0:09:0d:**:**:01 5220 AP    RTT2  BW_160 2    0    0            0       0       3       0       247        195428598  WIFI_NODE_READY_FOR_RSP    
06-13 06:36:30.578  2982  3006 D LOWI-9.0.1.74: [LOWIScheduler] 60:d8:a4:**:**:9d 5500 AP    RTT2  BW_80  2    0    0            0       0       3       0       247        195428598  WIFI_NODE_READY_FOR_RSP    
06-13 06:36:30.578  2982  3006 D LOWI-9.0.1.74: [LOWIScheduler] 62:d8:a4:**:**:f9 5500 AP    RTT2  BW_80  2    0    0            0       0       3       0       247        195428598  WIFI_NODE_READY_FOR_RSP    
06-13 06:36:30.578  2200  4416 D QCALOG  : [LOWIUtils] parseScanMeasurements - FREQUENCY(5785) IS_SECURE(0) NODE_TYPE(1)RTT_TYPE(1) ADD_INFO 0x0tmr_subtype(0) security_mode(0)
06-13 06:36:30.578  2982  3006 D LOWI-9.0.1.74: [LOWIScheduler] ******************************************************************************************************************************************
06-13 06:36:30.578  2982  3006 D LOWI-9.0.1.74: [LOWIScheduler] One-shot node fully serviced: 5a:4c:77:**:**:11
06-13 06:36:30.578  2200  4416 D QCALOG  : [LOWIUtils] COUNTRY_CODE is 
06-13 06:36:30.578  2982  3006 D LOWI-9.0.1.74: [LOWIScheduler] One-shot node fully serviced: 4a:4c:77:**:**:11
06-13 06:36:30.578  2982  3006 D LOWI-9.0.1.74: [LOWIScheduler] One-shot node fully serviced: 40:4c:77:**:**:11
06-13 06:36:30.578  2200  4416 D QCALOG  : [LOWIUtils] parseScanMeasurements - CELL_POWER(0) INDOOR OUTDOOR( ), MEASUREMENT_NUM(0)
06-13 06:36:30.578  2982  3006 D LOWI-9.0.1.74: [LOWIScheduler] One-shot node fully serviced: f0:09:0d:**:**:01
06-13 06:36:30.578  2982  3006 D LOWI-9.0.1.74: [LOWIScheduler] One-shot node fully serviced: 60:d8:a4:**:**:9d
06-13 06:36:30.578  2200  4416 D QCALOG  : [LOWIUtils] parseMeasurementInfo - Total measurements = 2
06-13 06:36:30.578  2982  3006 D LOWI-9.0.1.74: [LOWIScheduler] One-shot node fully serviced: 62:d8:a4:**:**:f9
06-13 06:36:30.578  2982  3006 D LOWI-9.0.1.74: [LOWIScheduler] dataBaseCleanup:Status after cleanup
06-13 06:36:30.578  2982  3006 D LOWI-9.0.1.74: [LOWIScheduler] ****************************** WiFiNode Database *****************************************************************************************
06-13 06:36:30.578  2982  3006 D LOWI-9.0.1.74: [LOWIScheduler] Num of remaining nodes: 0
06-13 06:36:30.578  2200  4416 W QCALOG  : [LOWIUtils] parseMeasurementInfo - Unable to extract CFR_CIR_LENGTH
06-13 06:36:30.578  2982  3006 D LOWI-9.0.1.74: [LOWIScheduler] BSSID             Freq nodeT rttT  BW     pkts cont period       numMeas perCntr retries retCntr ReqId      schId      nodeState                  
06-13 06:36:30.578  2982  3006 D LOWI-9.0.1.74: [LOWIScheduler] ******************************************************************************************************************************************
06-13 06:36:30.578  2982  3006 D LOWI-9.0.1.74: [LOWIScheduler] cleanUp: NumPeriodicNodesInDB left: 0
06-13 06:36:30.578  2200  4416 D QCALOG  : [LOWIUtils] parseMeasurementInfo - RSSI_TIMESTAMP(1781350590249) RSSI(0) MEAS_AGE(-1) RTT_TIMESTAMP(1781350590249) RTT(104482) TX_PREAMBLE(3) TX_NSS(1) TX_BW(0) TX_MCS_IDX(0) TX_BIT_RATE(65) RX_PREAMBLE(0) RX_NSS(2) RX_BW(0) RX_MCS_IDX(0) RX_BIT_RATE(65) tx_chain_no(0) rx_chain_no(-1) TX_STS(0) TX_NREP(0) RX_STS(0) RX_NREP(0) R2I_NDP_INTEGRITY_CHECK(0) INVALID_FAC(0)
06-13 06:36:30.578  2982  3006 D LOWI-9.0.1.74: [LOWIScheduler] deleteClientInfo: deleting reqId(247) originator(73fd882c00-LC), reqType(PERIODIC_RANGING_SCAN)
06-13 06:36:30.578  2982  3006 D LOWI-9.0.1.74: [LOWIScheduler] getMeasInProgressNodeCnt mNodeDataBase size 0
06-13 06:36:30.579  2982  3006 D LOWI-9.0.1.74: [LOWIScheduler] All node are served ? YES delete rtt req 
06-13 06:36:30.579  2200  4416 W QCALOG  : [LOWIUtils] parseMeasurementInfo - Unable to extract CFR_CIR_LENGTH
06-13 06:36:30.579  2982  3006 D LOWI-9.0.1.74: [LOWIScheduler] manageMsg:delete current wifi rtt request
06-13 06:36:30.579  2982  3006 D LOWI-9.0.1.74: [LOWIController] Scheduler is managing the msg
06-13 06:36:30.579  2200  4416 D QCALOG  : [LOWIUtils] parseMeasurementInfo - RSSI_TIMESTAMP(1781350590249) RSSI(0) MEAS_AGE(-1) RTT_TIMESTAMP(1781350590249) RTT(104505) TX_PREAMBLE(3) TX_NSS(1) TX_BW(0) TX_MCS_IDX(0) TX_BIT_RATE(65) RX_PREAMBLE(0) RX_NSS(2) RX_BW(0) RX_MCS_IDX(0) RX_BIT_RATE(65) tx_chain_no(0) rx_chain_no(-1) TX_STS(0) TX_NREP(0) RX_STS(0) RX_NREP(0) R2I_NDP_INTEGRITY_CHECK(0) INVALID_FAC(0)
06-13 06:36:30.579  2200  4416 D QCALOG  : [LOWIUtils] parseIEDataInfo - Total IE's = 0
06-13 06:36:30.579  2200  4416 D QCALOG  : [LOWIUtils] parseScanMeasurements - RTT_TARGET_STATUS(0) BEACON_PERIOD(0), BEACON_CAPS(0), IE_LENGTH(0)
06-13 06:36:30.579  2200  4416 D QCALOG  : [LOWIUtils] parseRangingScanMeasurements - MAX_BSS_IND = 0, NUM_COLOC_BSS = 0, Peer OEM = 0
06-13 06:36:30.579  2200  4416 D QCALOG  : [LOWIUtils] parseScanMeasurements - FREQUENCY(5220) IS_SECURE(0) NODE_TYPE(1)RTT_TYPE(1) ADD_INFO 0x0tmr_subtype(0) security_mode(0)
06-13 06:36:30.579  2200  4416 D QCALOG  : [LOWIUtils] COUNTRY_CODE is 
06-13 06:36:30.579  2200  4416 D QCALOG  : [LOWIUtils] parseScanMeasurements - CELL_POWER(0) INDOOR OUTDOOR( ), MEASUREMENT_NUM(0)
06-13 06:36:30.579  2200  4416 D QCALOG  : [LOWIUtils] parseMeasurementInfo - Total measurements = 2
06-13 06:36:30.579  2200  4416 W QCALOG  : [LOWIUtils] parseMeasurementInfo - Unable to extract CFR_CIR_LENGTH
06-13 06:36:30.579  2200  4416 D QCALOG  : [LOWIUtils] parseMeasurementInfo - RSSI_TIMESTAMP(1781350590292) RSSI(0) MEAS_AGE(-1) RTT_TIMESTAMP(1781350590292) RTT(103976) TX_PREAMBLE(3) TX_NSS(1) TX_BW(0) TX_MCS_IDX(0) TX_BIT_RATE(65) RX_PREAMBLE(0) RX_NSS(2) RX_BW(0) RX_MCS_IDX(0) RX_BIT_RATE(65) tx_chain_no(0) rx_chain_no(-1) TX_STS(0) TX_NREP(0) RX_STS(0) RX_NREP(0) R2I_NDP_INTEGRITY_CHECK(0) INVALID_FAC(0)
06-13 06:36:30.579  2200  4416 W QCALOG  : [LOWIUtils] parseMeasurementInfo - Unable to extract CFR_CIR_LENGTH
06-13 06:36:30.579  2200  4416 D QCALOG  : [LOWIUtils] parseMeasurementInfo - RSSI_TIMESTAMP(1781350590292) RSSI(0) MEAS_AGE(-1) RTT_TIMESTAMP(1781350590292) RTT(103976) TX_PREAMBLE(3) TX_NSS(1) TX_BW(0) TX_MCS_IDX(0) TX_BIT_RATE(65) RX_PREAMBLE(0) RX_NSS(2) RX_BW(0) RX_MCS_IDX(0) RX_BIT_RATE(65) tx_chain_no(0) rx_chain_no(-1) TX_STS(0) TX_NREP(0) RX_STS(0) RX_NREP(0) R2I_NDP_INTEGRITY_CHECK(0) INVALID_FAC(0)
06-13 06:36:30.579  2200  4416 D QCALOG  : [LOWIUtils] parseIEDataInfo - Total IE's = 0
06-13 06:36:30.579  2200  4416 D QCALOG  : [LOWIUtils] parseScanMeasurements - RTT_TARGET_STATUS(0) BEACON_PERIOD(0), BEACON_CAPS(0), IE_LENGTH(0)
06-13 06:36:30.580  2200  4416 D QCALOG  : [LOWIUtils] parseRangingScanMeasurements - MAX_BSS_IND = 0, NUM_COLOC_BSS = 0, Peer OEM = 0
06-13 06:36:30.581  2200  4416 D QCALOG  : [LOWIUtils] parseScanMeasurements - FREQUENCY(5500) IS_SECURE(0) NODE_TYPE(1)RTT_TYPE(1) ADD_INFO 0x0tmr_subtype(0) security_mode(0)
06-13 06:36:30.581  2200  4416 D QCALOG  : [LOWIUtils] COUNTRY_CODE is 
06-13 06:36:30.581  2200  4416 D QCALOG  : [LOWIUtils] parseScanMeasurements - CELL_POWER(0) INDOOR OUTDOOR( ), MEASUREMENT_NUM(0)
06-13 06:36:30.581  2200  4416 D QCALOG  : [LOWIUtils] parseMeasurementInfo - Total measurements = 2
06-13 06:36:30.581  2200  4416 W QCALOG  : [LOWIUtils] parseMeasurementInfo - Unable to extract CFR_CIR_LENGTH
06-13 06:36:30.581  2200  4416 D QCALOG  : [LOWIUtils] parseMeasurementInfo - RSSI_TIMESTAMP(1781350590574) RSSI(0) MEAS_AGE(-1) RTT_TIMESTAMP(1781350590574) RTT(103410) TX_PREAMBLE(3) TX_NSS(1) TX_BW(0) TX_MCS_IDX(0) TX_BIT_RATE(65) RX_PREAMBLE(0) RX_NSS(2) RX_BW(0) RX_MCS_IDX(0) RX_BIT_RATE(65) tx_chain_no(0) rx_chain_no(-1) TX_STS(0) TX_NREP(0) RX_STS(0) RX_NREP(0) R2I_NDP_INTEGRITY_CHECK(0) INVALID_FAC(0)
06-13 06:36:30.581  2200  4416 W QCALOG  : [LOWIUtils] parseMeasurementInfo - Unable to extract CFR_CIR_LENGTH
06-13 06:36:30.581  2200  4416 D QCALOG  : [LOWIUtils] parseMeasurementInfo - RSSI_TIMESTAMP(1781350590574) RSSI(0) MEAS_AGE(-1) RTT_TIMESTAMP(1781350590574) RTT(103605) TX_PREAMBLE(3) TX_NSS(1) TX_BW(0) TX_MCS_IDX(0) TX_BIT_RATE(65) RX_PREAMBLE(0) RX_NSS(2) RX_BW(0) RX_MCS_IDX(0) RX_BIT_RATE(65) tx_chain_no(0) rx_chain_no(-1) TX_STS(0) TX_NREP(0) RX_STS(0) RX_NREP(0) R2I_NDP_INTEGRITY_CHECK(0) INVALID_FAC(0)
06-13 06:36:30.581  2200  4416 D QCALOG  : [LOWIUtils] parseIEDataInfo - Total IE's = 0
06-13 06:36:30.581  2200  4416 D QCALOG  : [LOWIUtils] parseScanMeasurements - RTT_TARGET_STATUS(0) BEACON_PERIOD(0), BEACON_CAPS(0), IE_LENGTH(0)
06-13 06:36:30.581  2200  4416 D QCALOG  : [LOWIUtils] parseRangingScanMeasurements - MAX_BSS_IND = 0, NUM_COLOC_BSS = 0, Peer OEM = 0
06-13 06:36:30.581  2200  4416 D QCALOG  : [LOWIUtils] parseScanMeasurements - FREQUENCY(5500) IS_SECURE(0) NODE_TYPE(1)RTT_TYPE(1) ADD_INFO 0x0tmr_subtype(0) security_mode(0)
06-13 06:36:30.581  2200  4416 D QCALOG  : [LOWIUtils] COUNTRY_CODE is 
06-13 06:36:30.581  2200  4416 D QCALOG  : [LOWIUtils] parseScanMeasurements - CELL_POWER(0) INDOOR OUTDOOR( ), MEASUREMENT_NUM(0)
06-13 06:36:30.581  2200  4416 D QCALOG  : [LOWIUtils] parseMeasurementInfo - Total measurements = 2
06-13 06:36:30.581  2200  4416 W QCALOG  : [LOWIUtils] parseMeasurementInfo - Unable to extract CFR_CIR_LENGTH
06-13 06:36:30.581  2200  4416 D QCALOG  : [LOWIUtils] parseMeasurementInfo - RSSI_TIMESTAMP(1781350590575) RSSI(0) MEAS_AGE(-1) RTT_TIMESTAMP(1781350590575) RTT(103580) TX_PREAMBLE(3) TX_NSS(1) TX_BW(0) TX_MCS_IDX(0) TX_BIT_RATE(65) RX_PREAMBLE(0) RX_NSS(2) RX_BW(0) RX_MCS_IDX(0) RX_BIT_RATE(65) tx_chain_no(0) rx_chain_no(-1) TX_STS(0) TX_NREP(0) RX_STS(0) RX_NREP(0) R2I_NDP_INTEGRITY_CHECK(0) INVALID_FAC(0)
06-13 06:36:30.581  2200  4416 W QCALOG  : [LOWIUtils] parseMeasurementInfo - Unable to extract CFR_CIR_LENGTH
06-13 06:36:30.581  2200  4416 D QCALOG  : [LOWIUtils] parseMeasurementInfo - RSSI_TIMESTAMP(1781350590575) RSSI(0) MEAS_AGE(-1) RTT_TIMESTAMP(1781350590575) RTT(103705) TX_PREAMBLE(3) TX_NSS(1) TX_BW(0) TX_MCS_IDX(0) TX_BIT_RATE(65) RX_PREAMBLE(0) RX_NSS(2) RX_BW(0) RX_MCS_IDX(0) RX_BIT_RATE(65) tx_chain_no(0) rx_chain_no(-1) TX_STS(0) TX_NREP(0) RX_STS(0) RX_NREP(0) R2I_NDP_INTEGRITY_CHECK(0) INVALID_FAC(0)
06-13 06:36:30.581  3178  4121 D SensorService: setSContextDataLocked ints length 3 , byte length 5
06-13 06:36:30.581  2200  4416 D QCALOG  : [LOWIUtils] parseIEDataInfo - Total IE's = 0
06-13 06:36:30.581  3178  4121 D SensorService: setSContextDataLocked 240b0ec1
06-13 06:36:30.581  2200  4416 D QCALOG  : [LOWIUtils] parseScanMeasurements - RTT_TARGET_STATUS(0) BEACON_PERIOD(0), BEACON_CAPS(0), IE_LENGTH(0)
06-13 06:36:30.582  2198  2198 I sensors-hal: inject_sensor_data:407, handle 1502 send inject
06-13 06:36:30.582  2198  2198 I sensors-hal: sendContextData:290, sensor hal 5, (0xc1, 0xe, 0xb, 0x24)
06-13 06:36:30.582  2200  4416 D QCALOG  : [LOWIClientListener] Frequency = 5785, Is Secure = 0, Node type = 1
06-13 06:36:30.582  2198  2198 I sensors-hal: sendContextData:230, activities 5 c1, 1
06-13 06:36:30.582  2200  4416 D QCALOG  : [LOWIClientListener] RSSI = 0, RSSI_TIMESTAMP = 1781350590248, RTT = 104460354ps, RTT_TIMESTAMP = 1781350590248
06-13 06:36:30.582  2198  2198 I sensors-hal: sendUserData:251, Activities cmd 0xc1 0xe
06-13 06:36:30.582  2200  4416 D QCALOG  : [LOWIClientListener] PREAMBLE = 3, BW = 0, MCS_IDX = 0, BIT_RATE = 65
06-13 06:36:30.582  2200  4416 D QCALOG  : [LOWIClientListener] RSSI = 0, RSSI_TIMESTAMP = 1781350590248, RTT = 104461917ps, RTT_TIMESTAMP = 1781350590248
06-13 06:36:30.582  2198  2198 I sensors-hal: sendUserData:265, Activities system time h 11 m 36 s 30
06-13 06:36:30.582  2200  4416 D QCALOG  : [LOWIClientListener] PREAMBLE = 3, BW = 0, MCS_IDX = 0, BIT_RATE = 65
06-13 06:36:30.582  2200  4416 D QCALOG  : [LOWIClientListener] Frequency = 5785, Is Secure = 0, Node type = 1
06-13 06:36:30.582  2198  2198 I sensors-hal: create_send_context_data:80, sending create_send_context_data
06-13 06:36:30.582  2200  4416 D QCALOG  : [LOWIClientListener] RSSI = 0, RSSI_TIMESTAMP = 1781350590249, RTT = 104811135ps, RTT_TIMESTAMP = 1781350590249
06-13 06:36:30.582  2200  4416 D QCALOG  : [LOWIClientListener] PREAMBLE = 3, BW = 0, MCS_IDX = 0, BIT_RATE = 65
06-13 06:36:30.582  2200  4416 D QCALOG  : [LOWIClientListener] RSSI = 0, RSSI_TIMESTAMP = 1781350590249, RTT = 104484573ps, RTT_TIMESTAMP = 1781350590249
06-13 06:36:30.582  2198  2198 I sensors-hal: send_context_data:694, activities, 4914309220830019584, 1320970896291267344, msgid:700, 1
06-13 06:36:30.582  2200  4416 D QCALOG  : [LOWIClientListener] PREAMBLE = 3, BW = 0, MCS_IDX = 0, BIT_RATE = 65
06-13 06:36:30.582  2198  2198 I sensors-hal: send_sync_sensor_request:508, send sync request
06-13 06:36:30.582  2200  4416 D QCALOG  : [LOWIClientListener] Frequency = 5785, Is Secure = 0, Node type = 1
06-13 06:36:30.582  2198  2198 I sensors-hal: send_sync_sensor_request:518, send_sync_sensor_request before send_request for activities with SUID low=4914309220830019584 high=1320970896291267344
06-13 06:36:30.582  2200  4416 D QCALOG  : [LOWIClientListener] RSSI = 0, RSSI_TIMESTAMP = 1781350590249, RTT = 104482229ps, RTT_TIMESTAMP = 1781350590249
06-13 06:36:30.582  2200  4416 D QCALOG  : [LOWIClientListener] PREAMBLE = 3, BW = 0, MCS_IDX = 0, BIT_RATE = 65
06-13 06:36:30.582  2200  4416 D QCALOG  : [LOWIClientListener] RSSI = 0, RSSI_TIMESTAMP = 1781350590249, RTT = 104505667ps, RTT_TIMESTAMP = 1781350590249
06-13 06:36:30.582  2200  4416 D QCALOG  : [LOWIClientListener] PREAMBLE = 3, BW = 0, MCS_IDX = 0, BIT_RATE = 65
06-13 06:36:30.582  2200  4416 D QCALOG  : [LOWIClientListener] Frequency = 5220, Is Secure = 0, Node type = 1
06-13 06:36:30.582  2200  4416 D QCALOG  : [LOWIClientListener] RSSI = 0, RSSI_TIMESTAMP = 1781350590292, RTT = 103976967ps, RTT_TIMESTAMP = 1781350590292
06-13 06:36:30.582  2200  4416 D QCALOG  : [LOWIClientListener] PREAMBLE = 3, BW = 0, MCS_IDX = 0, BIT_RATE = 65
06-13 06:36:30.582  2200  4416 D QCALOG  : [LOWIClientListener] RSSI = 0, RSSI_TIMESTAMP = 1781350590292, RTT = 103976967ps, RTT_TIMESTAMP = 1781350590292
06-13 06:36:30.582  2200  4416 D QCALOG  : [LOWIClientListener] PREAMBLE = 3, BW = 0, MCS_IDX = 0, BIT_RATE = 65
06-13 06:36:30.582  2198  2198 I sensors-hal: send_sync_sensor_request:537, wait for notification of response
06-13 06:36:30.582  2200  4416 D QCALOG  : [LOWIClientListener] Frequency = 5500, Is Secure = 0, Node type = 1
06-13 06:36:30.582  2200  4416 D QCALOG  : [LOWIClientListener] RSSI = 0, RSSI_TIMESTAMP = 1781350590574, RTT = 103410354ps, RTT_TIMESTAMP = 1781350590574
06-13 06:36:30.582  2200  4416 D QCALOG  : [LOWIClientListener] PREAMBLE = 3, BW = 0, MCS_IDX = 0, BIT_RATE = 65
06-13 06:36:30.582  2200  4416 D QCALOG  : [LOWIClientListener] RSSI = 0, RSSI_TIMESTAMP = 1781350590574, RTT = 103605666ps, RTT_TIMESTAMP = 1781350590574
06-13 06:36:30.582  2200  4416 D QCALOG  : [LOWIClientListener] PREAMBLE = 3, BW = 0, MCS_IDX = 0, BIT_RATE = 65
06-13 06:36:30.582  2200  4416 D QCALOG  : [LOWIClientListener] Frequency = 5500, Is Secure = 0, Node type = 1
06-13 06:36:30.582  2200  4416 D QCALOG  : [LOWIClientListener] RSSI = 0, RSSI_TIMESTAMP = 1781350590575, RTT = 103580667ps, RTT_TIMESTAMP = 1781350590575
06-13 06:36:30.582  2200  4416 D QCALOG  : [LOWIClientListener] PREAMBLE = 3, BW = 0, MCS_IDX = 0, BIT_RATE = 65
06-13 06:36:30.582  2200  4416 D QCALOG  : [LOWIClientListener] RSSI = 0, RSSI_TIMESTAMP = 1781350590575, RTT = 103705667ps, RTT_TIMESTAMP = 1781350590575
06-13 06:36:30.582  2200  4416 D QCALOG  : [LOWIClientListener] PREAMBLE = 3, BW = 0, MCS_IDX = 0, BIT_RATE = 65
06-13 06:36:30.582  2200  4416 D QCALOG  : [LOWIClientListener] computeRttMetrics: 5a:4c:77:**:**:11 RTT Chain_0 Final Mean:100000000.0000 Max:104460354 Min:100000000 Spread:4460354 Stdev:0 median: 100000000
06-13 06:36:30.582  2200  4416 D QCALOG  : [LOWIClientListener] @printWiFiHalNodeResult(): BSSID: 5a:4c:77:**:**:11, timestamp:(26323935000)
06-13 06:36:30.582  2200  4416 D QCALOG  : [LOWIClientListener] @printWiFiHalNodeResult(): measurement_num(0), status(RTT_STATUS_SUCCESS), type(RTT_TYPE_1_SIDED)
06-13 06:36:30.582  2200  4416 I QCALOG  : [LOWIClientListener] printWiFiHalNodeResult: rssi(0), rssi_spread(0), rtt(100000000), rtt_sd(0), rtt_spread(4460354)
06-13 06:36:30.582  2200  4416 D QCALOG  : [LOWIClientListener] @printWiFiHalNodeResult(): tx_rate info: preamble(VHT), nss(2x2), bw(WIFI_CHAN_WIDTH_80P80), mcs_idx(0), bitrate(65)
06-13 06:36:30.582  2200  4416 D QCALOG  : [LOWIClientListener] @printWiFiHalNodeResult(): distance_mm(15000001), distance_spread_mm(669053), distance_sd_mm(0)
06-13 06:36:30.582  2200  4416 D QCALOG  : [LOWIClientListener] @printWiFiHalNodeResult(): frequency(5785), packet_bw(4)
06-13 06:36:30.582  2198  4119 I sensors-hal: qsh_conn_resp_cb:935, resp_value = 0 for activities 
06-13 06:36:30.582  2198  2198 I sensors-hal: send_sync_sensor_request:543, takes 0 ms to receive the response with 0
06-13 06:36:30.582  2198  2198 I sensors-hal: sendContextData:114, common_info 5
06-13 06:36:30.582  2198  2198 I sensors-hal: sendUserData:137, CommonInfo 0xc1 0xe 0xb 0x24
06-13 06:36:30.582  2198  2198 I sensors-hal: create_send_context_data:70, sending create_send_context_data
06-13 06:36:30.582  2198  2198 I sensors-hal: send_context_data:694, common_info, 4914309147815575552, 1320970896291267344, msgid:700, 1
06-13 06:36:30.583  2198  2198 I sensors-hal: send_sync_sensor_request:508, send sync request
06-13 06:36:30.583  2198  2198 I sensors-hal: send_sync_sensor_request:518, send_sync_sensor_request before send_request for common_info with SUID low=4914309147815575552 high=1320970896291267344
06-13 06:36:30.583  2198  2198 I sensors-hal: send_sync_sensor_request:537, wait for notification of response
06-13 06:36:30.583  2200  4416 D QCALOG  : [LOWIClientListener] computeRttMetrics: 4a:4c:77:**:**:11 RTT Chain_0 Final Mean:100000000.0000 Max:104811135 Min:100000000 Spread:4811135 Stdev:0 median: 100000000
06-13 06:36:30.583  2200  4416 D QCALOG  : [LOWIClientListener] @printWiFiHalNodeResult(): BSSID: 4a:4c:77:**:**:11, timestamp:(26323936000)
06-13 06:36:30.583  2200  4416 D QCALOG  : [LOWIClientListener] @printWiFiHalNodeResult(): measurement_num(0), status(RTT_STATUS_SUCCESS), type(RTT_TYPE_1_SIDED)
06-13 06:36:30.583  2200  4416 I QCALOG  : [LOWIClientListener] printWiFiHalNodeResult: rssi(0), rssi_spread(0), rtt(100000000), rtt_sd(0), rtt_spread(4811135)
06-13 06:36:30.583  2200  4416 D QCALOG  : [LOWIClientListener] @printWiFiHalNodeResult(): tx_rate info: preamble(VHT), nss(2x2), bw(WIFI_CHAN_WIDTH_80P80), mcs_idx(0), bitrate(65)
06-13 06:36:30.583  2200  4416 D QCALOG  : [LOWIClientListener] @printWiFiHalNodeResult(): distance_mm(15000001), distance_spread_mm(721670), distance_sd_mm(0)
06-13 06:36:30.583  2200  4416 D QCALOG  : [LOWIClientListener] @printWiFiHalNodeResult(): frequency(5785), packet_bw(4)
06-13 06:36:30.583  2200  4416 D QCALOG  : [LOWIClientListener] computeRttMetrics: 40:4c:77:**:**:11 RTT Chain_0 Final Mean:100000000.0000 Max:104482229 Min:100000000 Spread:4482229 Stdev:0 median: 100000000
06-13 06:36:30.583  2200  4416 D QCALOG  : [LOWIClientListener] @printWiFiHalNodeResult(): BSSID: 40:4c:77:**:**:11, timestamp:(26323936000)
06-13 06:36:30.583  2200  4416 D QCALOG  : [LOWIClientListener] @printWiFiHalNodeResult(): measurement_num(0), status(RTT_STATUS_SUCCESS), type(RTT_TYPE_1_SIDED)
06-13 06:36:30.583  2200  4416 I QCALOG  : [LOWIClientListener] printWiFiHalNodeResult: rssi(0), rssi_spread(0), rtt(100000000), rtt_sd(0), rtt_spread(4482229)
06-13 06:36:30.583  2200  4416 D QCALOG  : [LOWIClientListener] @printWiFiHalNodeResult(): tx_rate info: preamble(VHT), nss(2x2), bw(WIFI_CHAN_WIDTH_80P80), mcs_idx(0), bitrate(65)
06-13 06:36:30.583  2200  4416 D QCALOG  : [LOWIClientListener] @printWiFiHalNodeResult(): distance_mm(15000001), distance_spread_mm(672334), distance_sd_mm(0)
06-13 06:36:30.583  2200  4416 D QCALOG  : [LOWIClientListener] @printWiFiHalNodeResult(): frequency(5785), packet_bw(4)
06-13 06:36:30.583  2200  4416 D QCALOG  : [LOWIClientListener] computeRttMetrics: f0:09:0d:**:**:01 RTT Chain_0 Final Mean:100000000.0000 Max:103976967 Min:100000000 Spread:3976967 Stdev:0 median: 100000000
06-13 06:36:30.583  2200  4416 D QCALOG  : [LOWIClientListener] @printWiFiHalNodeResult(): BSSID: f0:09:0d:**:**:01, timestamp:(26323936000)
06-13 06:36:30.583  2200  4416 D QCALOG  : [LOWIClientListener] @printWiFiHalNodeResult(): measurement_num(0), status(RTT_STATUS_SUCCESS), type(RTT_TYPE_1_SIDED)
06-13 06:36:30.583  2200  4416 I QCALOG  : [LOWIClientListener] printWiFiHalNodeResult: rssi(0), rssi_spread(0), rtt(100000000), rtt_sd(0), rtt_spread(3976967)
06-13 06:36:30.583  2200  4416 D QCALOG  : [LOWIClientListener] @printWiFiHalNodeResult(): tx_rate info: preamble(VHT), nss(2x2), bw(WIFI_CHAN_WIDTH_80P80), mcs_idx(0), bitrate(65)
06-13 06:36:30.583  2200  4416 D QCALOG  : [LOWIClientListener] @printWiFiHalNodeResult(): distance_mm(15000001), distance_spread_mm(596545), distance_sd_mm(0)
06-13 06:36:30.583  2200  4416 D QCALOG  : [LOWIClientListener] @printWiFiHalNodeResult(): frequency(5220), packet_bw(4)
06-13 06:36:30.583  2198  4119 I sensors-hal: qsh_conn_resp_cb:935, resp_value = 0 for common_info 
06-13 06:36:30.584  2198  2198 I sensors-hal: send_sync_sensor_request:543, takes 0 ms to receive the response with 0
06-13 06:36:30.584  2200  4416 D QCALOG  : [LOWIClientListener] computeRttMetrics: 60:d8:a4:**:**:9d RTT Chain_0 Final Mean:100000000.0000 Max:103410354 Min:100000000 Spread:3410354 Stdev:0 median: 100000000
06-13 06:36:30.584  2200  4416 D QCALOG  : [LOWIClientListener] @printWiFiHalNodeResult(): BSSID: 60:d8:a4:**:**:9d, timestamp:(26323937000)
06-13 06:36:30.584  2200  4416 D QCALOG  : [LOWIClientListener] @printWiFiHalNodeResult(): measurement_num(0), status(RTT_STATUS_SUCCESS), type(RTT_TYPE_1_SIDED)
06-13 06:36:30.584  2200  4416 I QCALOG  : [LOWIClientListener] printWiFiHalNodeResult: rssi(0), rssi_spread(0), rtt(100000000), rtt_sd(0), rtt_spread(3410354)
06-13 06:36:30.584  2200  4416 D QCALOG  : [LOWIClientListener] @printWiFiHalNodeResult(): tx_rate info: preamble(VHT), nss(2x2), bw(WIFI_CHAN_WIDTH_80P80), mcs_idx(0), bitrate(65)
06-13 06:36:30.584  2200  4416 D QCALOG  : [LOWIClientListener] @printWiFiHalNodeResult(): distance_mm(15000001), distance_spread_mm(511553), distance_sd_mm(0)
06-13 06:36:30.584  2200  4416 D QCALOG  : [LOWIClientListener] @printWiFiHalNodeResult(): frequency(5500), packet_bw(4)
06-13 06:36:30.584  2200  4416 D QCALOG  : [LOWIClientListener] computeRttMetrics: 62:d8:a4:**:**:f9 RTT Chain_0 Final Mean:100000000.0000 Max:103580667 Min:100000000 Spread:3580667 Stdev:0 median: 100000000
06-13 06:36:30.584  2200  4416 D QCALOG  : [LOWIClientListener] @printWiFiHalNodeResult(): BSSID: 62:d8:a4:**:**:f9, timestamp:(26323937000)
06-13 06:36:30.584  2200  4416 D QCALOG  : [LOWIClientListener] @printWiFiHalNodeResult(): measurement_num(0), status(RTT_STATUS_SUCCESS), type(RTT_TYPE_1_SIDED)
06-13 06:36:30.584  2200  4416 I QCALOG  : [LOWIClientListener] printWiFiHalNodeResult: rssi(0), rssi_spread(0), rtt(100000000), rtt_sd(0), rtt_spread(3580667)
06-13 06:36:30.584  2200  4416 D QCALOG  : [LOWIClientListener] @printWiFiHalNodeResult(): tx_rate info: preamble(VHT), nss(2x2), bw(WIFI_CHAN_WIDTH_80P80), mcs_idx(0), bitrate(65)
06-13 06:36:30.584  2200  4416 D QCALOG  : [LOWIClientListener] @printWiFiHalNodeResult(): distance_mm(15000001), distance_spread_mm(537100), distance_sd_mm(0)
06-13 06:36:30.584  2200  4416 D QCALOG  : [LOWIClientListener] @printWiFiHalNodeResult(): frequency(5500), packet_bw(4)
06-13 06:36:30.584  3178  4117 D CAE     : onGetSensorHubData(SensorHubParserProvider.java:92) - onGetSensorHubData Event [event buffer len :15], AP_SLEEP
06-13 06:36:30.584  3178  4117 I CAE     : parse(SensorHubParserProvider.java:188) - buffer size = 15
06-13 06:36:30.584  3178  4117 I CAE     : parse(SensorHubParserProvider.java:199) - 1, 1, 61, -1, 0, 2, 1, 0, 0, 0, 1, 0, 0, 0, 0,
06-13 06:36:30.585  3178  4117 D CAE     : display(ContextProvider.java:375) - ================= CH_LOC_TRIGGER =================
06-13 06:36:30.585  3178  4117 I CAE     : display(ContextProvider.java:391) - duration=[1], property=[1], result=[2], reserved=[0]
06-13 06:36:30.586  3178  4114 D SemContextService: Service.updateContext() : service = Location Change Trigger
06-13 06:36:30.586  3178  4165 D SemContextManager: onSemContextChanged() : event = Location Change Trigger
06-13 06:36:30.586  3178  4165 D NSLocationMonitor: onSemContextChanged, activity : 1 result : 2 movement : 1
06-13 06:36:30.589  2200  4360 D QCALOG  : [LOWI-WIFIHAL-2.1.1.27] printWiFiHalRequest: Request_id: 1246, numBssids : 6
06-13 06:36:30.589  2200  4360 D QCALOG  : [LOWI-WIFIHAL-2.1.1.27] wifiNodeParamChecking: Request_id: 1246, numBssids : 6
06-13 06:36:30.589  2200  4360 D QCALOG  : [LOWIUtils] requestToOutPostcard - Added a node card to the main card
06-13 06:36:30.590  2200  4360 D QCALOG  : [LOWIUtils] requestToOutPostcard - Added a node card to the main card
06-13 06:36:30.590  2200  4360 D QCALOG  : [LOWIUtils] requestToOutPostcard - Added a node card to the main card
06-13 06:36:30.590  2200  4360 D QCALOG  : [LOWIUtils] requestToOutPostcard - Added a node card to the main card
06-13 06:36:30.590  2200  4360 D QCALOG  : [LOWIUtils] requestToOutPostcard - Added a node card to the main card
06-13 06:36:30.590  2200  4360 D QCALOG  : [LOWIUtils] requestToOutPostcard - Added a node card to the main card
06-13 06:36:30.591  2200  4360 D QCALOG  : [LOWI-WIFIHAL-2.1.1.27] printLowiRequest: Request_id: 248, numBssids: 6
06-13 06:36:30.591  2982  3005 D LOWI-9.0.1.74: [MqClientIpcReciver] FROM: 73fd882c00-LC
06-13 06:36:30.591  2982  3005 D LOWI-9.0.1.74: [MqClientIpcReciver] REQ:  LOWI_PERIODIC_RANGING_SCAN
06-13 06:36:30.591  2982  3005 D LOWI-9.0.1.74: [MqClientIpcReciver] TX-ID:  248
06-13 06:36:30.591  2982  3006 D LOWI-9.0.1.74: [LOWIEventReceiver] handleEvent:FROM:73fd882c00-LC, TO:LOWI-SERVER, REQ:LOWI_PERIODIC_RANGING_SCAN, IREQ:NA, REQ_ID:248, RESP:NA, INFO:NA
06-13 06:36:30.591  2200  4360 D QCALOG  : [LOWI-WIFIHAL-2.1.1.27] printLowiRequest: freq(5500)MHz, band_center_freq1(5530)MHz, band_center_freq2(0)MHz, rttType(RTT2), bwType(BW_80MHZ), pktsPerMeas(2)
06-13 06:36:30.591  2200  4360 D QCALOG  : [LOWI-WIFIHAL-2.1.1.27] printLowiRequest: periodic(0), burstPeriod(0) ms, numBursts(0), numRetries(3)
06-13 06:36:30.591  2200  4360 D QCALOG  : [LOWI-WIFIHAL-2.1.1.27] printLowiRequest: LCI Req(0x1) Civic(0x1) Bursts Exp(0) Burst Duration(9) Burst Period(0)
06-13 06:36:30.591  2200  4360 D QCALOG  : [LOWI-WIFIHAL-2.1.1.27] printLowiRequest: freq(5500)MHz, band_center_freq1(5530)MHz, band_center_freq2(0)MHz, rttType(RTT2), bwType(BW_80MHZ), pktsPerMeas(2)
06-13 06:36:30.591  2200  4360 D QCALOG  : [LOWI-WIFIHAL-2.1.1.27] printLowiRequest: periodic(0), burstPeriod(0) ms, numBursts(0), numRetries(3)
06-13 06:36:30.591  2200  4360 D QCALOG  : [LOWI-WIFIHAL-2.1.1.27] printLowiRequest: LCI Req(0x1) Civic(0x1) Bursts Exp(0) Burst Duration(9) Burst Period(0)
06-13 06:36:30.591  2200  4360 D QCALOG  : [LOWI-WIFIHAL-2.1.1.27] printLowiRequest: freq(5220)MHz, band_center_freq1(5210)MHz, band_center_freq2(5250)MHz, rttType(RTT2), bwType(BW_160MHZ), pktsPerMeas(2)
06-13 06:36:30.591  2200  4360 D QCALOG  : [LOWI-WIFIHAL-2.1.1.27] printLowiRequest: periodic(0), burstPeriod(0) ms, numBursts(0), numRetries(3)
06-13 06:36:30.591  2982  3006 I LOWI-9.0.1.74: [LOWIUtils] inPostcardToRequest - FROM: 73fd882c00-LC, TO:   LOWI-SERVER, REQ:  LOWI_PERIODIC_RANGING_SCAN
06-13 06:36:30.591  2982  3006 D LOWI-9.0.1.74: [LOWIUtils] parseRangReqInfo - Request id(248) REQ_TIMEOUT(0) RANGING_SCAN_REPORT_TYPE(2), NUM_OF_NODES(6)
06-13 06:36:30.591  2200  4360 D QCALOG  : [LOWI-WIFIHAL-2.1.1.27] printLowiRequest: LCI Req(0x1) Civic(0x1) Bursts Exp(0) Burst Duration(9) Burst Period(0)
06-13 06:36:30.591  2982  3006 D LOWI-9.0.1.74: [LOWIUtils] parseRangScanParams - 62:d8:a4:**:**:f9 FREQ(5500 - 5530, 0) NODE_TYPE(1) RTT Type(1) BW(2) PREAMBLE(2) PKTS_PER_MEAS(2) RETRIES_PER_MEAS(3) PHYMODE(-1)
06-13 06:36:30.591  2982  3006 D LOWI-9.0.1.74: [LOWIUtils] parseRangScanParams - isRttBgNode 0 tbPeriodicity 0 tbDuration 0 tbMaxSessionExpiry 0
06-13 06:36:30.591  2982  3006 D LOWI-9.0.1.74: [LOWIUtils] parseRangScanParams -  PERIODIC(0) PERIOD(0) COUNT(0)
06-13 06:36:30.591  2982  3006 D LOWI-9.0.1.74: [LOWIUtils] parseRangScanParams - 60:d8:a4:**:**:9d FREQ(5500 - 5530, 0) NODE_TYPE(1) RTT Type(1) BW(2) PREAMBLE(2) PKTS_PER_MEAS(2) RETRIES_PER_MEAS(3) PHYMODE(-1)
06-13 06:36:30.591  2982  3006 D LOWI-9.0.1.74: [LOWIUtils] parseRangScanParams - isRttBgNode 0 tbPeriodicity 0 tbDuration 0 tbMaxSessionExpiry 0
06-13 06:36:30.591  2982  3006 D LOWI-9.0.1.74: [LOWIUtils] parseRangScanParams -  PERIODIC(0) PERIOD(0) COUNT(0)
06-13 06:36:30.591  2982  3006 D LOWI-9.0.1.74: [LOWIUtils] parseRangScanParams - f0:09:0d:**:**:01 FREQ(5220 - 5210, 5250) NODE_TYPE(1) RTT Type(1) BW(3) PREAMBLE(2) PKTS_PER_MEAS(2) RETRIES_PER_MEAS(3) PHYMODE(-1)
06-13 06:36:30.591  2982  3006 D LOWI-9.0.1.74: [LOWIUtils] parseRangScanParams - isRttBgNode 0 tbPeriodicity 0 tbDuration 0 tbMaxSessionExpiry 0
06-13 06:36:30.592  2982  3006 D LOWI-9.0.1.74: [LOWIUtils] parseRangScanParams -  PERIODIC(0) PERIOD(0) COUNT(0)
06-13 06:36:30.592  2200  4360 D QCALOG  : [LOWI-WIFIHAL-2.1.1.27] printLowiRequest: freq(5785)MHz, band_center_freq1(5775)MHz, band_center_freq2(0)MHz, rttType(RTT2), bwType(BW_80MHZ), pktsPerMeas(2)
06-13 06:36:30.592  2200  4360 D QCALOG  : [LOWI-WIFIHAL-2.1.1.27] printLowiRequest: periodic(0), burstPeriod(0) ms, numBursts(0), numRetries(3)
06-13 06:36:30.592  2200  4360 D QCALOG  : [LOWI-WIFIHAL-2.1.1.27] printLowiRequest: LCI Req(0x1) Civic(0x1) Bursts Exp(0) Burst Duration(9) Burst Period(0)
06-13 06:36:30.592  2200  4360 D QCALOG  : [LOWI-WIFIHAL-2.1.1.27] printLowiRequest: freq(5785)MHz, band_center_freq1(5775)MHz, band_center_freq2(0)MHz, rttType(RTT2), bwType(BW_80MHZ), pktsPerMeas(2)
06-13 06:36:30.592  2200  4360 D QCALOG  : [LOWI-WIFIHAL-2.1.1.27] printLowiRequest: periodic(0), burstPeriod(0) ms, numBursts(0), numRetries(3)
06-13 06:36:30.592  2200  4360 D QCALOG  : [LOWI-WIFIHAL-2.1.1.27] printLowiRequest: LCI Req(0x1) Civic(0x1) Bursts Exp(0) Burst Duration(9) Burst Period(0)
06-13 06:36:30.592  2200  4360 D QCALOG  : [LOWI-WIFIHAL-2.1.1.27] printLowiRequest: freq(5785)MHz, band_center_freq1(5775)MHz, band_center_freq2(0)MHz, rttType(RTT2), bwType(BW_80MHZ), pktsPerMeas(2)
06-13 06:36:30.592  2982  3006 D LOWI-9.0.1.74: [LOWIUtils] parseRangScanParams - 40:4c:77:**:**:11 FREQ(5785 - 5775, 0) NODE_TYPE(1) RTT Type(1) BW(2) PREAMBLE(2) PKTS_PER_MEAS(2) RETRIES_PER_MEAS(3) PHYMODE(-1)
06-13 06:36:30.592  2200  4360 D QCALOG  : [LOWI-WIFIHAL-2.1.1.27] printLowiRequest: periodic(0), burstPeriod(0) ms, numBursts(0), numRetries(3)
06-13 06:36:30.592  2200  4360 D QCALOG  : [LOWI-WIFIHAL-2.1.1.27] printLowiRequest: LCI Req(0x1) Civic(0x1) Bursts Exp(0) Burst Duration(9) Burst Period(0)
06-13 06:36:30.592  2982  3006 D LOWI-9.0.1.74: [LOWIUtils] parseRangScanParams - isRttBgNode 0 tbPeriodicity 0 tbDuration 0 tbMaxSessionExpiry 0
06-13 06:36:30.592  2982  3006 D LOWI-9.0.1.74: [LOWIUtils] parseRangScanParams -  PERIODIC(0) PERIOD(0) COUNT(0)
06-13 06:36:30.592  2982  3006 D LOWI-9.0.1.74: [LOWIUtils] parseRangScanParams - 4a:4c:77:**:**:11 FREQ(5785 - 5775, 0) NODE_TYPE(1) RTT Type(1) BW(2) PREAMBLE(2) PKTS_PER_MEAS(2) RETRIES_PER_MEAS(3) PHYMODE(-1)
06-13 06:36:30.592  2982  3006 D LOWI-9.0.1.74: [LOWIUtils] parseRangScanParams - isRttBgNode 0 tbPeriodicity 0 tbDuration 0 tbMaxSessionExpiry 0
06-13 06:36:30.592  2982  3006 D LOWI-9.0.1.74: [LOWIUtils] parseRangScanParams -  PERIODIC(0) PERIOD(0) COUNT(0)
06-13 06:36:30.592  2982  3006 D LOWI-9.0.1.74: [LOWIUtils] parseRangScanParams - 5a:4c:77:**:**:11 FREQ(5785 - 5775, 0) NODE_TYPE(1) RTT Type(1) BW(2) PREAMBLE(2) PKTS_PER_MEAS(2) RETRIES_PER_MEAS(3) PHYMODE(-1)
06-13 06:36:30.592  2982  3006 D LOWI-9.0.1.74: [LOWIUtils] parseRangScanParams - isRttBgNode 0 tbPeriodicity 0 tbDuration 0 tbMaxSessionExpiry 0
06-13 06:36:30.592  2982  3006 D LOWI-9.0.1.74: [LOWIUtils] parseRangScanParams -  PERIODIC(0) PERIOD(0) COUNT(0)
06-13 06:36:30.593  2982  3006 D LOWI-9.0.1.74: [LOWIController] _process: Request 73fd882c00-LC_248 received, type(PERIODIC_RANGING_SCAN)
06-13 06:36:30.593  2982  3006 D LOWI-9.0.1.74: [LOWIBackgroundScanMgr] isReqForBgScanMgr: PERIODIC_RANGING_SCAN - not handled
06-13 06:36:30.593  2982  3006 D LOWI-9.0.1.74: [LOWIScheduler] manageRequest: Received: PERIODIC_RANGING_SCAN
06-13 06:36:30.593  2982  3006 D LOWI-9.0.1.74: [LOWIScheduler] manageRequest: NumPeriodicNodesInDB(0) DBsize(6) mTimerRunning(0)
06-13 06:36:30.593  2982  3006 D LOWI-9.0.1.74: [LOWIScheduler] ****************************** WiFiNode Database *****************************************************************************************
06-13 06:36:30.593  2982  3006 D LOWI-9.0.1.74: [LOWIScheduler] Num of remaining nodes: 6
06-13 06:36:30.593  2982  3006 D LOWI-9.0.1.74: [LOWIScheduler] BSSID             Freq nodeT rttT  BW     pkts cont period       numMeas perCntr retries retCntr ReqId      schId      nodeState                  
06-13 06:36:30.593  2982  3006 D LOWI-9.0.1.74: [LOWIScheduler] 5a:4c:77:**:**:11 5785 AP    RTT2  BW_80  2    0    0            0       0       3       0       248        0          WIFI_NODE_READY_FOR_REQ    
06-13 06:36:30.593  2982  3006 D LOWI-9.0.1.74: [LOWIScheduler] 4a:4c:77:**:**:11 5785 AP    RTT2  BW_80  2    0    0            0       0       3       0       248        0          WIFI_NODE_READY_FOR_REQ    
06-13 06:36:30.593  2982  3006 D LOWI-9.0.1.74: [LOWIScheduler] 40:4c:77:**:**:11 5785 AP    RTT2  BW_80  2    0    0            0       0       3       0       248        0          WIFI_NODE_READY_FOR_REQ    
06-13 06:36:30.594  2982  3006 D LOWI-9.0.1.74: [LOWIScheduler] f0:09:0d:**:**:01 5220 AP    RTT2  BW_160 2    0    0            0       0       3       0       248        0          WIFI_NODE_READY_FOR_REQ    
06-13 06:36:30.594  2982  3006 D LOWI-9.0.1.74: [LOWIScheduler] 60:d8:a4:**:**:9d 5500 AP    RTT2  BW_80  2    0    0            0       0       3       0       248        0          WIFI_NODE_READY_FOR_REQ    
06-13 06:36:30.594  2982  3006 D LOWI-9.0.1.74: [LOWIScheduler] 62:d8:a4:**:**:f9 5500 AP    RTT2  BW_80  2    0    0            0       0       3       0       248        0          WIFI_NODE_READY_FOR_REQ    
06-13 06:36:30.594  2982  3006 D LOWI-9.0.1.74: [LOWIScheduler] ******************************************************************************************************************************************
06-13 06:36:30.594  2982  3006 D LOWI-9.0.1.74: [LOWIScheduler] setupRequest: nodes in wifi req(6) wigig req(0) bg_nodes req(0)
06-13 06:36:30.594  2982  3006 D LOWI-9.0.1.74: [LOWIScheduler] schReqId: 2982-247
06-13 06:36:30.595  2982  3006 D LOWI-9.0.1.74: [LOWIController] isWifiEnabled: mNlWifiStatus 2 mWifiStateEnabled 1
06-13 06:36:30.595  2982  3006 D LOWI-9.0.1.74: [LOWI-ROME-RTT] RomeUnblockRangingThread
06-13 06:36:30.595  2982  4414 D LOWI-9.0.1.74: [LOWI-ROME-RTT] RomeWaitOnActivityOnSocketOrPipe: Ranging thread Received string: Close, request socket shutdown 
06-13 06:36:30.595  2982  4414 D LOWI-9.0.1.74: [LOWIRangingFSM] FSM: Received Event EVENT_RANGING_REQ, Current state: STATE_READY_AND_IDLE
06-13 06:36:30.595  2982  4414 I LOWI-9.0.1.74: [LOWIRangingFSM] Skipping TMR check temporarily 
06-13 06:36:30.596  2982  4414 I LOWI-9.0.1.74: [LOWIRangingFSM] PrepareRangingRequest: AP: 5a:4c:77:**:**:11MHz: 5785 freq1: 5775 freq2: 0 BW: 2 phy mode: LOWI_PHY_MODE_11AC_VHT80    Overwrite chanInfo from cache
06-13 06:36:30.596  2982  4414 D LOWI-9.0.1.74: [LOWIRangingHeliumFSM] validChannelBWPreambleCombo: Valid combo: BW(BW_80MHZ) channel(5785:5775) phy mode(LOWI_PHY_MODE_11AC_VHT80) & preamble(RTT_PREAMBLE_VHT) for AP:5a:4c:77:**:**:11
06-13 06:36:30.596  2982  4414 I LOWI-9.0.1.74: [LOWIRangingFSM] Skipping TMR check temporarily 
06-13 06:36:30.596  2982  4414 I LOWI-9.0.1.74: [LOWIRangingFSM] PrepareRangingRequest: AP: 4a:4c:77:**:**:11MHz: 5785 freq1: 5775 freq2: 0 BW: 2 phy mode: LOWI_PHY_MODE_11AC_VHT80    Overwrite chanInfo from cache
06-13 06:36:30.596  2982  4414 D LOWI-9.0.1.74: [LOWIRangingHeliumFSM] validChannelBWPreambleCombo: Valid combo: BW(BW_80MHZ) channel(5785:5775) phy mode(LOWI_PHY_MODE_11AC_VHT80) & preamble(RTT_PREAMBLE_VHT) for AP:4a:4c:77:**:**:11
06-13 06:36:30.596  2982  4414 I LOWI-9.0.1.74: [LOWIRangingFSM] Skipping TMR check temporarily 
06-13 06:36:30.596  2982  4414 I LOWI-9.0.1.74: [LOWIRangingFSM] PrepareRangingRequest: AP: 40:4c:77:**:**:11MHz: 5785 freq1: 5775 freq2: 0 BW: 2 phy mode: LOWI_PHY_MODE_11AC_VHT80    Overwrite chanInfo from cache
06-13 06:36:30.596  2982  4414 D LOWI-9.0.1.74: [LOWIRangingHeliumFSM] validChannelBWPreambleCombo: Valid combo: BW(BW_80MHZ) channel(5785:5775) phy mode(LOWI_PHY_MODE_11AC_VHT80) & preamble(RTT_PREAMBLE_VHT) for AP:40:4c:77:**:**:11
06-13 06:36:30.597  2982  3006 D LOWI-9.0.1.74: [LOWIController] issueRequest: LOWIRequestOriginator_195428599 sent to driver request - SUCCESS
06-13 06:36:30.597  2982  3006 D LOWI-9.0.1.74: [LOWIScheduler] setupRequest: database updated
06-13 06:36:30.597  2982  3006 D LOWI-9.0.1.74: [LOWIScheduler] ****************************** WiFiNode Database *****************************************************************************************
06-13 06:36:30.597  2982  3006 D LOWI-9.0.1.74: [LOWIScheduler] Num of remaining nodes: 6
06-13 06:36:30.597  2982  3006 D LOWI-9.0.1.74: [LOWIScheduler] BSSID             Freq nodeT rttT  BW     pkts cont period       numMeas perCntr retries retCntr ReqId      schId      nodeState                  
06-13 06:36:30.597  2982  3006 D LOWI-9.0.1.74: [LOWIScheduler] 5a:4c:77:**:**:11 5785 AP    RTT2  BW_80  2    0    0            0       0       3       0       248        195428599  WIFI_NODE_MEAS_IN_PROGRESS 
06-13 06:36:30.597  2982  3006 D LOWI-9.0.1.74: [LOWIScheduler] 4a:4c:77:**:**:11 5785 AP    RTT2  BW_80  2    0    0            0       0       3       0       248        195428599  WIFI_NODE_MEAS_IN_PROGRESS 
06-13 06:36:30.597  2982  3006 D LOWI-9.0.1.74: [LOWIScheduler] 40:4c:77:**:**:11 5785 AP    RTT2  BW_80  2    0    0            0       0       3       0       248        195428599  WIFI_NODE_MEAS_IN_PROGRESS 
06-13 06:36:30.597  2982  3006 D LOWI-9.0.1.74: [LOWIScheduler] f0:09:0d:**:**:01 5220 AP    RTT2  BW_160 2    0    0            0       0       3       0       248        195428599  WIFI_NODE_MEAS_IN_PROGRESS 
06-13 06:36:30.597  2982  3006 D LOWI-9.0.1.74: [LOWIScheduler] 60:d8:a4:**:**:9d 5500 AP    RTT2  BW_80  2    0    0            0       0       3       0       248        195428599  WIFI_NODE_MEAS_IN_PROGRESS 
06-13 06:36:30.597  2982  3006 D LOWI-9.0.1.74: [LOWIScheduler] 62:d8:a4:**:**:f9 5500 AP    RTT2  BW_80  2    0    0            0       0       3       0       248        195428599  WIFI_NODE_MEAS_IN_PROGRESS 
06-13 06:36:30.597  2982  3006 D LOWI-9.0.1.74: [LOWIScheduler] ******************************************************************************************************************************************
06-13 06:36:30.598  2982  3006 D LOWI-9.0.1.74: [LOWIController] Scheduler is managing the msg
06-13 06:36:30.598  2982  4414 I LOWI-9.0.1.74: [LOWIRangingFSM] Skipping TMR check temporarily 
06-13 06:36:30.598  2982  4414 I LOWI-9.0.1.74: [LOWIRangingFSM] PrepareRangingRequest: AP: f0:09:0d:**:**:01MHz: 5220 freq1: 5210 freq2: 5250 BW: 3 phy mode: LOWI_PHY_MODE_11AX_HE160    Overwrite chanInfo from cache
06-13 06:36:30.598  2982  4414 D LOWI-9.0.1.74: [LOWIRangingHeliumFSM] validChannelBWPreambleCombo: Valid combo: BW(BW_160MHZ) channel(5220:5210) phy mode(LOWI_PHY_MODE_11AX_HE160) & preamble(RTT_PREAMBLE_VHT) for AP:f0:09:0d:**:**:01
06-13 06:36:30.598  2982  4414 I LOWI-9.0.1.74: [LOWIRangingFSM] Skipping TMR check temporarily 
06-13 06:36:30.598  2982  4414 I LOWI-9.0.1.74: [LOWIRangingFSM] PrepareRangingRequest: AP: 60:d8:a4:**:**:9dMHz: 5500 freq1: 5530 freq2: 0 BW: 2 phy mode: LOWI_PHY_MODE_11AC_VHT80    Overwrite chanInfo from cache
06-13 06:36:30.598  2982  4414 D LOWI-9.0.1.74: [LOWIRangingHeliumFSM] validChannelBWPreambleCombo: Valid combo: BW(BW_80MHZ) channel(5500:5530) phy mode(LOWI_PHY_MODE_11AC_VHT80) & preamble(RTT_PREAMBLE_VHT) for AP:60:d8:a4:**:**:9d
06-13 06:36:30.598  2982  4414 I LOWI-9.0.1.74: [LOWIRangingFSM] Skipping TMR check temporarily 
06-13 06:36:30.598  2982  4414 I LOWI-9.0.1.74: [LOWIRangingFSM] PrepareRangingRequest: AP: 62:d8:a4:**:**:f9MHz: 5500 freq1: 5530 freq2: 0 BW: 2 phy mode: LOWI_PHY_MODE_11AC_VHT80    Overwrite chanInfo from cache
06-13 06:36:30.598  2982  4414 D LOWI-9.0.1.74: [LOWIRangingHeliumFSM] validChannelBWPreambleCombo: Valid combo: BW(BW_80MHZ) channel(5500:5530) phy mode(LOWI_PHY_MODE_11AC_VHT80) & preamble(RTT_PREAMBLE_VHT) for AP:62:d8:a4:**:**:f9
06-13 06:36:30.598  2982  4414 D LOWI-9.0.1.74: [LOWIRangingFSM] SendRangingReq: curChIndex: 0, totChs: 3, curAp: 0, totAp: 3
06-13 06:36:30.598  2982  4414 I LOWI-9.0.1.74: [LOWIRangingFSM] SendRangingReq: Starting RTT with 3 APs over 3 channels
06-13 06:36:30.598  2982  4414 D LOWI-9.0.1.74: [LOWIUtils] freqToChBandBit: frequency 5785 channel 157 Band 1
06-13 06:36:30.599  2982  4414 D LOWI-9.0.1.74: [LOWIUtils] freqToChBandBit: frequency 5785 channel 157 Band 1
06-13 06:36:30.599  2982  4414 D LOWI-9.0.1.74: [LOWI-HELIUM-RTT] RomeSendRttReq: PHY Mode(LOWI_PHY_MODE_11AC_VHT80) timeoutPerTarget(50) reportType(RTT_REPORT_AGGREGATE)
06-13 06:36:30.599  2200  4411 I WifiHAL : send_nl_data: sent cld80211 msg of len: 268 to driver
06-13 06:36:30.599  2982  4414 D LOWI-9.0.1.74: [LOWI-ROME-RTT] send_oem_nl_msg: sent cld80211 message with subcmd: 5
06-13 06:36:30.599  2982  4414 D LOWI-9.0.1.74: [LOWIRangingFSM] FSM: New FSM state: STATE_PROCESSING_RANGING_REQ
06-13 06:36:30.599  2982  4414 D LOWI-9.0.1.74: [LOWI-ROME-RTT] RomeWaitOnActivityOnSocketOrPipe: issue timed select: TO: 5 
06-13 06:36:30.643  2200  4411 I WifiHAL : send oem msg of len : 644 to apps
06-13 06:36:30.644  2982  4414 D LOWI-9.0.1.74: [LOWI-ROME-RTT] RomeWaitOnActivityOnSocketOrPipe: timed select over: TO: 5 retVal: 1
06-13 06:36:30.644  2982  4414 D LOWI-9.0.1.74: [LOWI-ROME-RTT] event_handler: Valid data with length 612
06-13 06:36:30.644  2982  4414 D LOWI-9.0.1.74: [LOWI-HELIUM-RTT] storeNLFragment: new fragment group, tokenid(2), adding 604 chars @position 0
06-13 06:36:30.644  2982  4414 D LOWI-9.0.1.74: [LOWI-HELIUM-RTT] RomeNLRecvMessage: The Received OEMSubType: RTT_MSG_SUBTYPE_MEASUREMENT_RSP
06-13 06:36:30.644  2982  4414 D LOWI-9.0.1.74: [LOWI-HELIUM-RTT] RomeNLRecvMessage: The Received RomeMsgType: ROME_RANGING_MEAS_MSG
06-13 06:36:30.644  2982  4414 D LOWI-9.0.1.74: [LOWIRangingFSM] FSM: Received Event EVENT_RANGING_MEAS_RECV, Current state: STATE_PROCESSING_RANGING_REQ
06-13 06:36:30.644  2982  4414 D LOWI-9.0.1.74: [LOWIWifiTlvHandler] processRspHeadTlv: reqId(767) measDone(1) rttStatus(RTT_STATUS_SUCCESS) subtype(RTT_MSG_SUBTYPE_MEASUREMENT_RSP) isFrag(0) fragIdx(0) fragLen(580) tknId(22)
06-13 06:36:30.644  2982  4414 D LOWI-9.0.1.74: [LOWIWifiTlvHandler] checkTlvTag: Processing idx(0) received TLV: wmi_rtt_oem_rsp_head
06-13 06:36:30.644  2982  4414 D LOWI-9.0.1.74: [LOWIWifiTlvHandler] processIfPeerEvtHdrTag: Invalid Tag(33), not added to vector mPeerIdx(0)
06-13 06:36:30.644  2982  4414 D LOWI-9.0.1.74: [LOWIWifiTlvHandler] processIfPerFrmInfoTag: Invalid Tag(33) measurement not added for peer(0)
06-13 06:36:30.645  2982  4414 D LOWI-9.0.1.74: [LOWIWifiTlvHandler] checkTlvTag: Processing idx(1) received TLV: wmi_rtt_oem_measrsp_head
06-13 06:36:30.645  2982  4414 D LOWI-9.0.1.74: [LOWIWifiTlvHandler] processIfPeerEvtHdrTag: Invalid Tag(41), not added to vector mPeerIdx(0)
06-13 06:36:30.645  2982  4414 D LOWI-9.0.1.74: [LOWIWifiTlvHandler] processIfPerFrmInfoTag: Invalid Tag(41) measurement not added for peer(0)
06-13 06:36:30.645  2982  4414 D LOWI-9.0.1.74: [LOWIWifiTlvHandler] checkTlvTag: Processing idx(2) received TLV: loop_start
06-13 06:36:30.645  2982  4414 D LOWI-9.0.1.74: [LOWIWifiTlvHandler] processIfPeerEvtHdrTag: Invalid Tag(16), not added to vector mPeerIdx(0)
06-13 06:36:30.645  2982  4414 D LOWI-9.0.1.74: [LOWIWifiTlvHandler] processIfPerFrmInfoTag: Invalid Tag(16) measurement not added for peer(0)
06-13 06:36:30.645  2982  4414 D LOWI-9.0.1.74: [LOWIWifiTlvHandler] checkTlvTag: Processing idx(3) received TLV: wmi_rtt_oem_per_peer_event_hdr
06-13 06:36:30.645  2982  4414 D LOWI-9.0.1.74: [LOWIWifiTlvHandler] processIfPerFrmInfoTag: Invalid Tag(42) measurement not added for peer(0)
06-13 06:36:30.645  2982  4414 D LOWI-9.0.1.74: [LOWIWifiTlvHandler] checkTlvTag: Processing idx(4) received TLV: WMIRTT_TLV_TAG_ARRAY_UINT8
06-13 06:36:30.645  2982  4414 D LOWI-9.0.1.74: [LOWIWifiTlvHandler] processIfPeerEvtHdrTag: Invalid Tag(18), not added to vector mPeerIdx(0)
06-13 06:36:30.645  2982  4414 D LOWI-9.0.1.74: [LOWIWifiTlvHandler] processIfPerFrmInfoTag: Invalid Tag(18) measurement not added for peer(0)
06-13 06:36:30.645  2982  4414 D LOWI-9.0.1.74: [LOWIWifiTlvHandler] checkTlvTag: Processing idx(5) received TLV: loop_start
06-13 06:36:30.645  2982  4414 D LOWI-9.0.1.74: [LOWIWifiTlvHandler] processIfPeerEvtHdrTag: Invalid Tag(16), not added to vector mPeerIdx(0)
06-13 06:36:30.645  2982  4414 D LOWI-9.0.1.74: [LOWIWifiTlvHandler] processIfPerFrmInfoTag: Invalid Tag(16) measurement not added for peer(0)
06-13 06:36:30.645  2982  4414 D LOWI-9.0.1.74: [LOWIWifiTlvHandler] checkTlvTag: Processing idx(6) received TLV: wmi_rtt_oem_per_frame_info
06-13 06:36:30.645  2982  4414 D LOWI-9.0.1.74: [LOWIWifiTlvHandler] processIfPeerEvtHdrTag: Invalid Tag(43), not added to vector mPeerIdx(0)
06-13 06:36:30.645  2982  4414 D LOWI-9.0.1.74: [LOWIWifiTlvHandler] checkTlvTag: Processing idx(7) received unexpected but valid TLV(loop_end), going to idx(6)
06-13 06:36:30.646  2982  4414 D LOWI-9.0.1.74: [LOWIWifiTlvHandler] checkTlvTag: Processing idx(6) received TLV: wmi_rtt_oem_per_frame_info
06-13 06:36:30.646  2982  4414 D LOWI-9.0.1.74: [LOWIWifiTlvHandler] processIfPeerEvtHdrTag: Invalid Tag(43), not added to vector mPeerIdx(0)
06-13 06:36:30.646  2982  4414 D LOWI-9.0.1.74: [LOWIWifiTlvHandler] checkTlvTag: Processing idx(7) received TLV: loop_end
06-13 06:36:30.646  2982  4414 D LOWI-9.0.1.74: [LOWIWifiTlvHandler] processIfPeerEvtHdrTag: Invalid Tag(17), not added to vector mPeerIdx(0)
06-13 06:36:30.646  2982  4414 D LOWI-9.0.1.74: [LOWIWifiTlvHandler] processIfPerFrmInfoTag: Invalid Tag(17) measurement not added for peer(0)
06-13 06:36:30.646  2982  4414 D LOWI-9.0.1.74: [LOWIWifiTlvHandler] checkTlvTag: Processing idx(8) received unexpected but valid TLV(loop_end), going to idx(3)
06-13 06:36:30.646  2982  4414 D LOWI-9.0.1.74: [LOWIWifiTlvHandler] checkTlvTag: Processing idx(3) received TLV: wmi_rtt_oem_per_peer_event_hdr
06-13 06:36:30.646  2982  4414 D LOWI-9.0.1.74: [LOWIWifiTlvHandler] processIfPerFrmInfoTag: Invalid Tag(42) measurement not added for peer(1)
06-13 06:36:30.646  2982  4414 D LOWI-9.0.1.74: [LOWIWifiTlvHandler] checkTlvTag: Processing idx(4) received TLV: WMIRTT_TLV_TAG_ARRAY_UINT8
06-13 06:36:30.646  2982  4414 D LOWI-9.0.1.74: [LOWIWifiTlvHandler] processIfPeerEvtHdrTag: Invalid Tag(18), not added to vector mPeerIdx(1)
06-13 06:36:30.646  2982  4414 D LOWI-9.0.1.74: [LOWIWifiTlvHandler] processIfPerFrmInfoTag: Invalid Tag(18) measurement not added for peer(1)
06-13 06:36:30.646  2982  4414 D LOWI-9.0.1.74: [LOWIWifiTlvHandler] checkTlvTag: Processing idx(5) received TLV: loop_start
06-13 06:36:30.646  2982  4414 D LOWI-9.0.1.74: [LOWIWifiTlvHandler] processIfPeerEvtHdrTag: Invalid Tag(16), not added to vector mPeerIdx(1)
06-13 06:36:30.646  2982  4414 D LOWI-9.0.1.74: [LOWIWifiTlvHandler] processIfPerFrmInfoTag: Invalid Tag(16) measurement not added for peer(1)
06-13 06:36:30.646  2982  4414 D LOWI-9.0.1.74: [LOWIWifiTlvHandler] checkTlvTag: Processing idx(6) received TLV: wmi_rtt_oem_per_frame_info
06-13 06:36:30.647  2982  4414 D LOWI-9.0.1.74: [LOWIWifiTlvHandler] processIfPeerEvtHdrTag: Invalid Tag(43), not added to vector mPeerIdx(1)
06-13 06:36:30.647  2982  4414 D LOWI-9.0.1.74: [LOWIWifiTlvHandler] checkTlvTag: Processing idx(7) received unexpected but valid TLV(loop_end), going to idx(6)
06-13 06:36:30.647  2982  4414 D LOWI-9.0.1.74: [LOWIWifiTlvHandler] checkTlvTag: Processing idx(6) received TLV: wmi_rtt_oem_per_frame_info
06-13 06:36:30.647  2982  4414 D LOWI-9.0.1.74: [LOWIWifiTlvHandler] processIfPeerEvtHdrTag: Invalid Tag(43), not added to vector mPeerIdx(1)
06-13 06:36:30.647  2982  4414 D LOWI-9.0.1.74: [LOWIWifiTlvHandler] checkTlvTag: Processing idx(7) received TLV: loop_end
06-13 06:36:30.647  2982  4414 D LOWI-9.0.1.74: [LOWIWifiTlvHandler] processIfPeerEvtHdrTag: Invalid Tag(17), not added to vector mPeerIdx(1)
06-13 06:36:30.647  2982  4414 D LOWI-9.0.1.74: [LOWIWifiTlvHandler] processIfPerFrmInfoTag: Invalid Tag(17) measurement not added for peer(1)
06-13 06:36:30.647  2982  4414 D LOWI-9.0.1.74: [LOWIWifiTlvHandler] checkTlvTag: Processing idx(8) received unexpected but valid TLV(loop_end), going to idx(3)
06-13 06:36:30.648  2982  4414 D LOWI-9.0.1.74: [LOWIWifiTlvHandler] checkTlvTag: Processing idx(3) received TLV: wmi_rtt_oem_per_peer_event_hdr
06-13 06:36:30.648  2982  4414 D LOWI-9.0.1.74: [LOWIWifiTlvHandler] processIfPerFrmInfoTag: Invalid Tag(42) measurement not added for peer(2)
06-13 06:36:30.648  2982  4414 D LOWI-9.0.1.74: [LOWIWifiTlvHandler] checkTlvTag: Processing idx(4) received TLV: WMIRTT_TLV_TAG_ARRAY_UINT8
06-13 06:36:30.648  2982  4414 D LOWI-9.0.1.74: [LOWIWifiTlvHandler] processIfPeerEvtHdrTag: Invalid Tag(18), not added to vector mPeerIdx(2)
06-13 06:36:30.648  2982  4414 D LOWI-9.0.1.74: [LOWIWifiTlvHandler] processIfPerFrmInfoTag: Invalid Tag(18) measurement not added for peer(2)
06-13 06:36:30.648  2982  4414 D LOWI-9.0.1.74: [LOWIWifiTlvHandler] checkTlvTag: Processing idx(5) received TLV: loop_start
06-13 06:36:30.648  2982  4414 D LOWI-9.0.1.74: [LOWIWifiTlvHandler] processIfPeerEvtHdrTag: Invalid Tag(16), not added to vector mPeerIdx(2)
06-13 06:36:30.648  2982  4414 D LOWI-9.0.1.74: [LOWIWifiTlvHandler] processIfPerFrmInfoTag: Invalid Tag(16) measurement not added for peer(2)
06-13 06:36:30.649  2982  4414 D LOWI-9.0.1.74: [LOWIWifiTlvHandler] checkTlvTag: Processing idx(6) received TLV: wmi_rtt_oem_per_frame_info
06-13 06:36:30.649  2982  4414 D LOWI-9.0.1.74: [LOWIWifiTlvHandler] processIfPeerEvtHdrTag: Invalid Tag(43), not added to vector mPeerIdx(2)
06-13 06:36:30.649  2982  4414 D LOWI-9.0.1.74: [LOWIWifiTlvHandler] checkTlvTag: Processing idx(7) received unexpected but valid TLV(loop_end), going to idx(6)
06-13 06:36:30.649  2982  4414 D LOWI-9.0.1.74: [LOWIWifiTlvHandler] checkTlvTag: Processing idx(6) received TLV: wmi_rtt_oem_per_frame_info
06-13 06:36:30.649  2982  4414 D LOWI-9.0.1.74: [LOWIWifiTlvHandler] processIfPeerEvtHdrTag: Invalid Tag(43), not added to vector mPeerIdx(2)
06-13 06:36:30.649  2982  4414 D LOWI-9.0.1.74: [LOWIWifiTlvHandler] checkTlvTag: Processing idx(7) received TLV: loop_end
06-13 06:36:30.649  2982  4414 D LOWI-9.0.1.74: [LOWIWifiTlvHandler] processIfPeerEvtHdrTag: Invalid Tag(17), not added to vector mPeerIdx(2)
06-13 06:36:30.649  2982  4414 D LOWI-9.0.1.74: [LOWIWifiTlvHandler] processIfPerFrmInfoTag: Invalid Tag(17) measurement not added for peer(2)
06-13 06:36:30.649  2982  4414 D LOWI-9.0.1.74: [LOWIWifiTlvHandler] checkTlvTag: Processing idx(8) received TLV: loop_end
06-13 06:36:30.649  2982  4414 D LOWI-9.0.1.74: [LOWIWifiTlvHandler] processIfLoopEndTag: mPeerLs(0)...peer list ends
06-13 06:36:30.649  2982  4414 D LOWI-9.0.1.74: [LOWIWifiTlvHandler] processIfPeerEvtHdrTag: Invalid Tag(17), not added to vector mPeerIdx(2)
06-13 06:36:30.649  2982  4414 D LOWI-9.0.1.74: [LOWIWifiTlvHandler] processIfPerFrmInfoTag: Invalid Tag(17) measurement not added for peer(2)
06-13 06:36:30.649  2982  4414 D LOWI-9.0.1.74: [LOWIWifiTlvHandler] printBssidInfo: Peer 0 of 3,  numMeas = 2
06-13 06:36:30.649  2982  4414 D LOWI-9.0.1.74: [LOWIWifiTlvHandler] printBssidInfo: Peer 1 of 3,  numMeas = 2
06-13 06:36:30.650  2982  4414 D LOWI-9.0.1.74: [LOWIWifiTlvHandler] printBssidInfo: Peer 2 of 3,  numMeas = 2
06-13 06:36:30.650  2982  4414 D LOWI-9.0.1.74: [LOWI-HELIUM-RTT] printMeasRspHeadInfo: info(0x300002) channel_info(0x1699) rprtType(2) rttMeasType(0) rprtStatusV3(0) tmStart(0) numAPs(3) destMac(00:00:00:**:**:00) channelInfo(5785)
06-13 06:36:30.650  2982  4414 D LOWI-9.0.1.74: [LOWI-HELIUM-RTT] printPerPeerInfo: peerMac(5a:4c:77:**:**:11) burstIdx(0) numIEs(0) numMeasThisAP(2)rttMeasType(1) isQtiPeer(0) tmrSubType(0) isLastRespForPeer (0) securityMode(0) numFrmAttempted(2) actualBurstDur(10) actualNumFrmPerBur(2) actualBurstExp(0) retryAfterDur(0) measStartTSF(716187657) control(0x102) result_info_1(0xa0002)result_info_2(0x2) result_info_3(0x0) measStartTSF_field(0x2ab02809)
06-13 06:36:30.650  2982  4414 D LOWI-9.0.1.74: [LOWI-HELIUM-RTT] printPerPeerInfo: 11az params: i2r_lmr_feedback:0 ranging_priority:0 r2i_toa_type:0 i2r_toa_type:0 format_and_bw:0 imdt_r2i_feedback:0 imdt_i2r_feedback:0 max_i2r_repetition:0 max_r2i_repetition:0 device_class:0 full_bw_ul_mumimo:0 max_r2i_sts_le_80mhz:0 max_r2i_sts_gr_80mhz:0 max_r2i_ltf_total:0 max_i2r_sts_le_80mhz:0 max_i2r_sts_gr_80mhz:0 max_i2r_ltf_total:0 min_time_between_measurements:0 tb_max_session_expiry 0
06-13 06:36:30.650  2982  4414 D LOWI-9.0.1.74: [LOWI-P2P-RTT] p2pIsStored: Bad inputs
06-13 06:36:30.650  2982  4414 D LOWI-9.0.1.74: [LOWI-HELIUM-RTT] printPerFrameInfo: tx_rate_info1(0x10003) tx_rate_info2(0x41) rx_rate_info1(0x30000) rx_rate_info2(0x41) max_tod_toa_error(0x0)
06-13 06:36:30.650  2982  4414 D LOWI-9.0.1.74: [LOWI-HELIUM-RTT] printPerFrameInfo: rssi(1684300900) T1.time32(0x0) T1.time0(0x0) T2.time32(0x0) T2.time0(0x0) T3_del(0x0) T4_del(0x676b61f) txPreamble(0x3) txBw(0x0) txRateMcsIdx(0x0)txSTS(0x0) txNREP(0x0) txBitRate(0x41) rxPreamble(0x0) rxBw(0x0) invalidFACBit(0x0) rxRateMcsIdx(0x0) rxBitRate(0x41) chainMask(0x3) maxTodError(0x0)maxToaError(0x0) useTxChainNo(0x1) useRxChainNo(0x0) rxSTS(0x0) rxNREP(0x0) r2iNDPIntegrityCheck(0x0)
06-13 06:36:30.650  2982  4414 D LOWI-9.0.1.74: [LOWI-HELIUM-RTT] processPerFrameInfo: RTT V2 Performed - Raw RSSI(0x0), toa - tod = 0x676b61f(pre-offset), RTT(108443167 psecs), RSSI(0) 
06-13 06:36:30.650  2982  4414 D LOWI-9.0.1.74: [LOWI-HELIUM-RTT] printPerFrameInfo: tx_rate_info1(0x10003) tx_rate_info2(0x41) rx_rate_info1(0x30000) rx_rate_info2(0x41) max_tod_toa_error(0x0)
06-13 06:36:30.650  2982  4414 D LOWI-9.0.1.74: [LOWI-HELIUM-RTT] printPerFrameInfo: rssi(1684300900) T1.time32(0x0) T1.time0(0x0) T2.time32(0x0) T2.time0(0x0) T3_del(0x0) T4_del(0x63787ce) txPreamble(0x3) txBw(0x0) txRateMcsIdx(0x0)txSTS(0x0) txNREP(0x0) txBitRate(0x41) rxPreamble(0x0) rxBw(0x0) invalidFACBit(0x0) rxRateMcsIdx(0x0) rxBitRate(0x41) chainMask(0x3) maxTodError(0x0)maxToaError(0x0) useTxChainNo(0x1) useRxChainNo(0x0) rxSTS(0x0) rxNREP(0x0) r2iNDPIntegrityCheck(0x0)
06-13 06:36:30.650  2982  4414 D LOWI-9.0.1.74: [LOWI-HELIUM-RTT] processPerFrameInfo: RTT V2 Performed - Raw RSSI(0x0), toa - tod = 0x63787ce(pre-offset), RTT(104302542 psecs), RSSI(0) 
06-13 06:36:30.650  2982  4414 D LOWI-9.0.1.74: [LOWI-HELIUM-RTT] printPerPeerInfo: peerMac(4a:4c:77:**:**:11) burstIdx(0) numIEs(0) numMeasThisAP(2)rttMeasType(1) isQtiPeer(0) tmrSubType(0) isLastRespForPeer (0) securityMode(0) numFrmAttempted(2) actualBurstDur(4) actualNumFrmPerBur(2) actualBurstExp(0) retryAfterDur(0) measStartTSF(716187657) control(0x102) result_info_1(0x40002)result_info_2(0x2) result_info_3(0x0) measStartTSF_field(0x2ab02809)
06-13 06:36:30.650  2982  4414 D LOWI-9.0.1.74: [LOWI-HELIUM-RTT] printPerPeerInfo: 11az params: i2r_lmr_feedback:0 ranging_priority:0 r2i_toa_type:0 i2r_toa_type:0 format_and_bw:0 imdt_r2i_feedback:0 imdt_i2r_feedback:0 max_i2r_repetition:0 max_r2i_repetition:0 device_class:0 full_bw_ul_mumimo:0 max_r2i_sts_le_80mhz:0 max_r2i_sts_gr_80mhz:0 max_r2i_ltf_total:0 max_i2r_sts_le_80mhz:0 max_i2r_sts_gr_80mhz:0 max_i2r_ltf_total:0 min_time_between_measurements:0 tb_max_session_expiry 0
06-13 06:36:30.651  2982  4414 D LOWI-9.0.1.74: [LOWI-P2P-RTT] p2pIsStored: Bad inputs
06-13 06:36:30.651  2982  4414 D LOWI-9.0.1.74: [LOWI-HELIUM-RTT] printPerFrameInfo: tx_rate_info1(0x10003) tx_rate_info2(0x41) rx_rate_info1(0x30000) rx_rate_info2(0x41) max_tod_toa_error(0x0)
06-13 06:36:30.651  2982  4414 D LOWI-9.0.1.74: [LOWI-HELIUM-RTT] printPerFrameInfo: rssi(1684300900) T1.time32(0x0) T1.time0(0x0) T2.time32(0x0) T2.time0(0x0) T3_del(0x0) T4_del(0x637c4d7) txPreamble(0x3) txBw(0x0) txRateMcsIdx(0x0)txSTS(0x0) txNREP(0x0) txBitRate(0x41) rxPreamble(0x0) rxBw(0x0) invalidFACBit(0x0) rxRateMcsIdx(0x0) rxBitRate(0x41) chainMask(0x3) maxTodError(0x0)maxToaError(0x0) useTxChainNo(0x1) useRxChainNo(0x0) rxSTS(0x0) rxNREP(0x0) r2iNDPIntegrityCheck(0x0)
06-13 06:36:30.651  2982  4414 D LOWI-9.0.1.74: [LOWI-HELIUM-RTT] processPerFrameInfo: RTT V2 Performed - Raw RSSI(0x0), toa - tod = 0x637c4d7(pre-offset), RTT(104318167 psecs), RSSI(0) 
06-13 06:36:30.651  2982  4414 D LOWI-9.0.1.74: [LOWI-HELIUM-RTT] printPerFrameInfo: tx_rate_info1(0x10003) tx_rate_info2(0x41) rx_rate_info1(0x30000) rx_rate_info2(0x41) max_tod_toa_error(0x0)
06-13 06:36:30.651  2982  4414 D LOWI-9.0.1.74: [LOWI-HELIUM-RTT] printPerFrameInfo: rssi(1684300900) T1.time32(0x0) T1.time0(0x0) T2.time32(0x0) T2.time0(0x0) T3_del(0x0) T4_del(0x638a091) txPreamble(0x3) txBw(0x0) txRateMcsIdx(0x0)txSTS(0x0) txNREP(0x0) txBitRate(0x41) rxPreamble(0x0) rxBw(0x0) invalidFACBit(0x0) rxRateMcsIdx(0x0) rxBitRate(0x41) chainMask(0x3) maxTodError(0x0)maxToaError(0x0) useTxChainNo(0x1) useRxChainNo(0x0) rxSTS(0x0) rxNREP(0x0) r2iNDPIntegrityCheck(0x0)
06-13 06:36:30.651  2982  4414 D LOWI-9.0.1.74: [LOWI-HELIUM-RTT] processPerFrameInfo: RTT V2 Performed - Raw RSSI(0x0), toa - tod = 0x638a091(pre-offset), RTT(104374417 psecs), RSSI(0) 
06-13 06:36:30.651  2982  4414 D LOWI-9.0.1.74: [LOWI-HELIUM-RTT] printPerPeerInfo: peerMac(40:4c:77:**:**:11) burstIdx(0) numIEs(0) numMeasThisAP(2)rttMeasType(1) isQtiPeer(0) tmrSubType(0) isLastRespForPeer (0) securityMode(0) numFrmAttempted(2) actualBurstDur(4) actualNumFrmPerBur(2) actualBurstExp(0) retryAfterDur(0) measStartTSF(716187657) control(0x102) result_info_1(0x40002)result_info_2(0x2) result_info_3(0x0) measStartTSF_field(0x2ab02809)
06-13 06:36:30.651  2982  4414 D LOWI-9.0.1.74: [LOWI-HELIUM-RTT] printPerPeerInfo: 11az params: i2r_lmr_feedback:0 ranging_priority:0 r2i_toa_type:0 i2r_toa_type:0 format_and_bw:0 imdt_r2i_feedback:0 imdt_i2r_feedback:0 max_i2r_repetition:0 max_r2i_repetition:0 device_class:0 full_bw_ul_mumimo:0 max_r2i_sts_le_80mhz:0 max_r2i_sts_gr_80mhz:0 max_r2i_ltf_total:0 max_i2r_sts_le_80mhz:0 max_i2r_sts_gr_80mhz:0 max_i2r_ltf_total:0 min_time_between_measurements:0 tb_max_session_expiry 0
06-13 06:36:30.651  2982  4414 D LOWI-9.0.1.74: [LOWI-P2P-RTT] p2pIsStored: Bad inputs
06-13 06:36:30.651  2982  4414 D LOWI-9.0.1.74: [LOWI-HELIUM-RTT] printPerFrameInfo: tx_rate_info1(0x10003) tx_rate_info2(0x41) rx_rate_info1(0x30000) rx_rate_info2(0x41) max_tod_toa_error(0x0)
06-13 06:36:30.651  2982  4414 D LOWI-9.0.1.74: [LOWI-HELIUM-RTT] printPerFrameInfo: rssi(1684300900) T1.time32(0x0) T1.time0(0x0) T2.time32(0x0) T2.time0(0x0) T3_del(0x0) T4_del(0x63a3366) txPreamble(0x3) txBw(0x0) txRateMcsIdx(0x0)txSTS(0x0) txNREP(0x0) txBitRate(0x41) rxPreamble(0x0) rxBw(0x0) invalidFACBit(0x0) rxRateMcsIdx(0x0) rxBitRate(0x41) chainMask(0x3) maxTodError(0x0)maxToaError(0x0) useTxChainNo(0x1) useRxChainNo(0x0) rxSTS(0x0) rxNREP(0x0) r2iNDPIntegrityCheck(0x0)
06-13 06:36:30.651  2982  4414 D LOWI-9.0.1.74: [LOWI-HELIUM-RTT] processPerFrameInfo: RTT V2 Performed - Raw RSSI(0x0), toa - tod = 0x63a3366(pre-offset), RTT(104477542 psecs), RSSI(0) 
06-13 06:36:30.651  2982  4414 D LOWI-9.0.1.74: [LOWI-HELIUM-RTT] printPerFrameInfo: tx_rate_info1(0x10003) tx_rate_info2(0x41) rx_rate_info1(0x30000) rx_rate_info2(0x41) max_tod_toa_error(0x0)
06-13 06:36:30.651  2982  4414 D LOWI-9.0.1.74: [LOWI-HELIUM-RTT] printPerFrameInfo: rssi(1684300900) T1.time32(0x0) T1.time0(0x0) T2.time32(0x0) T2.time0(0x0) T3_del(0x0) T4_del(0x63a82be) txPreamble(0x3) txBw(0x0) txRateMcsIdx(0x0)txSTS(0x0) txNREP(0x0) txBitRate(0x41) rxPreamble(0x0) rxBw(0x0) invalidFACBit(0x0) rxRateMcsIdx(0x0) rxBitRate(0x41) chainMask(0x3) maxTodError(0x0)maxToaError(0x0) useTxChainNo(0x1) useRxChainNo(0x0) rxSTS(0x0) rxNREP(0x0) r2iNDPIntegrityCheck(0x0)
06-13 06:36:30.651  2982  4414 D LOWI-9.0.1.74: [LOWI-HELIUM-RTT] processPerFrameInfo: RTT V2 Performed - Raw RSSI(0x0), toa - tod = 0x63a82be(pre-offset), RTT(104497854 psecs), RSSI(0) 
06-13 06:36:30.652  2982  4414 I LOWI-9.0.1.74: [LOWIRangingHeliumFSM] SendReqToFwOrRespToUser: All ranging measurements completed.Send response to client
06-13 06:36:30.652  2982  4414 D LOWI-9.0.1.74: [LOWIRangingFSM] SendRangingReq: curChIndex: 1, totChs: 3, curAp: 0, totAp: 1
06-13 06:36:30.652  2982  4414 D LOWI-9.0.1.74: [LOWIUtils] freqToChBandBit: frequency 5220 channel 44 Band 1
06-13 06:36:30.652  2982  4414 D LOWI-9.0.1.74: [LOWIUtils] freqToChBandBit: frequency 5220 channel 44 Band 1
06-13 06:36:30.652  2982  4414 D LOWI-9.0.1.74: [LOWI-HELIUM-RTT] RomeSendRttReq: PHY Mode(LOWI_PHY_MODE_11AX_HE160) timeoutPerTarget(50) reportType(RTT_REPORT_AGGREGATE)
06-13 06:36:30.652  2200  4411 I WifiHAL : send_nl_data: sent cld80211 msg of len: 164 to driver
06-13 06:36:30.652  2982  4414 D LOWI-9.0.1.74: [LOWI-ROME-RTT] send_oem_nl_msg: sent cld80211 message with subcmd: 5
06-13 06:36:30.653  2982  4414 D LOWI-9.0.1.74: [LOWIRangingFSM] FSM: New FSM state: STATE_PROCESSING_RANGING_REQ
06-13 06:36:30.653  2982  4414 D LOWI-9.0.1.74: [LOWI-ROME-RTT] RomeWaitOnActivityOnSocketOrPipe: issue timed select: TO: 5 
06-13 06:36:30.690  2200  4411 I WifiHAL : send oem msg of len : 276 to apps
06-13 06:36:30.691  2982  4414 D LOWI-9.0.1.74: [LOWI-ROME-RTT] RomeWaitOnActivityOnSocketOrPipe: timed select over: TO: 5 retVal: 1
06-13 06:36:30.691  2982  4414 D LOWI-9.0.1.74: [LOWI-ROME-RTT] event_handler: Valid data with length 244
06-13 06:36:30.691  2982  4414 D LOWI-9.0.1.74: [LOWI-HELIUM-RTT] storeNLFragment: new fragment group, tokenid(2), adding 236 chars @position 0
06-13 06:36:30.691  2982  4414 D LOWI-9.0.1.74: [LOWI-HELIUM-RTT] RomeNLRecvMessage: The Received OEMSubType: RTT_MSG_SUBTYPE_MEASUREMENT_RSP
06-13 06:36:30.691  2982  4414 D LOWI-9.0.1.74: [LOWI-HELIUM-RTT] RomeNLRecvMessage: The Received RomeMsgType: ROME_RANGING_MEAS_MSG
06-13 06:36:30.691  2982  4414 D LOWI-9.0.1.74: [LOWIRangingFSM] FSM: Received Event EVENT_RANGING_MEAS_RECV, Current state: STATE_PROCESSING_RANGING_REQ
06-13 06:36:30.691  2982  4414 D LOWI-9.0.1.74: [LOWIWifiTlvHandler] processRspHeadTlv: reqId(768) measDone(1) rttStatus(RTT_STATUS_SUCCESS) subtype(RTT_MSG_SUBTYPE_MEASUREMENT_RSP) isFrag(0) fragIdx(0) fragLen(212) tknId(23)
06-13 06:36:30.691  2982  4414 D LOWI-9.0.1.74: [LOWIWifiTlvHandler] checkTlvTag: Processing idx(0) received TLV: wmi_rtt_oem_rsp_head
06-13 06:36:30.691  2982  4414 D LOWI-9.0.1.74: [LOWIWifiTlvHandler] processIfPeerEvtHdrTag: Invalid Tag(33), not added to vector mPeerIdx(0)
06-13 06:36:30.692  2982  4414 D LOWI-9.0.1.74: [LOWIWifiTlvHandler] processIfPerFrmInfoTag: Invalid Tag(33) measurement not added for peer(0)
06-13 06:36:30.692  2982  4414 D LOWI-9.0.1.74: [LOWIWifiTlvHandler] checkTlvTag: Processing idx(1) received TLV: wmi_rtt_oem_measrsp_head
06-13 06:36:30.692  2982  4414 D LOWI-9.0.1.74: [LOWIWifiTlvHandler] processIfPeerEvtHdrTag: Invalid Tag(41), not added to vector mPeerIdx(0)
06-13 06:36:30.692  2982  4414 D LOWI-9.0.1.74: [LOWIWifiTlvHandler] processIfPerFrmInfoTag: Invalid Tag(41) measurement not added for peer(0)
06-13 06:36:30.692  2982  4414 D LOWI-9.0.1.74: [LOWIWifiTlvHandler] checkTlvTag: Processing idx(2) received TLV: loop_start
06-13 06:36:30.692  2982  4414 D LOWI-9.0.1.74: [LOWIWifiTlvHandler] processIfPeerEvtHdrTag: Invalid Tag(16), not added to vector mPeerIdx(0)
06-13 06:36:30.692  2982  4414 D LOWI-9.0.1.74: [LOWIWifiTlvHandler] processIfPerFrmInfoTag: Invalid Tag(16) measurement not added for peer(0)
06-13 06:36:30.692  2982  4414 D LOWI-9.0.1.74: [LOWIWifiTlvHandler] checkTlvTag: Processing idx(3) received TLV: wmi_rtt_oem_per_peer_event_hdr
06-13 06:36:30.692  2982  4414 D LOWI-9.0.1.74: [LOWIWifiTlvHandler] processIfPerFrmInfoTag: Invalid Tag(42) measurement not added for peer(0)
06-13 06:36:30.692  2982  4414 D LOWI-9.0.1.74: [LOWIWifiTlvHandler] checkTlvTag: Processing idx(4) received TLV: WMIRTT_TLV_TAG_ARRAY_UINT8
06-13 06:36:30.692  2982  4414 D LOWI-9.0.1.74: [LOWIWifiTlvHandler] processIfPeerEvtHdrTag: Invalid Tag(18), not added to vector mPeerIdx(0)
06-13 06:36:30.692  2982  4414 D LOWI-9.0.1.74: [LOWIWifiTlvHandler] processIfPerFrmInfoTag: Invalid Tag(18) measurement not added for peer(0)
06-13 06:36:30.692  2982  4414 D LOWI-9.0.1.74: [LOWIWifiTlvHandler] checkTlvTag: Processing idx(5) received TLV: loop_start
06-13 06:36:30.692  2982  4414 D LOWI-9.0.1.74: [LOWIWifiTlvHandler] processIfPeerEvtHdrTag: Invalid Tag(16), not added to vector mPeerIdx(0)
06-13 06:36:30.692  2982  4414 D LOWI-9.0.1.74: [LOWIWifiTlvHandler] processIfPerFrmInfoTag: Invalid Tag(16) measurement not added for peer(0)
06-13 06:36:30.692  2982  4414 D LOWI-9.0.1.74: [LOWIWifiTlvHandler] checkTlvTag: Processing idx(6) received TLV: wmi_rtt_oem_per_frame_info
06-13 06:36:30.692  2982  4414 D LOWI-9.0.1.74: [LOWIWifiTlvHandler] processIfPeerEvtHdrTag: Invalid Tag(43), not added to vector mPeerIdx(0)
06-13 06:36:30.693  2982  4414 D LOWI-9.0.1.74: [LOWIWifiTlvHandler] checkTlvTag: Processing idx(7) received unexpected but valid TLV(loop_end), going to idx(6)
06-13 06:36:30.693  2982  4414 D LOWI-9.0.1.74: [LOWIWifiTlvHandler] checkTlvTag: Processing idx(6) received TLV: wmi_rtt_oem_per_frame_info
06-13 06:36:30.693  2982  4414 D LOWI-9.0.1.74: [LOWIWifiTlvHandler] processIfPeerEvtHdrTag: Invalid Tag(43), not added to vector mPeerIdx(0)
06-13 06:36:30.693  2982  4414 D LOWI-9.0.1.74: [LOWIWifiTlvHandler] checkTlvTag: Processing idx(7) received TLV: loop_end
06-13 06:36:30.693  2982  4414 D LOWI-9.0.1.74: [LOWIWifiTlvHandler] processIfPeerEvtHdrTag: Invalid Tag(17), not added to vector mPeerIdx(0)
06-13 06:36:30.693  2982  4414 D LOWI-9.0.1.74: [LOWIWifiTlvHandler] processIfPerFrmInfoTag: Invalid Tag(17) measurement not added for peer(0)
06-13 06:36:30.693  2982  4414 D LOWI-9.0.1.74: [LOWIWifiTlvHandler] checkTlvTag: Processing idx(8) received TLV: loop_end
06-13 06:36:30.693  2982  4414 D LOWI-9.0.1.74: [LOWIWifiTlvHandler] processIfLoopEndTag: mPeerLs(0)...peer list ends
06-13 06:36:30.693  2982  4414 D LOWI-9.0.1.74: [LOWIWifiTlvHandler] processIfPeerEvtHdrTag: Invalid Tag(17), not added to vector mPeerIdx(0)
06-13 06:36:30.693  2982  4414 D LOWI-9.0.1.74: [LOWIWifiTlvHandler] processIfPerFrmInfoTag: Invalid Tag(17) measurement not added for peer(0)
06-13 06:36:30.693  2982  4414 D LOWI-9.0.1.74: [LOWIWifiTlvHandler] printBssidInfo: Peer 0 of 1,  numMeas = 2
06-13 06:36:30.693  2982  4414 D LOWI-9.0.1.74: [LOWI-HELIUM-RTT] printMeasRspHeadInfo: info(0x100002) channel_info(0x1464) rprtType(2) rttMeasType(0) rprtStatusV3(0) tmStart(0) numAPs(1) destMac(00:00:00:**:**:00) channelInfo(5220)
06-13 06:36:30.693  2982  4414 D LOWI-9.0.1.74: [LOWI-HELIUM-RTT] printPerPeerInfo: peerMac(f0:09:0d:**:**:01) burstIdx(0) numIEs(0) numMeasThisAP(2)rttMeasType(1) isQtiPeer(0) tmrSubType(0) isLastRespForPeer (0) securityMode(0) numFrmAttempted(2) actualBurstDur(21) actualNumFrmPerBur(2) actualBurstExp(0) retryAfterDur(0) measStartTSF(716187657) control(0x102) result_info_1(0x150002)result_info_2(0x2) result_info_3(0x0) measStartTSF_field(0x2ab02809)
06-13 06:36:30.693  2982  4414 D LOWI-9.0.1.74: [LOWI-HELIUM-RTT] printPerPeerInfo: 11az params: i2r_lmr_feedback:0 ranging_priority:0 r2i_toa_type:0 i2r_toa_type:0 format_and_bw:0 imdt_r2i_feedback:0 imdt_i2r_feedback:0 max_i2r_repetition:0 max_r2i_repetition:0 device_class:0 full_bw_ul_mumimo:0 max_r2i_sts_le_80mhz:0 max_r2i_sts_gr_80mhz:0 max_r2i_ltf_total:0 max_i2r_sts_le_80mhz:0 max_i2r_sts_gr_80mhz:0 max_i2r_ltf_total:0 min_time_between_measurements:0 tb_max_session_expiry 0
06-13 06:36:30.693  2982  4414 D LOWI-9.0.1.74: [LOWI-P2P-RTT] p2pIsStored: Bad inputs
06-13 06:36:30.693  2982  4414 D LOWI-9.0.1.74: [LOWI-HELIUM-RTT] printPerFrameInfo: tx_rate_info1(0x10003) tx_rate_info2(0x41) rx_rate_info1(0x30000) rx_rate_info2(0x41) max_tod_toa_error(0x0)
06-13 06:36:30.693  2982  4414 D LOWI-9.0.1.74: [LOWI-HELIUM-RTT] printPerFrameInfo: rssi(1684300900) T1.time32(0x0) T1.time0(0x0) T2.time32(0x0) T2.time0(0x0) T3_del(0x0) T4_del(0x631fd8b) txPreamble(0x3) txBw(0x0) txRateMcsIdx(0x0)txSTS(0x0) txNREP(0x0) txBitRate(0x41) rxPreamble(0x0) rxBw(0x0) invalidFACBit(0x0) rxRateMcsIdx(0x0) rxBitRate(0x41) chainMask(0x3) maxTodError(0x0)maxToaError(0x0) useTxChainNo(0x1) useRxChainNo(0x0) rxSTS(0x0) rxNREP(0x0) r2iNDPIntegrityCheck(0x0)
06-13 06:36:30.693  2982  4414 D LOWI-9.0.1.74: [LOWI-HELIUM-RTT] processPerFrameInfo: RTT V2 Performed - Raw RSSI(0x0), toa - tod = 0x631fd8b(pre-offset), RTT(103939467 psecs), RSSI(0) 
06-13 06:36:30.693  2982  4414 D LOWI-9.0.1.74: [LOWI-HELIUM-RTT] printPerFrameInfo: tx_rate_info1(0x10003) tx_rate_info2(0x41) rx_rate_info1(0x30000) rx_rate_info2(0x41) max_tod_toa_error(0x0)
06-13 06:36:30.693  2982  4414 D LOWI-9.0.1.74: [LOWI-HELIUM-RTT] printPerFrameInfo: rssi(1684300900) T1.time32(0x0) T1.time0(0x0) T2.time32(0x0) T2.time0(0x0) T3_del(0x0) T4_del(0x631fd8b) txPreamble(0x3) txBw(0x0) txRateMcsIdx(0x0)txSTS(0x0) txNREP(0x0) txBitRate(0x41) rxPreamble(0x0) rxBw(0x0) invalidFACBit(0x0) rxRateMcsIdx(0x0) rxBitRate(0x41) chainMask(0x3) maxTodError(0x0)maxToaError(0x0) useTxChainNo(0x1) useRxChainNo(0x0) rxSTS(0x0) rxNREP(0x0) r2iNDPIntegrityCheck(0x0)
06-13 06:36:30.693  2982  4414 D LOWI-9.0.1.74: [LOWI-HELIUM-RTT] processPerFrameInfo: RTT V2 Performed - Raw RSSI(0x0), toa - tod = 0x631fd8b(pre-offset), RTT(103939467 psecs), RSSI(0) 
06-13 06:36:30.693  2982  4414 I LOWI-9.0.1.74: [LOWIRangingHeliumFSM] SendReqToFwOrRespToUser: All ranging measurements completed.Send response to client
06-13 06:36:30.693  2982  4414 D LOWI-9.0.1.74: [LOWIRangingFSM] SendRangingReq: curChIndex: 2, totChs: 3, curAp: 0, totAp: 2
06-13 06:36:30.693  2982  4414 D LOWI-9.0.1.74: [LOWIUtils] freqToChBandBit: frequency 5500 channel 100 Band 1
06-13 06:36:30.693  2982  4414 D LOWI-9.0.1.74: [LOWIUtils] freqToChBandBit: frequency 5500 channel 100 Band 1
06-13 06:36:30.693  2982  4414 D LOWI-9.0.1.74: [LOWI-HELIUM-RTT] RomeSendRttReq: PHY Mode(LOWI_PHY_MODE_11AC_VHT80) timeoutPerTarget(50) reportType(RTT_REPORT_AGGREGATE)
06-13 06:36:30.694  2200  4411 I WifiHAL : send_nl_data: sent cld80211 msg of len: 216 to driver
06-13 06:36:30.694  2982  4414 D LOWI-9.0.1.74: [LOWI-ROME-RTT] send_oem_nl_msg: sent cld80211 message with subcmd: 5
06-13 06:36:30.694  2982  4414 D LOWI-9.0.1.74: [LOWIRangingFSM] FSM: New FSM state: STATE_PROCESSING_RANGING_REQ
06-13 06:36:30.694  2982  4414 D LOWI-9.0.1.74: [LOWI-ROME-RTT] RomeWaitOnActivityOnSocketOrPipe: issue timed select: TO: 5 
06-13 06:36:30.952  2197  4068 W android.hardware.gnss-aidl-service-qti: getIonoScale:unsupported signal type 262144
06-13 06:36:30.952  2197  4068 W android.hardware.gnss-aidl-service-qti: getIonoScale:unsupported signal type 262144
06-13 06:36:30.956  3178  4164 D GnssLocationProvider_ex: SV Count : 21 / 35      (PRN, Constellation, Type, SNR, Used)
06-13 06:36:30.956  3178  4164 D GnssLocationProvider_ex: (3, GPS, L1, 18.5, 0) (6, GPS, L1, 24.8, 1) (14, GPS, L1, 15.5, 1) (19, GPS, L1, 21.3, 1) (22, GPS, L1, 22.5, 1) (30, GPS, L1, 19.0, 1) 
06-13 06:36:30.956  3178  4164 D GnssLocationProvider_ex: (22, GLONASS, L1, 18.2, 0) (12, GLONASS, L1, 19.5, 1) (24, GLONASS, L1, 21.6, 0) (23, GLONASS, L1, 17.3, 0) (34, BEIDOU, L1, 25.7, 1) (25, BEIDOU, L1, 24.4, 1) 
06-13 06:36:30.956  3178  4164 D GnssLocationProvider_ex: (2, GALILEO, L1, 24.0, 1) (14, GALILEO, L1, 24.2, 0) (15, GALILEO, L1, 15.3, 1) (30, GALILEO, L1, 19.2, 1) (34, GALILEO, L1, 19.0, 1) (36, GALILEO, L1, 17.5, 1) 
06-13 06:36:30.956  3178  4164 D GnssLocationProvider_ex: (3, GPS, L5, 18.2, 0) (6, GPS, L5, 20.6, 1) (14, GPS, L5, 17.5, 0) (24, GPS, L5, 18.4, 0) (30, GPS, L5, 8.3, 0) (2, GALILEO, L5, 16.1, 0) 
06-13 06:36:30.956  3178  4164 D GnssLocationProvider_ex: (14, GALILEO, L5, 14.2, 0) (30, GALILEO, L5, 13.7, 0) (34, GALILEO, L5, 21.0, 1) (36, GALILEO, L5, 21.3, 1) (24, BEIDOU, L5, 21.0, 1) (25, BEIDOU, L5, 19.8, 1) 
06-13 06:36:30.956  3178  4164 D GnssLocationProvider_ex: (34, BEIDOU, L5, 19.3, 1) (23, BEIDOU, L1, 16.1, 0) (25, BEIDOU, L1, 24.0, 1) (34, BEIDOU, L1, 25.4, 1) (38, BEIDOU, L1, 13.3, 0) 
06-13 06:36:30.957  5445  5584 I GnssEngineManager_FLP: updateSatelliteStatus, top4=24, top6=24, visibleSv=35, usedSv=21, usedL5Sv=6 (usedGps=6, usedGlo=1, usedBds=7, usedGal=7)
06-13 06:36:30.959  3178  4595 D GnssMeasCbJni: gnssMeasurementCb
06-13 06:36:30.962  3178  4164 D GnssLocationProvider: reportLocation
06-13 06:36:30.964  5445  5584 I GnssEngineManager_FLP: onGpsLocationChanged, provider=gps / isMock=false / speed=0.0 / time=1781350591000 / elapsed=26324296761720
06-13 06:36:30.965  5445  5584 I NewStopController_FLP: isAvailableLastLoc, KeepStationary : false , timeGap : 20 , mStraightFixCount : 0
06-13 06:36:30.965  5445  5584 I NewStopController_FLP: onChangedGlpLocation, isGpsStopped= false, isReportingLL= false, isAvailableLastLoc : true
06-13 06:36:30.971 14814 15024 I FrewleTileCacheManagerV: (REDACTED) Fetched %d AP models from cache
06-13 06:36:30.973  3178  4811 D SLocation: PositionManager - Passive handleLocationChanged [G, A : 9.94, T : 1781350591000, ET : 26324296, E : SH, h : 23/28]
06-13 06:36:30.974  3178  4811 D SLocation: PositionManager - receive gps location
06-13 06:36:30.974  3178  4811 D SLocation: LocationBuffer - receivedLocation - op[interval(min 60000, max 300000), waitTime 36000000, numOfUpdates 20, minDistance 200.0]dist : 0.04514261 diffTime : 44988 filtered Location
06-13 06:36:30.974  3178  4811 D SLocation: BatchManager - received batch location buffered = false
06-13 06:36:30.975  3178  4811 D SLocation: LastLocations - update latest location [G, A : 9.94, T : 1781350591000, ET : 26324296, E : SH, h : 23/28]
06-13 06:36:30.975  5073  7439 I FusedLocation: (REDACTED) location delivery to %s blocked - too fast
06-13 06:36:30.976  5073  7439 I FusedLocation: (REDACTED) location delivery to %s blocked - too close
06-13 06:36:30.976  5073  7439 I FusedLocation: (REDACTED) location delivery to %s blocked - too fast
06-13 06:36:30.977  3178  4811 D SLocation: FilteredLastLocation - notify all last locations, loc : 3
06-13 06:36:30.979  2198  2198 I sensors-hal: flush:383, android.sensor.pressure/61
06-13 06:36:30.979  2198  2198 I sensors-hal: send_sync_sensor_request:508, send sync request
06-13 06:36:30.979  2198  2198 I sensors-hal: send_sync_sensor_request:518, send_sync_sensor_request before send_request for pressure with SUID low=6651504447997676721 high=24534046050247843
06-13 06:36:30.979  2198  2198 I sensors-hal: send_sync_sensor_request:537, wait for notification of response
06-13 06:36:30.980  2198 24770 I sensors-hal: qsh_conn_resp_cb:935, resp_value = 0 for pressure 
06-13 06:36:30.980  2198  2198 I sensors-hal: send_sync_sensor_request:543, takes 0 ms to receive the response with 0
06-13 06:36:30.980  2198  2198 I sensors-hal: flush:389, android.sensor.pressure/61 completed
06-13 06:36:30.980  2200  4411 I WifiHAL : send oem msg of len : 460 to apps
06-13 06:36:30.980  2982  4414 D LOWI-9.0.1.74: [LOWI-ROME-RTT] RomeWaitOnActivityOnSocketOrPipe: timed select over: TO: 5 retVal: 1
06-13 06:36:30.980  2982  4414 D LOWI-9.0.1.74: [LOWI-ROME-RTT] event_handler: Valid data with length 428
06-13 06:36:30.980  2982  4414 D LOWI-9.0.1.74: [LOWI-HELIUM-RTT] storeNLFragment: new fragment group, tokenid(2), adding 420 chars @position 0
06-13 06:36:30.980  2982  4414 D LOWI-9.0.1.74: [LOWI-HELIUM-RTT] RomeNLRecvMessage: The Received OEMSubType: RTT_MSG_SUBTYPE_MEASUREMENT_RSP
06-13 06:36:30.980  2982  4414 D LOWI-9.0.1.74: [LOWI-HELIUM-RTT] RomeNLRecvMessage: The Received RomeMsgType: ROME_RANGING_MEAS_MSG
06-13 06:36:30.980  2982  4414 D LOWI-9.0.1.74: [LOWIRangingFSM] FSM: Received Event EVENT_RANGING_MEAS_RECV, Current state: STATE_PROCESSING_RANGING_REQ
06-13 06:36:30.980  2982  4414 D LOWI-9.0.1.74: [LOWIWifiTlvHandler] processRspHeadTlv: reqId(769) measDone(1) rttStatus(RTT_STATUS_SUCCESS) subtype(RTT_MSG_SUBTYPE_MEASUREMENT_RSP) isFrag(0) fragIdx(0) fragLen(396) tknId(24)
06-13 06:36:30.980  2982  4414 D LOWI-9.0.1.74: [LOWIWifiTlvHandler] checkTlvTag: Processing idx(0) received TLV: wmi_rtt_oem_rsp_head
06-13 06:36:30.980  2982  4414 D LOWI-9.0.1.74: [LOWIWifiTlvHandler] processIfPeerEvtHdrTag: Invalid Tag(33), not added to vector mPeerIdx(0)
06-13 06:36:30.980  2982  4414 D LOWI-9.0.1.74: [LOWIWifiTlvHandler] processIfPerFrmInfoTag: Invalid Tag(33) measurement not added for peer(0)
06-13 06:36:30.980  2982  4414 D LOWI-9.0.1.74: [LOWIWifiTlvHandler] checkTlvTag: Processing idx(1) received TLV: wmi_rtt_oem_measrsp_head
06-13 06:36:30.980  2982  4414 D LOWI-9.0.1.74: [LOWIWifiTlvHandler] processIfPeerEvtHdrTag: Invalid Tag(41), not added to vector mPeerIdx(0)
06-13 06:36:30.980  2982  4414 D LOWI-9.0.1.74: [LOWIWifiTlvHandler] processIfPerFrmInfoTag: Invalid Tag(41) measurement not added for peer(0)
06-13 06:36:30.980  2982  4414 D LOWI-9.0.1.74: [LOWIWifiTlvHandler] checkTlvTag: Processing idx(2) received TLV: loop_start
06-13 06:36:30.980  2982  4414 D LOWI-9.0.1.74: [LOWIWifiTlvHandler] processIfPeerEvtHdrTag: Invalid Tag(16), not added to vector mPeerIdx(0)
06-13 06:36:30.980  2982  4414 D LOWI-9.0.1.74: [LOWIWifiTlvHandler] processIfPerFrmInfoTag: Invalid Tag(16) measurement not added for peer(0)
06-13 06:36:30.980  2982  4414 D LOWI-9.0.1.74: [LOWIWifiTlvHandler] checkTlvTag: Processing idx(3) received TLV: wmi_rtt_oem_per_peer_event_hdr
06-13 06:36:30.980  2982  4414 D LOWI-9.0.1.74: [LOWIWifiTlvHandler] processIfPerFrmInfoTag: Invalid Tag(42) measurement not added for peer(0)
06-13 06:36:30.980  2982  4414 D LOWI-9.0.1.74: [LOWIWifiTlvHandler] checkTlvTag: Processing idx(4) received TLV: WMIRTT_TLV_TAG_ARRAY_UINT8
06-13 06:36:30.980  2982  4414 D LOWI-9.0.1.74: [LOWIWifiTlvHandler] processIfPeerEvtHdrTag: Invalid Tag(18), not added to vector mPeerIdx(0)
06-13 06:36:30.980  2982  4414 D LOWI-9.0.1.74: [LOWIWifiTlvHandler] processIfPerFrmInfoTag: Invalid Tag(18) measurement not added for peer(0)
06-13 06:36:30.980  2982  4414 D LOWI-9.0.1.74: [LOWIWifiTlvHandler] checkTlvTag: Processing idx(5) received TLV: loop_start
06-13 06:36:30.980  2982  4414 D LOWI-9.0.1.74: [LOWIWifiTlvHandler] processIfPeerEvtHdrTag: Invalid Tag(16), not added to vector mPeerIdx(0)
06-13 06:36:30.980  2982  4414 D LOWI-9.0.1.74: [LOWIWifiTlvHandler] processIfPerFrmInfoTag: Invalid Tag(16) measurement not added for peer(0)
06-13 06:36:30.980  2982  4414 D LOWI-9.0.1.74: [LOWIWifiTlvHandler] checkTlvTag: Processing idx(6) received TLV: wmi_rtt_oem_per_frame_info
06-13 06:36:30.980  2982  4414 D LOWI-9.0.1.74: [LOWIWifiTlvHandler] processIfPeerEvtHdrTag: Invalid Tag(43), not added to vector mPeerIdx(0)
06-13 06:36:30.980  2982  4414 D LOWI-9.0.1.74: [LOWIWifiTlvHandler] checkTlvTag: Processing idx(7) received unexpected but valid TLV(loop_end), going to idx(6)
06-13 06:36:30.980  2982  4414 D LOWI-9.0.1.74: [LOWIWifiTlvHandler] checkTlvTag: Processing idx(6) received TLV: wmi_rtt_oem_per_frame_info
06-13 06:36:30.980  2982  4414 D LOWI-9.0.1.74: [LOWIWifiTlvHandler] processIfPeerEvtHdrTag: Invalid Tag(43), not added to vector mPeerIdx(0)
06-13 06:36:30.980  2982  4414 D LOWI-9.0.1.74: [LOWIWifiTlvHandler] checkTlvTag: Processing idx(7) received TLV: loop_end
06-13 06:36:30.980  2982  4414 D LOWI-9.0.1.74: [LOWIWifiTlvHandler] processIfPeerEvtHdrTag: Invalid Tag(17), not added to vector mPeerIdx(0)
06-13 06:36:30.980  2982  4414 D LOWI-9.0.1.74: [LOWIWifiTlvHandler] processIfPerFrmInfoTag: Invalid Tag(17) measurement not added for peer(0)
06-13 06:36:30.980  2982  4414 D LOWI-9.0.1.74: [LOWIWifiTlvHandler] checkTlvTag: Processing idx(8) received unexpected but valid TLV(loop_end), going to idx(3)
06-13 06:36:30.980  2982  4414 D LOWI-9.0.1.74: [LOWIWifiTlvHandler] checkTlvTag: Processing idx(3) received TLV: wmi_rtt_oem_per_peer_event_hdr
06-13 06:36:30.980  2982  4414 D LOWI-9.0.1.74: [LOWIWifiTlvHandler] processIfPerFrmInfoTag: Invalid Tag(42) measurement not added for peer(1)
06-13 06:36:30.980  2982  4414 D LOWI-9.0.1.74: [LOWIWifiTlvHandler] checkTlvTag: Processing idx(4) received TLV: WMIRTT_TLV_TAG_ARRAY_UINT8
06-13 06:36:30.980  2982  4414 D LOWI-9.0.1.74: [LOWIWifiTlvHandler] processIfPeerEvtHdrTag: Invalid Tag(18), not added to vector mPeerIdx(1)
06-13 06:36:30.980  2982  4414 D LOWI-9.0.1.74: [LOWIWifiTlvHandler] processIfPerFrmInfoTag: Invalid Tag(18) measurement not added for peer(1)
06-13 06:36:30.980  2982  4414 D LOWI-9.0.1.74: [LOWIWifiTlvHandler] checkTlvTag: Processing idx(5) received TLV: loop_start
06-13 06:36:30.981  2982  4414 D LOWI-9.0.1.74: [LOWIWifiTlvHandler] processIfPeerEvtHdrTag: Invalid Tag(16), not added to vector mPeerIdx(1)
06-13 06:36:30.981  2982  4414 D LOWI-9.0.1.74: [LOWIWifiTlvHandler] processIfPerFrmInfoTag: Invalid Tag(16) measurement not added for peer(1)
06-13 06:36:30.981  2982  4414 D LOWI-9.0.1.74: [LOWIWifiTlvHandler] checkTlvTag: Processing idx(6) received TLV: wmi_rtt_oem_per_frame_info
06-13 06:36:30.981  2982  4414 D LOWI-9.0.1.74: [LOWIWifiTlvHandler] processIfPeerEvtHdrTag: Invalid Tag(43), not added to vector mPeerIdx(1)
06-13 06:36:30.981  2982  4414 D LOWI-9.0.1.74: [LOWIWifiTlvHandler] checkTlvTag: Processing idx(7) received unexpected but valid TLV(loop_end), going to idx(6)
06-13 06:36:30.981  2982  4414 D LOWI-9.0.1.74: [LOWIWifiTlvHandler] checkTlvTag: Processing idx(6) received TLV: wmi_rtt_oem_per_frame_info
06-13 06:36:30.981  2982  4414 D LOWI-9.0.1.74: [LOWIWifiTlvHandler] processIfPeerEvtHdrTag: Invalid Tag(43), not added to vector mPeerIdx(1)
06-13 06:36:30.981  2982  4414 D LOWI-9.0.1.74: [LOWIWifiTlvHandler] checkTlvTag: Processing idx(7) received TLV: loop_end
06-13 06:36:30.981  2982  4414 D LOWI-9.0.1.74: [LOWIWifiTlvHandler] processIfPeerEvtHdrTag: Invalid Tag(17), not added to vector mPeerIdx(1)
06-13 06:36:30.981  2982  4414 D LOWI-9.0.1.74: [LOWIWifiTlvHandler] processIfPerFrmInfoTag: Invalid Tag(17) measurement not added for peer(1)
06-13 06:36:30.981  2982  4414 D LOWI-9.0.1.74: [LOWIWifiTlvHandler] checkTlvTag: Processing idx(8) received TLV: loop_end
06-13 06:36:30.981  2982  4414 D LOWI-9.0.1.74: [LOWIWifiTlvHandler] processIfLoopEndTag: mPeerLs(0)...peer list ends
06-13 06:36:30.981  2982  4414 D LOWI-9.0.1.74: [LOWIWifiTlvHandler] processIfPeerEvtHdrTag: Invalid Tag(17), not added to vector mPeerIdx(1)
06-13 06:36:30.981  2982  4414 D LOWI-9.0.1.74: [LOWIWifiTlvHandler] processIfPerFrmInfoTag: Invalid Tag(17) measurement not added for peer(1)
06-13 06:36:30.981  2982  4414 D LOWI-9.0.1.74: [LOWIWifiTlvHandler] printBssidInfo: Peer 0 of 2,  numMeas = 2
06-13 06:36:30.981  2982  4414 D LOWI-9.0.1.74: [LOWIWifiTlvHandler] printBssidInfo: Peer 1 of 2,  numMeas = 2
06-13 06:36:30.981  2982  4414 D LOWI-9.0.1.74: [LOWI-HELIUM-RTT] printMeasRspHeadInfo: info(0x200002) channel_info(0x157c) rprtType(2) rttMeasType(0) rprtStatusV3(0) tmStart(0) numAPs(2) destMac(00:00:00:**:**:00) channelInfo(5500)
06-13 06:36:30.981  2982  4414 D LOWI-9.0.1.74: [LOWI-HELIUM-RTT] printPerPeerInfo: peerMac(60:d8:a4:**:**:9d) burstIdx(0) numIEs(0) numMeasThisAP(2)rttMeasType(1) isQtiPeer(0) tmrSubType(0) isLastRespForPeer (0) securityMode(0) numFrmAttempted(2) actualBurstDur(7) actualNumFrmPerBur(2) actualBurstExp(0) retryAfterDur(0) measStartTSF(716187657) control(0x102) result_info_1(0x70002)result_info_2(0x2) result_info_3(0x0) measStartTSF_field(0x2ab02809)
06-13 06:36:30.981  2982  4414 D LOWI-9.0.1.74: [LOWI-HELIUM-RTT] printPerPeerInfo: 11az params: i2r_lmr_feedback:0 ranging_priority:0 r2i_toa_type:0 i2r_toa_type:0 format_and_bw:0 imdt_r2i_feedback:0 imdt_i2r_feedback:0 max_i2r_repetition:0 max_r2i_repetition:0 device_class:0 full_bw_ul_mumimo:0 max_r2i_sts_le_80mhz:0 max_r2i_sts_gr_80mhz:0 max_r2i_ltf_total:0 max_i2r_sts_le_80mhz:0 max_i2r_sts_gr_80mhz:0 max_i2r_ltf_total:0 min_time_between_measurements:0 tb_max_session_expiry 0
06-13 06:36:30.981  2982  4414 D LOWI-9.0.1.74: [LOWI-P2P-RTT] p2pIsStored: Bad inputs
06-13 06:36:30.981  2982  4414 D LOWI-9.0.1.74: [LOWI-HELIUM-RTT] printPerFrameInfo: tx_rate_info1(0x10003) tx_rate_info2(0x41) rx_rate_info1(0x30000) rx_rate_info2(0x41) max_tod_toa_error(0x0)
06-13 06:36:30.981  2982  4414 D LOWI-9.0.1.74: [LOWI-HELIUM-RTT] printPerFrameInfo: rssi(1684300900) T1.time32(0x0) T1.time0(0x0) T2.time32(0x0) T2.time0(0x0) T3_del(0x0) T4_del(0x62ee347) txPreamble(0x3) txBw(0x0) txRateMcsIdx(0x0)txSTS(0x0) txNREP(0x0) txBitRate(0x41) rxPreamble(0x0) rxBw(0x0) invalidFACBit(0x0) rxRateMcsIdx(0x0) rxBitRate(0x41) chainMask(0x3) maxTodError(0x0)maxToaError(0x0) useTxChainNo(0x1) useRxChainNo(0x0) rxSTS(0x0) rxNREP(0x0) r2iNDPIntegrityCheck(0x0)
06-13 06:36:30.981  2982  4414 D LOWI-9.0.1.74: [LOWI-HELIUM-RTT] processPerFrameInfo: RTT V2 Performed - Raw RSSI(0x0), toa - tod = 0x62ee347(pre-offset), RTT(103736135 psecs), RSSI(0) 
06-13 06:36:30.981  2982  4414 D LOWI-9.0.1.74: [LOWI-HELIUM-RTT] printPerFrameInfo: tx_rate_info1(0x10003) tx_rate_info2(0x41) rx_rate_info1(0x30000) rx_rate_info2(0x41) max_tod_toa_error(0x0)
06-13 06:36:30.981  2982  4414 D LOWI-9.0.1.74: [LOWI-HELIUM-RTT] printPerFrameInfo: rssi(1684300900) T1.time32(0x0) T1.time0(0x0) T2.time32(0x0) T2.time0(0x0) T3_del(0x0) T4_del(0x62e600e) txPreamble(0x3) txBw(0x0) txRateMcsIdx(0x0)txSTS(0x0) txNREP(0x0) txBitRate(0x41) rxPreamble(0x0) rxBw(0x0) invalidFACBit(0x0) rxRateMcsIdx(0x0) rxBitRate(0x41) chainMask(0x3) maxTodError(0x0)maxToaError(0x0) useTxChainNo(0x1) useRxChainNo(0x0) rxSTS(0x0) rxNREP(0x0) r2iNDPIntegrityCheck(0x0)
06-13 06:36:30.981  2982  4414 D LOWI-9.0.1.74: [LOWI-HELIUM-RTT] processPerFrameInfo: RTT V2 Performed - Raw RSSI(0x0), toa - tod = 0x62e600e(pre-offset), RTT(103702542 psecs), RSSI(0) 
06-13 06:36:30.981  2982  4414 D LOWI-9.0.1.74: [LOWI-HELIUM-RTT] printPerPeerInfo: peerMac(62:d8:a4:**:**:f9) burstIdx(0) numIEs(0) numMeasThisAP(2)rttMeasType(1) isQtiPeer(0) tmrSubType(0) isLastRespForPeer (0) securityMode(0) numFrmAttempted(2) actualBurstDur(4) actualNumFrmPerBur(2) actualBurstExp(0) retryAfterDur(0) measStartTSF(716187657) control(0x102) result_info_1(0x40002)result_info_2(0x2) result_info_3(0x0) measStartTSF_field(0x2ab02809)
06-13 06:36:30.981  2982  4414 D LOWI-9.0.1.74: [LOWI-HELIUM-RTT] printPerPeerInfo: 11az params: i2r_lmr_feedback:0 ranging_priority:0 r2i_toa_type:0 i2r_toa_type:0 format_and_bw:0 imdt_r2i_feedback:0 imdt_i2r_feedback:0 max_i2r_repetition:0 max_r2i_repetition:0 device_class:0 full_bw_ul_mumimo:0 max_r2i_sts_le_80mhz:0 max_r2i_sts_gr_80mhz:0 max_r2i_ltf_total:0 max_i2r_sts_le_80mhz:0 max_i2r_sts_gr_80mhz:0 max_i2r_ltf_total:0 min_time_between_measurements:0 tb_max_session_expiry 0
06-13 06:36:30.981  2982  4414 D LOWI-9.0.1.74: [LOWI-P2P-RTT] p2pIsStored: Bad inputs
06-13 06:36:30.981  2982  4414 D LOWI-9.0.1.74: [LOWI-HELIUM-RTT] printPerFrameInfo: tx_rate_info1(0x10003) tx_rate_info2(0x41) rx_rate_info1(0x30000) rx_rate_info2(0x41) max_tod_toa_error(0x0)
06-13 06:36:30.981  2982  4414 D LOWI-9.0.1.74: [LOWI-HELIUM-RTT] printPerFrameInfo: rssi(1684300900) T1.time32(0x0) T1.time0(0x0) T2.time32(0x0) T2.time0(0x0) T3_del(0x0) T4_del(0x62ff2e3) txPreamble(0x3) txBw(0x0) txRateMcsIdx(0x0)txSTS(0x0) txNREP(0x0) txBitRate(0x41) rxPreamble(0x0) rxBw(0x0) invalidFACBit(0x0) rxRateMcsIdx(0x0) rxBitRate(0x41) chainMask(0x3) maxTodError(0x0)maxToaError(0x0) useTxChainNo(0x1) useRxChainNo(0x0) rxSTS(0x0) rxNREP(0x0) r2iNDPIntegrityCheck(0x0)
06-13 06:36:30.981  2982  4414 D LOWI-9.0.1.74: [LOWI-HELIUM-RTT] processPerFrameInfo: RTT V2 Performed - Raw RSSI(0x0), toa - tod = 0x62ff2e3(pre-offset), RTT(103805667 psecs), RSSI(0) 
06-13 06:36:30.981  2982  4414 D LOWI-9.0.1.74: [LOWI-HELIUM-RTT] printPerFrameInfo: tx_rate_info1(0x10003) tx_rate_info2(0x41) rx_rate_info1(0x30000) rx_rate_info2(0x41) max_tod_toa_error(0x0)
06-13 06:36:30.981  2982  4414 D LOWI-9.0.1.74: [LOWI-HELIUM-RTT] printPerFrameInfo: rssi(1684300900) T1.time32(0x0) T1.time0(0x0) T2.time32(0x0) T2.time0(0x0) T3_del(0x0) T4_del(0x62f913b) txPreamble(0x3) txBw(0x0) txRateMcsIdx(0x0)txSTS(0x0) txNREP(0x0) txBitRate(0x41) rxPreamble(0x0) rxBw(0x0) invalidFACBit(0x0) rxRateMcsIdx(0x0) rxBitRate(0x41) chainMask(0x3) maxTodError(0x0)maxToaError(0x0) useTxChainNo(0x1) useRxChainNo(0x0) rxSTS(0x0) rxNREP(0x0) r2iNDPIntegrityCheck(0x0)
06-13 06:36:30.981  2982  4414 D LOWI-9.0.1.74: [LOWI-HELIUM-RTT] processPerFrameInfo: RTT V2 Performed - Raw RSSI(0x0), toa - tod = 0x62f913b(pre-offset), RTT(103780667 psecs), RSSI(0) 
06-13 06:36:30.981  2982  4414 I LOWI-9.0.1.74: [LOWIRangingHeliumFSM] SendReqToFwOrRespToUser: All ranging measurements completed.Send response to client
06-13 06:36:30.981  2982  4414 I LOWI-9.0.1.74: [LOWIRangingHeliumFSM] SendReqToFwOrRespToUser this is not a rtt BG node
06-13 06:36:30.981  2982  4414 D LOWI-9.0.1.74: [LOWIRangingFSM] FSM: New FSM state: STATE_READY_AND_IDLE
06-13 06:36:30.981  2982  4414 D LOWI-9.0.1.74: [LOWI-ROME-RTT] RomeWaitOnActivityOnSocketOrPipe: issue blocking select 
06-13 06:36:30.981  2982  3006 D LOWI-9.0.1.74: [LOWIEventReceiver] handleEvent:FROM:NA, TO:NA, REQ:NA, IREQ:NA, REQ_ID:0, RESP:NA, INFO:NA
06-13 06:36:30.981  2982  3006 D LOWI-9.0.1.74: [LOWIBackgroundScanMgr] isRspForBgScanMgr: req(RANGING_SCAN) -- not handled
06-13 06:36:30.981  2982  3006 D LOWI-9.0.1.74: [LOWIScheduler] manageMsg: Results for RANGING_SCAN -- handled: scanStatus(SCAN_STATUS_SUCCESS)
06-13 06:36:30.981  2982  3006 D LOWI-9.0.1.74: [LOWICacheManager] putInCache:Num of Meas to add: 6
06-13 06:36:30.981  2982  3006 D LOWI-9.0.1.74: [LOWIScheduler] processNode: 5a:4c:77:**:**:11
06-13 06:36:30.981  2982  3006 I LOWI-9.0.1.74: [LOWIScheduler] Node isRttBgNode 0 is_last_resp_for_peer 0
06-13 06:36:30.981  2982  3006 D LOWI-9.0.1.74: [LOWIScheduler] processNode: 4a:4c:77:**:**:11
06-13 06:36:30.981  2982  3006 I LOWI-9.0.1.74: [LOWIScheduler] Node isRttBgNode 0 is_last_resp_for_peer 0
06-13 06:36:30.981  2982  3006 D LOWI-9.0.1.74: [LOWIScheduler] processNode: 40:4c:77:**:**:11
06-13 06:36:30.982  2982  3006 I LOWI-9.0.1.74: [LOWIScheduler] Node isRttBgNode 0 is_last_resp_for_peer 0
06-13 06:36:30.982  2982  3006 D LOWI-9.0.1.74: [LOWIScheduler] processNode: f0:09:0d:**:**:01
06-13 06:36:30.982  2982  3006 I LOWI-9.0.1.74: [LOWIScheduler] Node isRttBgNode 0 is_last_resp_for_peer 0
06-13 06:36:30.982  2982  3006 D LOWI-9.0.1.74: [LOWIScheduler] processNode: 60:d8:a4:**:**:9d
06-13 06:36:30.982  2982  3006 I LOWI-9.0.1.74: [LOWIScheduler] Node isRttBgNode 0 is_last_resp_for_peer 0
06-13 06:36:30.982  2982  3006 D LOWI-9.0.1.74: [LOWIScheduler] processNode: 62:d8:a4:**:**:f9
06-13 06:36:30.982  2982  3006 I LOWI-9.0.1.74: [LOWIScheduler] Node isRttBgNode 0 is_last_resp_for_peer 0
06-13 06:36:30.982  2982  3006 D LOWI-9.0.1.74: [LOWIScheduler] nodesForRsp: # nodes for this client(6)
06-13 06:36:30.982  2982  3006 D LOWI-9.0.1.74: [LOWIScheduler] processRangRsp: Create response: status(SCAN_STATUS_SUCCESS) numBssids(6) reqId(248) originator(73fd882c00-LC) reqType(5)
06-13 06:36:30.982  2982  3006 D LOWI-9.0.1.74: [LOWIController] generateResponse: Type (PERIODIC_RANGING_SCAN) ScanStatus (1) request 73fd882c00-LC_248
06-13 06:36:30.982  2982  3006 D LOWI-9.0.1.74: [LOWIEventDispatcher] sendResponse - originator = 73fd882c00-LC
06-13 06:36:30.982  2982  3006 D LOWI-9.0.1.74: [LOWIUtils] injectScanMeasurements - num of APs = 6
06-13 06:36:30.982  2982  3006 D LOWI-9.0.1.74: [LOWIUtils] injectRangingScanMeasurements - NUM_COLOC_BSS(0), PEER_OEM(LOWI_PEER_OEM_UNKNOWN)
06-13 06:36:30.982  2982  3006 D LOWI-9.0.1.74: [LOWIUtils] injectRangingScanMeasurements - NUM_COLOC_BSS(0), PEER_OEM(LOWI_PEER_OEM_UNKNOWN)
06-13 06:36:30.982  2982  3006 D LOWI-9.0.1.74: [LOWIUtils] injectRangingScanMeasurements - NUM_COLOC_BSS(0), PEER_OEM(LOWI_PEER_OEM_UNKNOWN)
06-13 06:36:30.982  2982  3006 D LOWI-9.0.1.74: [LOWIUtils] injectRangingScanMeasurements - NUM_COLOC_BSS(0), PEER_OEM(LOWI_PEER_OEM_UNKNOWN)
06-13 06:36:30.982  2982  3006 D LOWI-9.0.1.74: [LOWIUtils] injectRangingScanMeasurements - NUM_COLOC_BSS(0), PEER_OEM(LOWI_PEER_OEM_UNKNOWN)
06-13 06:36:30.982  2982  3006 D LOWI-9.0.1.74: [LOWIUtils] injectRangingScanMeasurements - NUM_COLOC_BSS(0), PEER_OEM(LOWI_PEER_OEM_UNKNOWN)
06-13 06:36:30.982  2982  3006 I LOWI-9.0.1.74: [LOWIUtils] responseToOutPostcard - TO: 73fd882c00-LC, FROM:   LOWI-SERVER, RESP:  LOWI_RANGING_SCAN
06-13 06:36:30.982  2982  3006 D LOWI-9.0.1.74: [LOWIEventDispatcher] sendResponse - originator = FreeWifiScanObserver
06-13 06:36:30.982  2982  3006 D LOWI-9.0.1.74: [LOWIUtils] injectScanMeasurements - num of APs = 6
06-13 06:36:30.982  2982  3006 I LOWI-9.0.1.74: [LOWIUtils] responseToOutPostcard - TO: FreeWifiScanObserver, FROM:   LOWI-SERVER, RESP:  LOWI_RANGING_SCAN
06-13 06:36:30.982  2982  3006 D LOWI-9.0.1.74: [LOWIController] sendRangingResponseToSnoopRTTClients: Response sent to Snoop RTT Client Request(ID:5, originator: FreeWifiScanObserver)
06-13 06:36:30.982  2982  3006 D LOWI-9.0.1.74: [LOWIScheduler] dataBaseCleanup:Status before cleanup
06-13 06:36:30.982  2982  3006 D LOWI-9.0.1.74: [LOWIScheduler] ****************************** WiFiNode Database *****************************************************************************************
06-13 06:36:30.982  2982  3006 D LOWI-9.0.1.74: [LOWIScheduler] Num of remaining nodes: 6
06-13 06:36:30.982  2982  3006 D LOWI-9.0.1.74: [LOWIScheduler] BSSID             Freq nodeT rttT  BW     pkts cont period       numMeas perCntr retries retCntr ReqId      schId      nodeState                  
06-13 06:36:30.982  2982  3006 D LOWI-9.0.1.74: [LOWIScheduler] 5a:4c:77:**:**:11 5785 AP    RTT2  BW_80  2    0    0            0       0       3       0       248        195428599  WIFI_NODE_READY_FOR_RSP    
06-13 06:36:30.982  2982  3006 D LOWI-9.0.1.74: [LOWIScheduler] 4a:4c:77:**:**:11 5785 AP    RTT2  BW_80  2    0    0            0       0       3       0       248        195428599  WIFI_NODE_READY_FOR_RSP    
06-13 06:36:30.982  2982  3006 D LOWI-9.0.1.74: [LOWIScheduler] 40:4c:77:**:**:11 5785 AP    RTT2  BW_80  2    0    0            0       0       3       0       248        195428599  WIFI_NODE_READY_FOR_RSP    
06-13 06:36:30.982  2982  3006 D LOWI-9.0.1.74: [LOWIScheduler] f0:09:0d:**:**:01 5220 AP    RTT2  BW_160 2    0    0            0       0       3       0       248        195428599  WIFI_NODE_READY_FOR_RSP    
06-13 06:36:30.982  2982  3006 D LOWI-9.0.1.74: [LOWIScheduler] 60:d8:a4:**:**:9d 5500 AP    RTT2  BW_80  2    0    0            0       0       3       0       248        195428599  WIFI_NODE_READY_FOR_RSP    
06-13 06:36:30.982  2982  3006 D LOWI-9.0.1.74: [LOWIScheduler] 62:d8:a4:**:**:f9 5500 AP    RTT2  BW_80  2    0    0            0       0       3       0       248        195428599  WIFI_NODE_READY_FOR_RSP    
06-13 06:36:30.982  2982  3006 D LOWI-9.0.1.74: [LOWIScheduler] ******************************************************************************************************************************************
06-13 06:36:30.982  2982  3006 D LOWI-9.0.1.74: [LOWIScheduler] One-shot node fully serviced: 5a:4c:77:**:**:11
06-13 06:36:30.982  2982  3006 D LOWI-9.0.1.74: [LOWIScheduler] One-shot node fully serviced: 4a:4c:77:**:**:11
06-13 06:36:30.982  2982  3006 D LOWI-9.0.1.74: [LOWIScheduler] One-shot node fully serviced: 40:4c:77:**:**:11
06-13 06:36:30.982  2982  3006 D LOWI-9.0.1.74: [LOWIScheduler] One-shot node fully serviced: f0:09:0d:**:**:01
06-13 06:36:30.982  3178  4811 D SLocation: PositionManager - Passive handleLocationChanged [F, A : 9.94, T : 1781350590943, ET : 26324296, h : 23/28]
06-13 06:36:30.982  2982  3006 D LOWI-9.0.1.74: [LOWIScheduler] One-shot node fully serviced: 60:d8:a4:**:**:9d
06-13 06:36:30.982  2982  3006 D LOWI-9.0.1.74: [LOWIScheduler] One-shot node fully serviced: 62:d8:a4:**:**:f9
06-13 06:36:30.982  2982  3006 D LOWI-9.0.1.74: [LOWIScheduler] dataBaseCleanup:Status after cleanup
06-13 06:36:30.982  2982  3006 D LOWI-9.0.1.74: [LOWIScheduler] ****************************** WiFiNode Database *****************************************************************************************
06-13 06:36:30.982  2982  3006 D LOWI-9.0.1.74: [LOWIScheduler] Num of remaining nodes: 0
06-13 06:36:30.982  2982  3006 D LOWI-9.0.1.74: [LOWIScheduler] BSSID             Freq nodeT rttT  BW     pkts cont period       numMeas perCntr retries retCntr ReqId      schId      nodeState                  
06-13 06:36:30.982  2982  3006 D LOWI-9.0.1.74: [LOWIScheduler] ******************************************************************************************************************************************
06-13 06:36:30.982  2982  3006 D LOWI-9.0.1.74: [LOWIScheduler] cleanUp: NumPeriodicNodesInDB left: 0
06-13 06:36:30.982  2982  3006 D LOWI-9.0.1.74: [LOWIScheduler] deleteClientInfo: deleting reqId(248) originator(73fd882c00-LC), reqType(PERIODIC_RANGING_SCAN)
06-13 06:36:30.982  5073  7439 I FusedLocation: (REDACTED) location delivery to %s blocked - too close
06-13 06:36:30.982  2982  3006 D LOWI-9.0.1.74: [LOWIScheduler] getMeasInProgressNodeCnt mNodeDataBase size 0
06-13 06:36:30.982  2982  3006 D LOWI-9.0.1.74: [LOWIScheduler] All node are served ? YES delete rtt req 
06-13 06:36:30.982  2982  3006 D LOWI-9.0.1.74: [LOWIScheduler] manageMsg:delete current wifi rtt request
06-13 06:36:30.982  2982  3006 D LOWI-9.0.1.74: [LOWIController] Scheduler is managing the msg
06-13 06:36:30.982  5073  7439 I FusedLocation: (REDACTED) location delivery to %s blocked - too fast
06-13 06:36:30.982 18470 18602 D SensorManager: registerListener :: 61, bmp5 Pressure Sensor Non-wakeup, 200000, 0, 
06-13 06:36:30.983  2200  4416 I QCALOG  : [LOWIUtils] inPostcardToResponse - FROM: LOWI-SERVER, TO:   73fd882c00-LC, RESP:  LOWI_RANGING_SCAN
06-13 06:36:30.983  5073  7439 I FusedLocation: (REDACTED) location delivery to %s blocked - too fast
06-13 06:36:30.983  2200  4416 D QCALOG  : [LOWIUtils] inPostcardToResponse - Request id(248) Scan Status(1)
06-13 06:36:30.983  2200  4416 D QCALOG  : [LOWIUtils] parseScanMeasurements - Total Scan measurements = 6
06-13 06:36:30.983  2200  4416 D QCALOG  : [LOWIUtils] parseRangingScanMeasurements - MAX_BSS_IND = 0, NUM_COLOC_BSS = 0, Peer OEM = 0
06-13 06:36:30.983  2200  4416 D QCALOG  : [LOWIUtils] parseScanMeasurements - FREQUENCY(5785) IS_SECURE(0) NODE_TYPE(1)RTT_TYPE(1) ADD_INFO 0x0tmr_subtype(0) security_mode(0)
06-13 06:36:30.983  5073  7439 I FusedLocation: (REDACTED) location delivery to %s blocked - too close
06-13 06:36:30.983  2200  4416 D QCALOG  : [LOWIUtils] COUNTRY_CODE is 
06-13 06:36:30.983  2200  4416 D QCALOG  : [LOWIUtils] parseScanMeasurements - CELL_POWER(0) INDOOR OUTDOOR( ), MEASUREMENT_NUM(0)
06-13 06:36:30.983  3178  4811 D SLocation: PositionManager - receive fused location
06-13 06:36:30.983  2200  4416 D QCALOG  : [LOWIUtils] parseMeasurementInfo - Total measurements = 2
06-13 06:36:30.983  2200  4416 W QCALOG  : [LOWIUtils] parseMeasurementInfo - Unable to extract CFR_CIR_LENGTH
06-13 06:36:30.983  2200  4416 D QCALOG  : [LOWIUtils] parseMeasurementInfo - RSSI_TIMESTAMP(1781350590651) RSSI(0) MEAS_AGE(-1) RTT_TIMESTAMP(1781350590651) RTT(108443) TX_PREAMBLE(3) TX_NSS(1) TX_BW(0) TX_MCS_IDX(0) TX_BIT_RATE(65) RX_PREAMBLE(0) RX_NSS(2) RX_BW(0) RX_MCS_IDX(0) RX_BIT_RATE(65) tx_chain_no(0) rx_chain_no(-1) TX_STS(0) TX_NREP(0) RX_STS(0) RX_NREP(0) R2I_NDP_INTEGRITY_CHECK(0) INVALID_FAC(0)
06-13 06:36:30.983  2200  4416 W QCALOG  : [LOWIUtils] parseMeasurementInfo - Unable to extract CFR_CIR_LENGTH
06-13 06:36:30.983  3178  4811 D SLocation: DuplicateLocationChecker_GeofenceLocationFilter - fused is duplicated last fused location
06-13 06:36:30.983  2200  4416 D QCALOG  : [LOWIUtils] parseMeasurementInfo - RSSI_TIMESTAMP(1781350590651) RSSI(0) MEAS_AGE(-1) RTT_TIMESTAMP(1781350590651) RTT(104302) TX_PREAMBLE(3) TX_NSS(1) TX_BW(0) TX_MCS_IDX(0) TX_BIT_RATE(65) RX_PREAMBLE(0) RX_NSS(2) RX_BW(0) RX_MCS_IDX(0) RX_BIT_RATE(65) tx_chain_no(0) rx_chain_no(-1) TX_STS(0) TX_NREP(0) RX_STS(0) RX_NREP(0) R2I_NDP_INTEGRITY_CHECK(0) INVALID_FAC(0)
06-13 06:36:30.983  2200  4416 D QCALOG  : [LOWIUtils] parseIEDataInfo - Total IE's = 0
06-13 06:36:30.983  3178  4811 D SLocation: DuplicateLocationChecker_BatchManager - fused is duplicated last gps location
06-13 06:36:30.983  2200  4416 D QCALOG  : [LOWIUtils] parseScanMeasurements - RTT_TARGET_STATUS(0) BEACON_PERIOD(0), BEACON_CAPS(0), IE_LENGTH(0)
06-13 06:36:30.983  3178  4811 D SLocation: DuplicateLocationChecker_FilteredLastLocation - fused is duplicated last gps location
06-13 06:36:30.983  2200  4416 D QCALOG  : [LOWIUtils] parseRangingScanMeasurements - MAX_BSS_IND = 0, NUM_COLOC_BSS = 0, Peer OEM = 0
06-13 06:36:30.983  2200  4416 D QCALOG  : [LOWIUtils] parseScanMeasurements - FREQUENCY(5785) IS_SECURE(0) NODE_TYPE(1)RTT_TYPE(1) ADD_INFO 0x0tmr_subtype(0) security_mode(0)
06-13 06:36:30.983  2200  4416 D QCALOG  : [LOWIUtils] COUNTRY_CODE is 
06-13 06:36:30.983  2200  4416 D QCALOG  : [LOWIUtils] parseScanMeasurements - CELL_POWER(0) INDOOR OUTDOOR( ), MEASUREMENT_NUM(0)
06-13 06:36:30.983  2200  4416 D QCALOG  : [LOWIUtils] parseMeasurementInfo - Total measurements = 2
06-13 06:36:30.983  2200  4416 W QCALOG  : [LOWIUtils] parseMeasurementInfo - Unable to extract CFR_CIR_LENGTH
06-13 06:36:30.983  2200  4416 D QCALOG  : [LOWIUtils] parseMeasurementInfo - RSSI_TIMESTAMP(1781350590651) RSSI(0) MEAS_AGE(-1) RTT_TIMESTAMP(1781350590651) RTT(104318) TX_PREAMBLE(3) TX_NSS(1) TX_BW(0) TX_MCS_IDX(0) TX_BIT_RATE(65) RX_PREAMBLE(0) RX_NSS(2) RX_BW(0) RX_MCS_IDX(0) RX_BIT_RATE(65) tx_chain_no(0) rx_chain_no(-1) TX_STS(0) TX_NREP(0) RX_STS(0) RX_NREP(0) R2I_NDP_INTEGRITY_CHECK(0) INVALID_FAC(0)
06-13 06:36:30.983  2200  4416 W QCALOG  : [LOWIUtils] parseMeasurementInfo - Unable to extract CFR_CIR_LENGTH
06-13 06:36:30.983  2200  4416 D QCALOG  : [LOWIUtils] parseMeasurementInfo - RSSI_TIMESTAMP(1781350590651) RSSI(0) MEAS_AGE(-1) RTT_TIMESTAMP(1781350590651) RTT(104374) TX_PREAMBLE(3) TX_NSS(1) TX_BW(0) TX_MCS_IDX(0) TX_BIT_RATE(65) RX_PREAMBLE(0) RX_NSS(2) RX_BW(0) RX_MCS_IDX(0) RX_BIT_RATE(65) tx_chain_no(0) rx_chain_no(-1) TX_STS(0) TX_NREP(0) RX_STS(0) RX_NREP(0) R2I_NDP_INTEGRITY_CHECK(0) INVALID_FAC(0)
06-13 06:36:30.983  2200  4416 D QCALOG  : [LOWIUtils] parseIEDataInfo - Total IE's = 0
06-13 06:36:30.983  2200  4416 D QCALOG  : [LOWIUtils] parseScanMeasurements - RTT_TARGET_STATUS(0) BEACON_PERIOD(0), BEACON_CAPS(0), IE_LENGTH(0)
06-13 06:36:30.983  2200  4416 D QCALOG  : [LOWIUtils] parseRangingScanMeasurements - MAX_BSS_IND = 0, NUM_COLOC_BSS = 0, Peer OEM = 0
06-13 06:36:30.983  2200  4416 D QCALOG  : [LOWIUtils] parseScanMeasurements - FREQUENCY(5785) IS_SECURE(0) NODE_TYPE(1)RTT_TYPE(1) ADD_INFO 0x0tmr_subtype(0) security_mode(0)
06-13 06:36:30.983  2200  4416 D QCALOG  : [LOWIUtils] COUNTRY_CODE is 
06-13 06:36:30.983  2200  4416 D QCALOG  : [LOWIUtils] parseScanMeasurements - CELL_POWER(0) INDOOR OUTDOOR( ), MEASUREMENT_NUM(0)
06-13 06:36:30.983  2200  4416 D QCALOG  : [LOWIUtils] parseMeasurementInfo - Total measurements = 2
06-13 06:36:30.983  2200  4416 W QCALOG  : [LOWIUtils] parseMeasurementInfo - Unable to extract CFR_CIR_LENGTH
06-13 06:36:30.983  2200  4416 D QCALOG  : [LOWIUtils] parseMeasurementInfo - RSSI_TIMESTAMP(1781350590652) RSSI(0) MEAS_AGE(-1) RTT_TIMESTAMP(1781350590652) RTT(104477) TX_PREAMBLE(3) TX_NSS(1) TX_BW(0) TX_MCS_IDX(0) TX_BIT_RATE(65) RX_PREAMBLE(0) RX_NSS(2) RX_BW(0) RX_MCS_IDX(0) RX_BIT_RATE(65) tx_chain_no(0) rx_chain_no(-1) TX_STS(0) TX_NREP(0) RX_STS(0) RX_NREP(0) R2I_NDP_INTEGRITY_CHECK(0) INVALID_FAC(0)
06-13 06:36:30.983  2200  4416 W QCALOG  : [LOWIUtils] parseMeasurementInfo - Unable to extract CFR_CIR_LENGTH
06-13 06:36:30.983  2200  4416 D QCALOG  : [LOWIUtils] parseMeasurementInfo - RSSI_TIMESTAMP(1781350590652) RSSI(0) MEAS_AGE(-1) RTT_TIMESTAMP(1781350590652) RTT(104497) TX_PREAMBLE(3) TX_NSS(1) TX_BW(0) TX_MCS_IDX(0) TX_BIT_RATE(65) RX_PREAMBLE(0) RX_NSS(2) RX_BW(0) RX_MCS_IDX(0) RX_BIT_RATE(65) tx_chain_no(0) rx_chain_no(-1) TX_STS(0) TX_NREP(0) RX_STS(0) RX_NREP(0) R2I_NDP_INTEGRITY_CHECK(0) INVALID_FAC(0)
06-13 06:36:30.983  2200  4416 D QCALOG  : [LOWIUtils] parseIEDataInfo - Total IE's = 0
06-13 06:36:30.984  2200  4416 D QCALOG  : [LOWIUtils] parseScanMeasurements - RTT_TARGET_STATUS(0) BEACON_PERIOD(0), BEACON_CAPS(0), IE_LENGTH(0)
06-13 06:36:30.984  2200  4416 D QCALOG  : [LOWIUtils] parseRangingScanMeasurements - MAX_BSS_IND = 0, NUM_COLOC_BSS = 0, Peer OEM = 0
06-13 06:36:30.984  2200  4416 D QCALOG  : [LOWIUtils] parseScanMeasurements - FREQUENCY(5220) IS_SECURE(0) NODE_TYPE(1)RTT_TYPE(1) ADD_INFO 0x0tmr_subtype(0) security_mode(0)
06-13 06:36:30.984  2200  4416 D QCALOG  : [LOWIUtils] COUNTRY_CODE is 
06-13 06:36:30.984  2200  4416 D QCALOG  : [LOWIUtils] parseScanMeasurements - CELL_POWER(0) INDOOR OUTDOOR( ), MEASUREMENT_NUM(0)
06-13 06:36:30.984  2200  4416 D QCALOG  : [LOWIUtils] parseMeasurementInfo - Total measurements = 2
06-13 06:36:30.984  2200  4416 W QCALOG  : [LOWIUtils] parseMeasurementInfo - Unable to extract CFR_CIR_LENGTH
06-13 06:36:30.984  2200  4416 D QCALOG  : [LOWIUtils] parseMeasurementInfo - RSSI_TIMESTAMP(1781350590693) RSSI(0) MEAS_AGE(-1) RTT_TIMESTAMP(1781350590693) RTT(103939) TX_PREAMBLE(3) TX_NSS(1) TX_BW(0) TX_MCS_IDX(0) TX_BIT_RATE(65) RX_PREAMBLE(0) RX_NSS(2) RX_BW(0) RX_MCS_IDX(0) RX_BIT_RATE(65) tx_chain_no(0) rx_chain_no(-1) TX_STS(0) TX_NREP(0) RX_STS(0) RX_NREP(0) R2I_NDP_INTEGRITY_CHECK(0) INVALID_FAC(0)
06-13 06:36:30.984  2200  4416 W QCALOG  : [LOWIUtils] parseMeasurementInfo - Unable to extract CFR_CIR_LENGTH
06-13 06:36:30.984  2200  4416 D QCALOG  : [LOWIUtils] parseMeasurementInfo - RSSI_TIMESTAMP(1781350590693) RSSI(0) MEAS_AGE(-1) RTT_TIMESTAMP(1781350590693) RTT(103939) TX_PREAMBLE(3) TX_NSS(1) TX_BW(0) TX_MCS_IDX(0) TX_BIT_RATE(65) RX_PREAMBLE(0) RX_NSS(2) RX_BW(0) RX_MCS_IDX(0) RX_BIT_RATE(65) tx_chain_no(0) rx_chain_no(-1) TX_STS(0) TX_NREP(0) RX_STS(0) RX_NREP(0) R2I_NDP_INTEGRITY_CHECK(0) INVALID_FAC(0)
06-13 06:36:30.984  2200  4416 D QCALOG  : [LOWIUtils] parseIEDataInfo - Total IE's = 0
06-13 06:36:30.984  2200  4416 D QCALOG  : [LOWIUtils] parseScanMeasurements - RTT_TARGET_STATUS(0) BEACON_PERIOD(0), BEACON_CAPS(0), IE_LENGTH(0)
06-13 06:36:30.984  2200  4416 D QCALOG  : [LOWIUtils] parseRangingScanMeasurements - MAX_BSS_IND = 0, NUM_COLOC_BSS = 0, Peer OEM = 0
06-13 06:36:30.984  2200  4416 D QCALOG  : [LOWIUtils] parseScanMeasurements - FREQUENCY(5500) IS_SECURE(0) NODE_TYPE(1)RTT_TYPE(1) ADD_INFO 0x0tmr_subtype(0) security_mode(0)
06-13 06:36:30.984  2200  4416 D QCALOG  : [LOWIUtils] COUNTRY_CODE is 
06-13 06:36:30.984  2200  4416 D QCALOG  : [LOWIUtils] parseScanMeasurements - CELL_POWER(0) INDOOR OUTDOOR( ), MEASUREMENT_NUM(0)
06-13 06:36:30.984  2200  4416 D QCALOG  : [LOWIUtils] parseMeasurementInfo - Total measurements = 2
06-13 06:36:30.984  2200  4416 W QCALOG  : [LOWIUtils] parseMeasurementInfo - Unable to extract CFR_CIR_LENGTH
06-13 06:36:30.984  2200  4416 D QCALOG  : [LOWIUtils] parseMeasurementInfo - RSSI_TIMESTAMP(1781350590981) RSSI(0) MEAS_AGE(-1) RTT_TIMESTAMP(1781350590981) RTT(103736) TX_PREAMBLE(3) TX_NSS(1) TX_BW(0) TX_MCS_IDX(0) TX_BIT_RATE(65) RX_PREAMBLE(0) RX_NSS(2) RX_BW(0) RX_MCS_IDX(0) RX_BIT_RATE(65) tx_chain_no(0) rx_chain_no(-1) TX_STS(0) TX_NREP(0) RX_STS(0) RX_NREP(0) R2I_NDP_INTEGRITY_CHECK(0) INVALID_FAC(0)
06-13 06:36:30.984  2200  4416 W QCALOG  : [LOWIUtils] parseMeasurementInfo - Unable to extract CFR_CIR_LENGTH
06-13 06:36:30.984  2200  4416 D QCALOG  : [LOWIUtils] parseMeasurementInfo - RSSI_TIMESTAMP(1781350590981) RSSI(0) MEAS_AGE(-1) RTT_TIMESTAMP(1781350590981) RTT(103702) TX_PREAMBLE(3) TX_NSS(1) TX_BW(0) TX_MCS_IDX(0) TX_BIT_RATE(65) RX_PREAMBLE(0) RX_NSS(2) RX_BW(0) RX_MCS_IDX(0) RX_BIT_RATE(65) tx_chain_no(0) rx_chain_no(-1) TX_STS(0) TX_NREP(0) RX_STS(0) RX_NREP(0) R2I_NDP_INTEGRITY_CHECK(0) INVALID_FAC(0)
06-13 06:36:30.984  2200  4416 D QCALOG  : [LOWIUtils] parseIEDataInfo - Total IE's = 0
06-13 06:36:30.984  2200  4416 D QCALOG  : [LOWIUtils] parseScanMeasurements - RTT_TARGET_STATUS(0) BEACON_PERIOD(0), BEACON_CAPS(0), IE_LENGTH(0)
06-13 06:36:30.984  2200  4416 D QCALOG  : [LOWIUtils] parseRangingScanMeasurements - MAX_BSS_IND = 0, NUM_COLOC_BSS = 0, Peer OEM = 0
06-13 06:36:30.984  2200  4416 D QCALOG  : [LOWIUtils] parseScanMeasurements - FREQUENCY(5500) IS_SECURE(0) NODE_TYPE(1)RTT_TYPE(1) ADD_INFO 0x0tmr_subtype(0) security_mode(0)
06-13 06:36:30.984  2200  4416 D QCALOG  : [LOWIUtils] COUNTRY_CODE is 
06-13 06:36:30.984  2200  4416 D QCALOG  : [LOWIUtils] parseScanMeasurements - CELL_POWER(0) INDOOR OUTDOOR( ), MEASUREMENT_NUM(0)
06-13 06:36:30.984  2200  4416 D QCALOG  : [LOWIUtils] parseMeasurementInfo - Total measurements = 2
06-13 06:36:30.984  2200  4416 W QCALOG  : [LOWIUtils] parseMeasurementInfo - Unable to extract CFR_CIR_LENGTH
06-13 06:36:30.984  2200  4416 D QCALOG  : [LOWIUtils] parseMeasurementInfo - RSSI_TIMESTAMP(1781350590981) RSSI(0) MEAS_AGE(-1) RTT_TIMESTAMP(1781350590981) RTT(103805) TX_PREAMBLE(3) TX_NSS(1) TX_BW(0) TX_MCS_IDX(0) TX_BIT_RATE(65) RX_PREAMBLE(0) RX_NSS(2) RX_BW(0) RX_MCS_IDX(0) RX_BIT_RATE(65) tx_chain_no(0) rx_chain_no(-1) TX_STS(0) TX_NREP(0) RX_STS(0) RX_NREP(0) R2I_NDP_INTEGRITY_CHECK(0) INVALID_FAC(0)
06-13 06:36:30.984  2200  4416 W QCALOG  : [LOWIUtils] parseMeasurementInfo - Unable to extract CFR_CIR_LENGTH
06-13 06:36:30.984  2200  4416 D QCALOG  : [LOWIUtils] parseMeasurementInfo - RSSI_TIMESTAMP(1781350590981) RSSI(0) MEAS_AGE(-1) RTT_TIMESTAMP(1781350590981) RTT(103780) TX_PREAMBLE(3) TX_NSS(1) TX_BW(0) TX_MCS_IDX(0) TX_BIT_RATE(65) RX_PREAMBLE(0) RX_NSS(2) RX_BW(0) RX_MCS_IDX(0) RX_BIT_RATE(65) tx_chain_no(0) rx_chain_no(-1) TX_STS(0) TX_NREP(0) RX_STS(0) RX_NREP(0) R2I_NDP_INTEGRITY_CHECK(0) INVALID_FAC(0)
06-13 06:36:30.984  2200  4416 D QCALOG  : [LOWIUtils] parseIEDataInfo - Total IE's = 0
06-13 06:36:30.984  2200  4416 D QCALOG  : [LOWIUtils] parseScanMeasurements - RTT_TARGET_STATUS(0) BEACON_PERIOD(0), BEACON_CAPS(0), IE_LENGTH(0)
06-13 06:36:30.985  2200  4416 D QCALOG  : [LOWIClientListener] Frequency = 5785, Is Secure = 0, Node type = 1
06-13 06:36:30.985  2200  4416 D QCALOG  : [LOWIClientListener] RSSI = 0, RSSI_TIMESTAMP = 1781350590651, RTT = 108443167ps, RTT_TIMESTAMP = 1781350590651
06-13 06:36:30.985  2200  4416 D QCALOG  : [LOWIClientListener] PREAMBLE = 3, BW = 0, MCS_IDX = 0, BIT_RATE = 65
06-13 06:36:30.985  2200  4416 D QCALOG  : [LOWIClientListener] RSSI = 0, RSSI_TIMESTAMP = 1781350590651, RTT = 104302542ps, RTT_TIMESTAMP = 1781350590651
06-13 06:36:30.985  2200  4416 D QCALOG  : [LOWIClientListener] PREAMBLE = 3, BW = 0, MCS_IDX = 0, BIT_RATE = 65
06-13 06:36:30.985  2200  4416 D QCALOG  : [LOWIClientListener] Frequency = 5785, Is Secure = 0, Node type = 1
06-13 06:36:30.985  2200  4416 D QCALOG  : [LOWIClientListener] RSSI = 0, RSSI_TIMESTAMP = 1781350590651, RTT = 104318167ps, RTT_TIMESTAMP = 1781350590651
06-13 06:36:30.985  2200  4416 D QCALOG  : [LOWIClientListener] PREAMBLE = 3, BW = 0, MCS_IDX = 0, BIT_RATE = 65
06-13 06:36:30.985  2200  4416 D QCALOG  : [LOWIClientListener] RSSI = 0, RSSI_TIMESTAMP = 1781350590651, RTT = 104374417ps, RTT_TIMESTAMP = 1781350590651
06-13 06:36:30.985  2200  4416 D QCALOG  : [LOWIClientListener] PREAMBLE = 3, BW = 0, MCS_IDX = 0, BIT_RATE = 65
06-13 06:36:30.985  2200  4416 D QCALOG  : [LOWIClientListener] Frequency = 5785, Is Secure = 0, Node type = 1
06-13 06:36:30.985  2200  4416 D QCALOG  : [LOWIClientListener] RSSI = 0, RSSI_TIMESTAMP = 1781350590652, RTT = 104477542ps, RTT_TIMESTAMP = 1781350590652
06-13 06:36:30.985  2200  4416 D QCALOG  : [LOWIClientListener] PREAMBLE = 3, BW = 0, MCS_IDX = 0, BIT_RATE = 65
06-13 06:36:30.985  2200  4416 D QCALOG  : [LOWIClientListener] RSSI = 0, RSSI_TIMESTAMP = 1781350590652, RTT = 104497854ps, RTT_TIMESTAMP = 1781350590652
06-13 06:36:30.985  2200  4416 D QCALOG  : [LOWIClientListener] PREAMBLE = 3, BW = 0, MCS_IDX = 0, BIT_RATE = 65
06-13 06:36:30.985  2200  4416 D QCALOG  : [LOWIClientListener] Frequency = 5220, Is Secure = 0, Node type = 1
06-13 06:36:30.985  2200  4416 D QCALOG  : [LOWIClientListener] RSSI = 0, RSSI_TIMESTAMP = 1781350590693, RTT = 103939467ps, RTT_TIMESTAMP = 1781350590693
06-13 06:36:30.985  2200  4416 D QCALOG  : [LOWIClientListener] PREAMBLE = 3, BW = 0, MCS_IDX = 0, BIT_RATE = 65
06-13 06:36:30.985  2200  4416 D QCALOG  : [LOWIClientListener] RSSI = 0, RSSI_TIMESTAMP = 1781350590693, RTT = 103939467ps, RTT_TIMESTAMP = 1781350590693
06-13 06:36:30.985  2200  4416 D QCALOG  : [LOWIClientListener] PREAMBLE = 3, BW = 0, MCS_IDX = 0, BIT_RATE = 65
06-13 06:36:30.985  2200  4416 D QCALOG  : [LOWIClientListener] Frequency = 5500, Is Secure = 0, Node type = 1
06-13 06:36:30.985  2200  4416 D QCALOG  : [LOWIClientListener] RSSI = 0, RSSI_TIMESTAMP = 1781350590981, RTT = 103736135ps, RTT_TIMESTAMP = 1781350590981
06-13 06:36:30.985  2200  4416 D QCALOG  : [LOWIClientListener] PREAMBLE = 3, BW = 0, MCS_IDX = 0, BIT_RATE = 65
06-13 06:36:30.985  2200  4416 D QCALOG  : [LOWIClientListener] RSSI = 0, RSSI_TIMESTAMP = 1781350590981, RTT = 103702542ps, RTT_TIMESTAMP = 1781350590981
06-13 06:36:30.985  2200  4416 D QCALOG  : [LOWIClientListener] PREAMBLE = 3, BW = 0, MCS_IDX = 0, BIT_RATE = 65
06-13 06:36:30.985  2200  4416 D QCALOG  : [LOWIClientListener] Frequency = 5500, Is Secure = 0, Node type = 1
06-13 06:36:30.985  2200  4416 D QCALOG  : [LOWIClientListener] RSSI = 0, RSSI_TIMESTAMP = 1781350590981, RTT = 103805667ps, RTT_TIMESTAMP = 1781350590981
06-13 06:36:30.985  2200  4416 D QCALOG  : [LOWIClientListener] PREAMBLE = 3, BW = 0, MCS_IDX = 0, BIT_RATE = 65
06-13 06:36:30.985  2200  4416 D QCALOG  : [LOWIClientListener] RSSI = 0, RSSI_TIMESTAMP = 1781350590981, RTT = 103780667ps, RTT_TIMESTAMP = 1781350590981
06-13 06:36:30.985  2200  4416 D QCALOG  : [LOWIClientListener] PREAMBLE = 3, BW = 0, MCS_IDX = 0, BIT_RATE = 65
06-13 06:36:30.985  2200  4416 D QCALOG  : [LOWIClientListener] computeRttMetrics: 5a:4c:77:**:**:11 RTT Chain_0 Final Mean:100000000.0000 Max:108443167 Min:100000000 Spread:8443167 Stdev:0 median: 100000000
06-13 06:36:30.985  2200  4416 D QCALOG  : [LOWIClientListener] @printWiFiHalNodeResult(): BSSID: 5a:4c:77:**:**:11, timestamp:(26324338000)
06-13 06:36:30.985  2200  4416 D QCALOG  : [LOWIClientListener] @printWiFiHalNodeResult(): measurement_num(0), status(RTT_STATUS_SUCCESS), type(RTT_TYPE_1_SIDED)
06-13 06:36:30.985  2200  4416 I QCALOG  : [LOWIClientListener] printWiFiHalNodeResult: rssi(0), rssi_spread(0), rtt(100000000), rtt_sd(0), rtt_spread(8443167)
06-13 06:36:30.985  2200  4416 D QCALOG  : [LOWIClientListener] @printWiFiHalNodeResult(): tx_rate info: preamble(VHT), nss(2x2), bw(WIFI_CHAN_WIDTH_80P80), mcs_idx(0), bitrate(65)
06-13 06:36:30.985  2200  4416 D QCALOG  : [LOWIClientListener] @printWiFiHalNodeResult(): distance_mm(15000001), distance_spread_mm(1266475), distance_sd_mm(0)
06-13 06:36:30.985  2200  4416 D QCALOG  : [LOWIClientListener] @printWiFiHalNodeResult(): frequency(5785), packet_bw(4)
06-13 06:36:30.985  2200  4416 D QCALOG  : [LOWIClientListener] computeRttMetrics: 4a:4c:77:**:**:11 RTT Chain_0 Final Mean:100000000.0000 Max:104318167 Min:100000000 Spread:4318167 Stdev:0 median: 100000000
06-13 06:36:30.985  2200  4416 D QCALOG  : [LOWIClientListener] @printWiFiHalNodeResult(): BSSID: 4a:4c:77:**:**:11, timestamp:(26324338000)
06-13 06:36:30.985  2200  4416 D QCALOG  : [LOWIClientListener] @printWiFiHalNodeResult(): measurement_num(0), status(RTT_STATUS_SUCCESS), type(RTT_TYPE_1_SIDED)
06-13 06:36:30.985  2200  4416 I QCALOG  : [LOWIClientListener] printWiFiHalNodeResult: rssi(0), rssi_spread(0), rtt(100000000), rtt_sd(0), rtt_spread(4318167)
06-13 06:36:30.985  2200  4416 D QCALOG  : [LOWIClientListener] @printWiFiHalNodeResult(): tx_rate info: preamble(VHT), nss(2x2), bw(WIFI_CHAN_WIDTH_80P80), mcs_idx(0), bitrate(65)
06-13 06:36:30.985  2200  4416 D QCALOG  : [LOWIClientListener] @printWiFiHalNodeResult(): distance_mm(15000001), distance_spread_mm(647725), distance_sd_mm(0)
06-13 06:36:30.985  2200  4416 D QCALOG  : [LOWIClientListener] @printWiFiHalNodeResult(): frequency(5785), packet_bw(4)
06-13 06:36:30.985  2200  4416 D QCALOG  : [LOWIClientListener] computeRttMetrics: 40:4c:77:**:**:11 RTT Chain_0 Final Mean:100000000.0000 Max:104477542 Min:100000000 Spread:4477542 Stdev:0 median: 100000000
06-13 06:36:30.985  2200  4416 D QCALOG  : [LOWIClientListener] @printWiFiHalNodeResult(): BSSID: 40:4c:77:**:**:11, timestamp:(26324338000)
06-13 06:36:30.985  2200  4416 D QCALOG  : [LOWIClientListener] @printWiFiHalNodeResult(): measurement_num(0), status(RTT_STATUS_SUCCESS), type(RTT_TYPE_1_SIDED)
06-13 06:36:30.985  2200  4416 I QCALOG  : [LOWIClientListener] printWiFiHalNodeResult: rssi(0), rssi_spread(0), rtt(100000000), rtt_sd(0), rtt_spread(4477542)
06-13 06:36:30.985  2200  4416 D QCALOG  : [LOWIClientListener] @printWiFiHalNodeResult(): tx_rate info: preamble(VHT), nss(2x2), bw(WIFI_CHAN_WIDTH_80P80), mcs_idx(0), bitrate(65)
06-13 06:36:30.985  2200  4416 D QCALOG  : [LOWIClientListener] @printWiFiHalNodeResult(): distance_mm(15000001), distance_spread_mm(671631), distance_sd_mm(0)
06-13 06:36:30.985  2200  4416 D QCALOG  : [LOWIClientListener] @printWiFiHalNodeResult(): frequency(5785), packet_bw(4)
06-13 06:36:30.985  2200  4416 D QCALOG  : [LOWIClientListener] computeRttMetrics: f0:09:0d:**:**:01 RTT Chain_0 Final Mean:100000000.0000 Max:103939467 Min:100000000 Spread:3939467 Stdev:0 median: 100000000
06-13 06:36:30.985  2200  4416 D QCALOG  : [LOWIClientListener] @printWiFiHalNodeResult(): BSSID: f0:09:0d:**:**:01, timestamp:(26324338000)
06-13 06:36:30.985  2200  4416 D QCALOG  : [LOWIClientListener] @printWiFiHalNodeResult(): measurement_num(0), status(RTT_STATUS_SUCCESS), type(RTT_TYPE_1_SIDED)
06-13 06:36:30.985  2200  4416 I QCALOG  : [LOWIClientListener] printWiFiHalNodeResult: rssi(0), rssi_spread(0), rtt(100000000), rtt_sd(0), rtt_spread(3939467)
06-13 06:36:30.985  2200  4416 D QCALOG  : [LOWIClientListener] @printWiFiHalNodeResult(): tx_rate info: preamble(VHT), nss(2x2), bw(WIFI_CHAN_WIDTH_80P80), mcs_idx(0), bitrate(65)
06-13 06:36:30.985  2200  4416 D QCALOG  : [LOWIClientListener] @printWiFiHalNodeResult(): distance_mm(15000001), distance_spread_mm(590920), distance_sd_mm(0)
06-13 06:36:30.985  2200  4416 D QCALOG  : [LOWIClientListener] @printWiFiHalNodeResult(): frequency(5220), packet_bw(4)
06-13 06:36:30.985  2200  4416 D QCALOG  : [LOWIClientListener] computeRttMetrics: 60:d8:a4:**:**:9d RTT Chain_0 Final Mean:100000000.0000 Max:103736135 Min:100000000 Spread:3736135 Stdev:0 median: 100000000
06-13 06:36:30.985  2200  4416 D QCALOG  : [LOWIClientListener] @printWiFiHalNodeResult(): BSSID: 60:d8:a4:**:**:9d, timestamp:(26324338000)
06-13 06:36:30.985  2200  4416 D QCALOG  : [LOWIClientListener] @printWiFiHalNodeResult(): measurement_num(0), status(RTT_STATUS_SUCCESS), type(RTT_TYPE_1_SIDED)
06-13 06:36:30.985  2200  4416 I QCALOG  : [LOWIClientListener] printWiFiHalNodeResult: rssi(0), rssi_spread(0), rtt(100000000), rtt_sd(0), rtt_spread(3736135)
06-13 06:36:30.985  2200  4416 D QCALOG  : [LOWIClientListener] @printWiFiHalNodeResult(): tx_rate info: preamble(VHT), nss(2x2), bw(WIFI_CHAN_WIDTH_80P80), mcs_idx(0), bitrate(65)
06-13 06:36:30.985  2200  4416 D QCALOG  : [LOWIClientListener] @printWiFiHalNodeResult(): distance_mm(15000001), distance_spread_mm(560420), distance_sd_mm(0)
06-13 06:36:30.985  2200  4416 D QCALOG  : [LOWIClientListener] @printWiFiHalNodeResult(): frequency(5500), packet_bw(4)
06-13 06:36:30.985  2200  4416 D QCALOG  : [LOWIClientListener] computeRttMetrics: 62:d8:a4:**:**:f9 RTT Chain_0 Final Mean:100000000.0000 Max:103805667 Min:100000000 Spread:3805667 Stdev:0 median: 100000000
06-13 06:36:30.985  2200  4416 D QCALOG  : [LOWIClientListener] @printWiFiHalNodeResult(): BSSID: 62:d8:a4:**:**:f9, timestamp:(26324338000)
06-13 06:36:30.985  2200  4416 D QCALOG  : [LOWIClientListener] @printWiFiHalNodeResult(): measurement_num(0), status(RTT_STATUS_SUCCESS), type(RTT_TYPE_1_SIDED)
06-13 06:36:30.985  2200  4416 I QCALOG  : [LOWIClientListener] printWiFiHalNodeResult: rssi(0), rssi_spread(0), rtt(100000000), rtt_sd(0), rtt_spread(3805667)
06-13 06:36:30.985  2200  4416 D QCALOG  : [LOWIClientListener] @printWiFiHalNodeResult(): tx_rate info: preamble(VHT), nss(2x2), bw(WIFI_CHAN_WIDTH_80P80), mcs_idx(0), bitrate(65)
06-13 06:36:30.985  2200  4416 D QCALOG  : [LOWIClientListener] @printWiFiHalNodeResult(): distance_mm(15000001), distance_spread_mm(570850), distance_sd_mm(0)
06-13 06:36:30.985  2200  4416 D QCALOG  : [LOWIClientListener] @printWiFiHalNodeResult(): frequency(5500), packet_bw(4)
06-13 06:36:30.986  3178  5372 E AppOps  : Bad call made by uid 1001. Package "com.android.phone" does not belong to uid 10290.
06-13 06:36:30.986  3178  5372 E AppOps  : Cannot noteOperation
06-13 06:36:30.986  3178  5372 E AppOps  : java.lang.SecurityException: Specified package "com.android.phone" under uid 10290 but it is not
06-13 06:36:30.986  3178  5372 E AppOps  : 	at com.android.server.appop.AppOpsService.verifyAndGetBypass(qb/109837446 568d72778742b68b4c2ea42a8520697fc0125bbdaf94f2d1f0d4a4d88a0e584b:63)
06-13 06:36:30.986  3178  5372 E AppOps  : 	at com.android.server.appop.AppOpsService.noteOperationUnchecked(qb/109837446 568d72778742b68b4c2ea42a8520697fc0125bbdaf94f2d1f0d4a4d88a0e584b:65)
06-13 06:36:30.986  3178  5372 E AppOps  : 	at com.android.server.appop.AppOpsService.-$$Nest$mnoteOperationImpl(qb/109837446 568d72778742b68b4c2ea42a8520697fc0125bbdaf94f2d1f0d4a4d88a0e584b:89)
06-13 06:36:30.986  3178  5372 E AppOps  : 	at com.android.server.appop.AppOpsService$CheckOpsDelegateDispatcher$$ExternalSyntheticLambda4.apply(qb/109837446 568d72778742b68b4c2ea42a8520697fc0125bbdaf94f2d1f0d4a4d88a0e584b:65)
06-13 06:36:30.986  3178  5372 E AppOps  : 	at com.android.server.policy.AppOpsPolicy.noteOperation(qb/109837446 568d72778742b68b4c2ea42a8520697fc0125bbdaf94f2d1f0d4a4d88a0e584b:35)
06-13 06:36:30.986  3178  5372 E AppOps  : 	at com.android.server.appop.AppOpsService$CheckOpsDelegateDispatcher.noteOperation(qb/109837446 568d72778742b68b4c2ea42a8520697fc0125bbdaf94f2d1f0d4a4d88a0e584b:66)
06-13 06:36:30.986  3178  5372 E AppOps  : 	at com.android.server.appop.AppOpsService.noteOperationsInBatch(qb/109837446 568d72778742b68b4c2ea42a8520697fc0125bbdaf94f2d1f0d4a4d88a0e584b:71)
06-13 06:36:30.986  3178  5372 E AppOps  : 	at com.android.internal.app.IAppOpsService$Stub.onTransact(IAppOpsService.java:1429)
06-13 06:36:30.986  3178  5372 E AppOps  : 	at android.os.Binder.execTransactInternal(Binder.java:1514)
06-13 06:36:30.986  3178  5372 E AppOps  : 	at android.os.Binder.execTransact(Binder.java:1454)
06-13 06:36:30.987  2198  2198 I sensors-hal: set_config:60, sample_period_ns is adjusted to 200000000 based on min/max delay_ns
06-13 06:36:30.987  2198  2198 I sensors-hal: batch:363, android.sensor.pressure/61, period=200000000, max_latency=0 request completed
06-13 06:36:30.987  5445  5584 I GmsPassiveListener_FLP: onGmsLocationChanged, provider=fused / speed=4.298833E-5 / time=1781350590943 / elapsed=26324296761720
06-13 06:36:30.988 18470 18602 D SensorManager: unregisterListener
06-13 06:36:30.989  2200  4360 D QCALOG  : [LOWI-WIFIHAL-2.1.1.27] printWiFiHalRequest: Request_id: 1247, numBssids : 6
06-13 06:36:30.989  2200  4360 D QCALOG  : [LOWI-WIFIHAL-2.1.1.27] wifiNodeParamChecking: Request_id: 1247, numBssids : 6
06-13 06:36:30.989  2200  4360 D QCALOG  : [LOWIUtils] requestToOutPostcard - Added a node card to the main card
06-13 06:36:30.989  2200  4360 D QCALOG  : [LOWIUtils] requestToOutPostcard - Added a node card to the main card
06-13 06:36:30.989  2200  4360 D QCALOG  : [LOWIUtils] requestToOutPostcard - Added a node card to the main card
06-13 06:36:30.989  2200  4360 D QCALOG  : [LOWIUtils] requestToOutPostcard - Added a node card to the main card
06-13 06:36:30.989  2200  4360 D QCALOG  : [LOWIUtils] requestToOutPostcard - Added a node card to the main card
06-13 06:36:30.989  2200  4360 D QCALOG  : [LOWIUtils] requestToOutPostcard - Added a node card to the main card
06-13 06:36:30.990  2200  4360 D QCALOG  : [LOWI-WIFIHAL-2.1.1.27] printLowiRequest: Request_id: 249, numBssids: 6
06-13 06:36:30.990  2200  4360 D QCALOG  : [LOWI-WIFIHAL-2.1.1.27] printLowiRequest: freq(5500)MHz, band_center_freq1(5530)MHz, band_center_freq2(0)MHz, rttType(RTT2), bwType(BW_80MHZ), pktsPerMeas(2)
06-13 06:36:30.990  2200  4360 D QCALOG  : [LOWI-WIFIHAL-2.1.1.27] printLowiRequest: periodic(0), burstPeriod(0) ms, numBursts(0), numRetries(3)
06-13 06:36:30.990  2200  4360 D QCALOG  : [LOWI-WIFIHAL-2.1.1.27] printLowiRequest: LCI Req(0x1) Civic(0x1) Bursts Exp(0) Burst Duration(9) Burst Period(0)
06-13 06:36:30.990  2200  4360 D QCALOG  : [LOWI-WIFIHAL-2.1.1.27] printLowiRequest: freq(5500)MHz, band_center_freq1(5530)MHz, band_center_freq2(0)MHz, rttType(RTT2), bwType(BW_80MHZ), pktsPerMeas(2)
06-13 06:36:30.990  2200  4360 D QCALOG  : [LOWI-WIFIHAL-2.1.1.27] printLowiRequest: periodic(0), burstPeriod(0) ms, numBursts(0), numRetries(3)
06-13 06:36:30.990  2200  4360 D QCALOG  : [LOWI-WIFIHAL-2.1.1.27] printLowiRequest: LCI Req(0x1) Civic(0x1) Bursts Exp(0) Burst Duration(9) Burst Period(0)
06-13 06:36:30.990  2200  4360 D QCALOG  : [LOWI-WIFIHAL-2.1.1.27] printLowiRequest: freq(5220)MHz, band_center_freq1(5210)MHz, band_center_freq2(5250)MHz, rttType(RTT2), bwType(BW_160MHZ), pktsPerMeas(2)
06-13 06:36:30.990  2200  4360 D QCALOG  : [LOWI-WIFIHAL-2.1.1.27] printLowiRequest: periodic(0), burstPeriod(0) ms, numBursts(0), numRetries(3)
06-13 06:36:30.990  2200  4360 D QCALOG  : [LOWI-WIFIHAL-2.1.1.27] printLowiRequest: LCI Req(0x1) Civic(0x1) Bursts Exp(0) Burst Duration(9) Burst Period(0)
06-13 06:36:30.990  2200  4360 D QCALOG  : [LOWI-WIFIHAL-2.1.1.27] printLowiRequest: freq(5785)MHz, band_center_freq1(5775)MHz, band_center_freq2(0)MHz, rttType(RTT2), bwType(BW_80MHZ), pktsPerMeas(2)
06-13 06:36:30.990  2200  4360 D QCALOG  : [LOWI-WIFIHAL-2.1.1.27] printLowiRequest: periodic(0), burstPeriod(0) ms, numBursts(0), numRetries(3)
06-13 06:36:30.990  2200  4360 D QCALOG  : [LOWI-WIFIHAL-2.1.1.27] printLowiRequest: LCI Req(0x1) Civic(0x1) Bursts Exp(0) Burst Duration(9) Burst Period(0)
06-13 06:36:30.990  2200  4360 D QCALOG  : [LOWI-WIFIHAL-2.1.1.27] printLowiRequest: freq(5785)MHz, band_center_freq1(5775)MHz, band_center_freq2(0)MHz, rttType(RTT2), bwType(BW_80MHZ), pktsPerMeas(2)
06-13 06:36:30.990  2200  4360 D QCALOG  : [LOWI-WIFIHAL-2.1.1.27] printLowiRequest: periodic(0), burstPeriod(0) ms, numBursts(0), numRetries(3)
06-13 06:36:30.990  2200  4360 D QCALOG  : [LOWI-WIFIHAL-2.1.1.27] printLowiRequest: LCI Req(0x1) Civic(0x1) Bursts Exp(0) Burst Duration(9) Burst Period(0)
06-13 06:36:30.990  2200  4360 D QCALOG  : [LOWI-WIFIHAL-2.1.1.27] printLowiRequest: freq(5785)MHz, band_center_freq1(5775)MHz, band_center_freq2(0)MHz, rttType(RTT2), bwType(BW_80MHZ), pktsPerMeas(2)
06-13 06:36:30.990  2200  4360 D QCALOG  : [LOWI-WIFIHAL-2.1.1.27] printLowiRequest: periodic(0), burstPeriod(0) ms, numBursts(0), numRetries(3)
06-13 06:36:30.990  2200  4360 D QCALOG  : [LOWI-WIFIHAL-2.1.1.27] printLowiRequest: LCI Req(0x1) Civic(0x1) Bursts Exp(0) Burst Duration(9) Burst Period(0)
06-13 06:36:30.990  2982  3005 D LOWI-9.0.1.74: [MqClientIpcReciver] FROM: 73fd882c00-LC
06-13 06:36:30.990  2982  3005 D LOWI-9.0.1.74: [MqClientIpcReciver] REQ:  LOWI_PERIODIC_RANGING_SCAN
06-13 06:36:30.990  2982  3005 D LOWI-9.0.1.74: [MqClientIpcReciver] TX-ID:  249
06-13 06:36:30.990  2982  3006 D LOWI-9.0.1.74: [LOWIEventReceiver] handleEvent:FROM:73fd882c00-LC, TO:LOWI-SERVER, REQ:LOWI_PERIODIC_RANGING_SCAN, IREQ:NA, REQ_ID:249, RESP:NA, INFO:NA
06-13 06:36:30.990  2982  3006 I LOWI-9.0.1.74: [LOWIUtils] inPostcardToRequest - FROM: 73fd882c00-LC, TO:   LOWI-SERVER, REQ:  LOWI_PERIODIC_RANGING_SCAN
06-13 06:36:30.990  2982  3006 D LOWI-9.0.1.74: [LOWIUtils] parseRangReqInfo - Request id(249) REQ_TIMEOUT(0) RANGING_SCAN_REPORT_TYPE(2), NUM_OF_NODES(6)
06-13 06:36:30.990  2982  3006 D LOWI-9.0.1.74: [LOWIUtils] parseRangScanParams - 62:d8:a4:**:**:f9 FREQ(5500 - 5530, 0) NODE_TYPE(1) RTT Type(1) BW(2) PREAMBLE(2) PKTS_PER_MEAS(2) RETRIES_PER_MEAS(3) PHYMODE(-1)
06-13 06:36:30.990  2982  3006 D LOWI-9.0.1.74: [LOWIUtils] parseRangScanParams - isRttBgNode 0 tbPeriodicity 0 tbDuration 0 tbMaxSessionExpiry 0
06-13 06:36:30.990  2982  3006 D LOWI-9.0.1.74: [LOWIUtils] parseRangScanParams -  PERIODIC(0) PERIOD(0) COUNT(0)
06-13 06:36:30.990  2982  3006 D LOWI-9.0.1.74: [LOWIUtils] parseRangScanParams - 60:d8:a4:**:**:9d FREQ(5500 - 5530, 0) NODE_TYPE(1) RTT Type(1) BW(2) PREAMBLE(2) PKTS_PER_MEAS(2) RETRIES_PER_MEAS(3) PHYMODE(-1)
06-13 06:36:30.990  2982  3006 D LOWI-9.0.1.74: [LOWIUtils] parseRangScanParams - isRttBgNode 0 tbPeriodicity 0 tbDuration 0 tbMaxSessionExpiry 0
06-13 06:36:30.990  2982  3006 D LOWI-9.0.1.74: [LOWIUtils] parseRangScanParams -  PERIODIC(0) PERIOD(0) COUNT(0)
06-13 06:36:30.990  2982  3006 D LOWI-9.0.1.74: [LOWIUtils] parseRangScanParams - f0:09:0d:**:**:01 FREQ(5220 - 5210, 5250) NODE_TYPE(1) RTT Type(1) BW(3) PREAMBLE(2) PKTS_PER_MEAS(2) RETRIES_PER_MEAS(3) PHYMODE(-1)
06-13 06:36:30.991  2982  3006 D LOWI-9.0.1.74: [LOWIUtils] parseRangScanParams - isRttBgNode 0 tbPeriodicity 0 tbDuration 0 tbMaxSessionExpiry 0
06-13 06:36:30.991  2982  3006 D LOWI-9.0.1.74: [LOWIUtils] parseRangScanParams -  PERIODIC(0) PERIOD(0) COUNT(0)
06-13 06:36:30.991  2982  3006 D LOWI-9.0.1.74: [LOWIUtils] parseRangScanParams - 40:4c:77:**:**:11 FREQ(5785 - 5775, 0) NODE_TYPE(1) RTT Type(1) BW(2) PREAMBLE(2) PKTS_PER_MEAS(2) RETRIES_PER_MEAS(3) PHYMODE(-1)
06-13 06:36:30.991  2982  3006 D LOWI-9.0.1.74: [LOWIUtils] parseRangScanParams - isRttBgNode 0 tbPeriodicity 0 tbDuration 0 tbMaxSessionExpiry 0
06-13 06:36:30.991  2982  3006 D LOWI-9.0.1.74: [LOWIUtils] parseRangScanParams -  PERIODIC(0) PERIOD(0) COUNT(0)
06-13 06:36:30.991  2982  3006 D LOWI-9.0.1.74: [LOWIUtils] parseRangScanParams - 4a:4c:77:**:**:11 FREQ(5785 - 5775, 0) NODE_TYPE(1) RTT Type(1) BW(2) PREAMBLE(2) PKTS_PER_MEAS(2) RETRIES_PER_MEAS(3) PHYMODE(-1)
06-13 06:36:30.991  2982  3006 D LOWI-9.0.1.74: [LOWIUtils] parseRangScanParams - isRttBgNode 0 tbPeriodicity 0 tbDuration 0 tbMaxSessionExpiry 0
06-13 06:36:30.991  2982  3006 D LOWI-9.0.1.74: [LOWIUtils] parseRangScanParams -  PERIODIC(0) PERIOD(0) COUNT(0)
06-13 06:36:30.991  2982  3006 D LOWI-9.0.1.74: [LOWIUtils] parseRangScanParams - 5a:4c:77:**:**:11 FREQ(5785 - 5775, 0) NODE_TYPE(1) RTT Type(1) BW(2) PREAMBLE(2) PKTS_PER_MEAS(2) RETRIES_PER_MEAS(3) PHYMODE(-1)
06-13 06:36:30.991  2982  3006 D LOWI-9.0.1.74: [LOWIUtils] parseRangScanParams - isRttBgNode 0 tbPeriodicity 0 tbDuration 0 tbMaxSessionExpiry 0
06-13 06:36:30.991  2982  3006 D LOWI-9.0.1.74: [LOWIUtils] parseRangScanParams -  PERIODIC(0) PERIOD(0) COUNT(0)
06-13 06:36:30.991  2982  3006 D LOWI-9.0.1.74: [LOWIController] _process: Request 73fd882c00-LC_249 received, type(PERIODIC_RANGING_SCAN)
06-13 06:36:30.991  2982  3006 D LOWI-9.0.1.74: [LOWIBackgroundScanMgr] isReqForBgScanMgr: PERIODIC_RANGING_SCAN - not handled
06-13 06:36:30.991  2982  3006 D LOWI-9.0.1.74: [LOWIScheduler] manageRequest: Received: PERIODIC_RANGING_SCAN
06-13 06:36:30.991  2982  3006 D LOWI-9.0.1.74: [LOWIScheduler] manageRequest: NumPeriodicNodesInDB(0) DBsize(6) mTimerRunning(0)
06-13 06:36:30.991  2982  3006 D LOWI-9.0.1.74: [LOWIScheduler] ****************************** WiFiNode Database *****************************************************************************************
06-13 06:36:30.991  2982  3006 D LOWI-9.0.1.74: [LOWIScheduler] Num of remaining nodes: 6
06-13 06:36:30.991  2982  3006 D LOWI-9.0.1.74: [LOWIScheduler] BSSID             Freq nodeT rttT  BW     pkts cont period       numMeas perCntr retries retCntr ReqId      schId      nodeState                  
06-13 06:36:30.991  2982  3006 D LOWI-9.0.1.74: [LOWIScheduler] 5a:4c:77:**:**:11 5785 AP    RTT2  BW_80  2    0    0            0       0       3       0       249        0          WIFI_NODE_READY_FOR_REQ    
06-13 06:36:30.991  2982  3006 D LOWI-9.0.1.74: [LOWIScheduler] 4a:4c:77:**:**:11 5785 AP    RTT2  BW_80  2    0    0            0       0       3       0       249        0          WIFI_NODE_READY_FOR_REQ    
06-13 06:36:30.991  2982  3006 D LOWI-9.0.1.74: [LOWIScheduler] 40:4c:77:**:**:11 5785 AP    RTT2  BW_80  2    0    0            0       0       3       0       249        0          WIFI_NODE_READY_FOR_REQ    
06-13 06:36:30.991  2982  3006 D LOWI-9.0.1.74: [LOWIScheduler] f0:09:0d:**:**:01 5220 AP    RTT2  BW_160 2    0    0            0       0       3       0       249        0          WIFI_NODE_READY_FOR_REQ    
06-13 06:36:30.991  2982  3006 D LOWI-9.0.1.74: [LOWIScheduler] 60:d8:a4:**:**:9d 5500 AP    RTT2  BW_80  2    0    0            0       0       3       0       249        0          WIFI_NODE_READY_FOR_REQ    
06-13 06:36:30.991  2982  3006 D LOWI-9.0.1.74: [LOWIScheduler] 62:d8:a4:**:**:f9 5500 AP    RTT2  BW_80  2    0    0            0       0       3       0       249        0          WIFI_NODE_READY_FOR_REQ    
06-13 06:36:30.991  2982  3006 D LOWI-9.0.1.74: [LOWIScheduler] ******************************************************************************************************************************************
06-13 06:36:30.991  2982  3006 D LOWI-9.0.1.74: [LOWIScheduler] setupRequest: nodes in wifi req(6) wigig req(0) bg_nodes req(0)
06-13 06:36:30.991  2982  3006 D LOWI-9.0.1.74: [LOWIScheduler] schReqId: 2982-248
06-13 06:36:30.992  2982  3006 D LOWI-9.0.1.74: [LOWIController] isWifiEnabled: mNlWifiStatus 2 mWifiStateEnabled 1
06-13 06:36:30.992  2982  3006 D LOWI-9.0.1.74: [LOWI-ROME-RTT] RomeUnblockRangingThread
06-13 06:36:30.992  2982  3006 D LOWI-9.0.1.74: [LOWIController] issueRequest: LOWIRequestOriginator_195428600 sent to driver request - SUCCESS
06-13 06:36:30.992  2982  3006 D LOWI-9.0.1.74: [LOWIScheduler] setupRequest: database updated
06-13 06:36:30.992  2982  3006 D LOWI-9.0.1.74: [LOWIScheduler] ****************************** WiFiNode Database *****************************************************************************************
06-13 06:36:30.992  2982  3006 D LOWI-9.0.1.74: [LOWIScheduler] Num of remaining nodes: 6
06-13 06:36:30.992  2982  3006 D LOWI-9.0.1.74: [LOWIScheduler] BSSID             Freq nodeT rttT  BW     pkts cont period       numMeas perCntr retries retCntr ReqId      schId      nodeState                  
06-13 06:36:30.992  2982  3006 D LOWI-9.0.1.74: [LOWIScheduler] 5a:4c:77:**:**:11 5785 AP    RTT2  BW_80  2    0    0            0       0       3       0       249        195428600  WIFI_NODE_MEAS_IN_PROGRESS 
06-13 06:36:30.992  2982  3006 D LOWI-9.0.1.74: [LOWIScheduler] 4a:4c:77:**:**:11 5785 AP    RTT2  BW_80  2    0    0            0       0       3       0       249        195428600  WIFI_NODE_MEAS_IN_PROGRESS 
06-13 06:36:30.992  2982  3006 D LOWI-9.0.1.74: [LOWIScheduler] 40:4c:77:**:**:11 5785 AP    RTT2  BW_80  2    0    0            0       0       3       0       249        195428600  WIFI_NODE_MEAS_IN_PROGRESS 
06-13 06:36:30.992  2982  3006 D LOWI-9.0.1.74: [LOWIScheduler] f0:09:0d:**:**:01 5220 AP    RTT2  BW_160 2    0    0            0       0       3       0       249        195428600  WIFI_NODE_MEAS_IN_PROGRESS 
06-13 06:36:30.992  2982  3006 D LOWI-9.0.1.74: [LOWIScheduler] 60:d8:a4:**:**:9d 5500 AP    RTT2  BW_80  2    0    0            0       0       3       0       249        195428600  WIFI_NODE_MEAS_IN_PROGRESS 
06-13 06:36:30.992  2982  3006 D LOWI-9.0.1.74: [LOWIScheduler] 62:d8:a4:**:**:f9 5500 AP    RTT2  BW_80  2    0    0            0       0       3       0       249        195428600  WIFI_NODE_MEAS_IN_PROGRESS 
06-13 06:36:30.992  2982  3006 D LOWI-9.0.1.74: [LOWIScheduler] ******************************************************************************************************************************************
06-13 06:36:30.992  2982  3006 D LOWI-9.0.1.74: [LOWIController] Scheduler is managing the msg
06-13 06:36:30.992  2982  4414 D LOWI-9.0.1.74: [LOWI-ROME-RTT] RomeWaitOnActivityOnSocketOrPipe: Ranging thread Received string: Close, request socket shutdown 
06-13 06:36:30.992  2982  4414 D LOWI-9.0.1.74: [LOWIRangingFSM] FSM: Received Event EVENT_RANGING_REQ, Current state: STATE_READY_AND_IDLE
06-13 06:36:30.992  2982  4414 I LOWI-9.0.1.74: [LOWIRangingFSM] Skipping TMR check temporarily 
06-13 06:36:30.992  2982  4414 I LOWI-9.0.1.74: [LOWIRangingFSM] PrepareRangingRequest: AP: 5a:4c:77:**:**:11MHz: 5785 freq1: 5775 freq2: 0 BW: 2 phy mode: LOWI_PHY_MODE_11AC_VHT80    Overwrite chanInfo from cache
06-13 06:36:30.993  2982  4414 D LOWI-9.0.1.74: [LOWIRangingHeliumFSM] validChannelBWPreambleCombo: Valid combo: BW(BW_80MHZ) channel(5785:5775) phy mode(LOWI_PHY_MODE_11AC_VHT80) & preamble(RTT_PREAMBLE_VHT) for AP:5a:4c:77:**:**:11
06-13 06:36:30.993  2982  4414 I LOWI-9.0.1.74: [LOWIRangingFSM] Skipping TMR check temporarily 
06-13 06:36:30.993  2982  4414 I LOWI-9.0.1.74: [LOWIRangingFSM] PrepareRangingRequest: AP: 4a:4c:77:**:**:11MHz: 5785 freq1: 5775 freq2: 0 BW: 2 phy mode: LOWI_PHY_MODE_11AC_VHT80    Overwrite chanInfo from cache
06-13 06:36:30.993  2982  4414 D LOWI-9.0.1.74: [LOWIRangingHeliumFSM] validChannelBWPreambleCombo: Valid combo: BW(BW_80MHZ) channel(5785:5775) phy mode(LOWI_PHY_MODE_11AC_VHT80) & preamble(RTT_PREAMBLE_VHT) for AP:4a:4c:77:**:**:11
06-13 06:36:30.993  2982  4414 I LOWI-9.0.1.74: [LOWIRangingFSM] Skipping TMR check temporarily 
06-13 06:36:30.993  2982  4414 I LOWI-9.0.1.74: [LOWIRangingFSM] PrepareRangingRequest: AP: 40:4c:77:**:**:11MHz: 5785 freq1: 5775 freq2: 0 BW: 2 phy mode: LOWI_PHY_MODE_11AC_VHT80    Overwrite chanInfo from cache
06-13 06:36:30.993  2982  4414 D LOWI-9.0.1.74: [LOWIRangingHeliumFSM] validChannelBWPreambleCombo: Valid combo: BW(BW_80MHZ) channel(5785:5775) phy mode(LOWI_PHY_MODE_11AC_VHT80) & preamble(RTT_PREAMBLE_VHT) for AP:40:4c:77:**:**:11
06-13 06:36:30.993  2982  4414 I LOWI-9.0.1.74: [LOWIRangingFSM] Skipping TMR check temporarily 
06-13 06:36:30.993  2982  4414 I LOWI-9.0.1.74: [LOWIRangingFSM] PrepareRangingRequest: AP: f0:09:0d:**:**:01MHz: 5220 freq1: 5210 freq2: 5250 BW: 3 phy mode: LOWI_PHY_MODE_11AX_HE160    Overwrite chanInfo from cache
06-13 06:36:30.993  2982  4414 D LOWI-9.0.1.74: [LOWIRangingHeliumFSM] validChannelBWPreambleCombo: Valid combo: BW(BW_160MHZ) channel(5220:5210) phy mode(LOWI_PHY_MODE_11AX_HE160) & preamble(RTT_PREAMBLE_VHT) for AP:f0:09:0d:**:**:01
06-13 06:36:30.993  2982  4414 I LOWI-9.0.1.74: [LOWIRangingFSM] Skipping TMR check temporarily 
06-13 06:36:30.994  2982  4414 I LOWI-9.0.1.74: [LOWIRangingFSM] PrepareRangingRequest: AP: 60:d8:a4:**:**:9dMHz: 5500 freq1: 5530 freq2: 0 BW: 2 phy mode: LOWI_PHY_MODE_11AC_VHT80    Overwrite chanInfo from cache
06-13 06:36:30.994  2982  4414 D LOWI-9.0.1.74: [LOWIRangingHeliumFSM] validChannelBWPreambleCombo: Valid combo: BW(BW_80MHZ) channel(5500:5530) phy mode(LOWI_PHY_MODE_11AC_VHT80) & preamble(RTT_PREAMBLE_VHT) for AP:60:d8:a4:**:**:9d
06-13 06:36:30.994  2982  4414 I LOWI-9.0.1.74: [LOWIRangingFSM] Skipping TMR check temporarily 
06-13 06:36:30.994  2982  4414 I LOWI-9.0.1.74: [LOWIRangingFSM] PrepareRangingRequest: AP: 62:d8:a4:**:**:f9MHz: 5500 freq1: 5530 freq2: 0 BW: 2 phy mode: LOWI_PHY_MODE_11AC_VHT80    Overwrite chanInfo from cache
06-13 06:36:30.994  2982  4414 D LOWI-9.0.1.74: [LOWIRangingHeliumFSM] validChannelBWPreambleCombo: Valid combo: BW(BW_80MHZ) channel(5500:5530) phy mode(LOWI_PHY_MODE_11AC_VHT80) & preamble(RTT_PREAMBLE_VHT) for AP:62:d8:a4:**:**:f9
06-13 06:36:30.994  2982  4414 D LOWI-9.0.1.74: [LOWIRangingFSM] SendRangingReq: curChIndex: 0, totChs: 3, curAp: 0, totAp: 3
06-13 06:36:30.994  2982  4414 I LOWI-9.0.1.74: [LOWIRangingFSM] SendRangingReq: Starting RTT with 3 APs over 3 channels
06-13 06:36:30.994  2982  4414 D LOWI-9.0.1.74: [LOWIUtils] freqToChBandBit: frequency 5785 channel 157 Band 1
06-13 06:36:30.994  2982  4414 D LOWI-9.0.1.74: [LOWIUtils] freqToChBandBit: frequency 5785 channel 157 Band 1
06-13 06:36:30.994  2982  4414 D LOWI-9.0.1.74: [LOWI-HELIUM-RTT] RomeSendRttReq: PHY Mode(LOWI_PHY_MODE_11AC_VHT80) timeoutPerTarget(50) reportType(RTT_REPORT_AGGREGATE)
06-13 06:36:30.994  2200  4411 I WifiHAL : send_nl_data: sent cld80211 msg of len: 268 to driver
06-13 06:36:30.994  2982  4414 D LOWI-9.0.1.74: [LOWI-ROME-RTT] send_oem_nl_msg: sent cld80211 message with subcmd: 5
06-13 06:36:30.994  2982  4414 D LOWI-9.0.1.74: [LOWIRangingFSM] FSM: New FSM state: STATE_PROCESSING_RANGING_REQ
06-13 06:36:30.994  2982  4414 D LOWI-9.0.1.74: [LOWI-ROME-RTT] RomeWaitOnActivityOnSocketOrPipe: issue timed select: TO: 5 
06-13 06:36:31.042  2200  4411 I WifiHAL : send oem msg of len : 644 to apps
06-13 06:36:31.042  2982  4414 D LOWI-9.0.1.74: [LOWI-ROME-RTT] RomeWaitOnActivityOnSocketOrPipe: timed select over: TO: 5 retVal: 1
06-13 06:36:31.043  2982  4414 D LOWI-9.0.1.74: [LOWI-ROME-RTT] event_handler: Valid data with length 612
06-13 06:36:31.043  2982  4414 D LOWI-9.0.1.74: [LOWI-HELIUM-RTT] storeNLFragment: new fragment group, tokenid(2), adding 604 chars @position 0
06-13 06:36:31.043  2982  4414 D LOWI-9.0.1.74: [LOWI-HELIUM-RTT] RomeNLRecvMessage: The Received OEMSubType: RTT_MSG_SUBTYPE_MEASUREMENT_RSP
06-13 06:36:31.043  2982  4414 D LOWI-9.0.1.74: [LOWI-HELIUM-RTT] RomeNLRecvMessage: The Received RomeMsgType: ROME_RANGING_MEAS_MSG
06-13 06:36:31.043  2982  4414 D LOWI-9.0.1.74: [LOWIRangingFSM] FSM: Received Event EVENT_RANGING_MEAS_RECV, Current state: STATE_PROCESSING_RANGING_REQ
06-13 06:36:31.043  2982  4414 D LOWI-9.0.1.74: [LOWIWifiTlvHandler] processRspHeadTlv: reqId(770) measDone(1) rttStatus(RTT_STATUS_SUCCESS) subtype(RTT_MSG_SUBTYPE_MEASUREMENT_RSP) isFrag(0) fragIdx(0) fragLen(580) tknId(25)
06-13 06:36:31.043  2982  4414 D LOWI-9.0.1.74: [LOWIWifiTlvHandler] checkTlvTag: Processing idx(0) received TLV: wmi_rtt_oem_rsp_head
06-13 06:36:31.043  2982  4414 D LOWI-9.0.1.74: [LOWIWifiTlvHandler] processIfPeerEvtHdrTag: Invalid Tag(33), not added to vector mPeerIdx(0)
06-13 06:36:31.043  2982  4414 D LOWI-9.0.1.74: [LOWIWifiTlvHandler] processIfPerFrmInfoTag: Invalid Tag(33) measurement not added for peer(0)
06-13 06:36:31.043  2982  4414 D LOWI-9.0.1.74: [LOWIWifiTlvHandler] checkTlvTag: Processing idx(1) received TLV: wmi_rtt_oem_measrsp_head
06-13 06:36:31.043  2982  4414 D LOWI-9.0.1.74: [LOWIWifiTlvHandler] processIfPeerEvtHdrTag: Invalid Tag(41), not added to vector mPeerIdx(0)
06-13 06:36:31.043  2982  4414 D LOWI-9.0.1.74: [LOWIWifiTlvHandler] processIfPerFrmInfoTag: Invalid Tag(41) measurement not added for peer(0)
06-13 06:36:31.043  2982  4414 D LOWI-9.0.1.74: [LOWIWifiTlvHandler] checkTlvTag: Processing idx(2) received TLV: loop_start
06-13 06:36:31.043  2982  4414 D LOWI-9.0.1.74: [LOWIWifiTlvHandler] processIfPeerEvtHdrTag: Invalid Tag(16), not added to vector mPeerIdx(0)
06-13 06:36:31.043  2982  4414 D LOWI-9.0.1.74: [LOWIWifiTlvHandler] processIfPerFrmInfoTag: Invalid Tag(16) measurement not added for peer(0)
06-13 06:36:31.043  2982  4414 D LOWI-9.0.1.74: [LOWIWifiTlvHandler] checkTlvTag: Processing idx(3) received TLV: wmi_rtt_oem_per_peer_event_hdr
06-13 06:36:31.043  2982  4414 D LOWI-9.0.1.74: [LOWIWifiTlvHandler] processIfPerFrmInfoTag: Invalid Tag(42) measurement not added for peer(0)
06-13 06:36:31.043  2982  4414 D LOWI-9.0.1.74: [LOWIWifiTlvHandler] checkTlvTag: Processing idx(4) received TLV: WMIRTT_TLV_TAG_ARRAY_UINT8
06-13 06:36:31.043  2982  4414 D LOWI-9.0.1.74: [LOWIWifiTlvHandler] processIfPeerEvtHdrTag: Invalid Tag(18), not added to vector mPeerIdx(0)
06-13 06:36:31.043  2982  4414 D LOWI-9.0.1.74: [LOWIWifiTlvHandler] processIfPerFrmInfoTag: Invalid Tag(18) measurement not added for peer(0)
06-13 06:36:31.043  2982  4414 D LOWI-9.0.1.74: [LOWIWifiTlvHandler] checkTlvTag: Processing idx(5) received TLV: loop_start
06-13 06:36:31.043  2982  4414 D LOWI-9.0.1.74: [LOWIWifiTlvHandler] processIfPeerEvtHdrTag: Invalid Tag(16), not added to vector mPeerIdx(0)
06-13 06:36:31.043  2982  4414 D LOWI-9.0.1.74: [LOWIWifiTlvHandler] processIfPerFrmInfoTag: Invalid Tag(16) measurement not added for peer(0)
06-13 06:36:31.043  2982  4414 D LOWI-9.0.1.74: [LOWIWifiTlvHandler] checkTlvTag: Processing idx(6) received TLV: wmi_rtt_oem_per_frame_info
06-13 06:36:31.043  2982  4414 D LOWI-9.0.1.74: [LOWIWifiTlvHandler] processIfPeerEvtHdrTag: Invalid Tag(43), not added to vector mPeerIdx(0)
06-13 06:36:31.043  2982  4414 D LOWI-9.0.1.74: [LOWIWifiTlvHandler] checkTlvTag: Processing idx(7) received unexpected but valid TLV(loop_end), going to idx(6)
06-13 06:36:31.043  2982  4414 D LOWI-9.0.1.74: [LOWIWifiTlvHandler] checkTlvTag: Processing idx(6) received TLV: wmi_rtt_oem_per_frame_info
06-13 06:36:31.043  2982  4414 D LOWI-9.0.1.74: [LOWIWifiTlvHandler] processIfPeerEvtHdrTag: Invalid Tag(43), not added to vector mPeerIdx(0)
06-13 06:36:31.043  2982  4414 D LOWI-9.0.1.74: [LOWIWifiTlvHandler] checkTlvTag: Processing idx(7) received TLV: loop_end
06-13 06:36:31.043  2982  4414 D LOWI-9.0.1.74: [LOWIWifiTlvHandler] processIfPeerEvtHdrTag: Invalid Tag(17), not added to vector mPeerIdx(0)
06-13 06:36:31.043  2982  4414 D LOWI-9.0.1.74: [LOWIWifiTlvHandler] processIfPerFrmInfoTag: Invalid Tag(17) measurement not added for peer(0)
06-13 06:36:31.043  2982  4414 D LOWI-9.0.1.74: [LOWIWifiTlvHandler] checkTlvTag: Processing idx(8) received unexpected but valid TLV(loop_end), going to idx(3)
06-13 06:36:31.043  2982  4414 D LOWI-9.0.1.74: [LOWIWifiTlvHandler] checkTlvTag: Processing idx(3) received TLV: wmi_rtt_oem_per_peer_event_hdr
06-13 06:36:31.043  2982  4414 D LOWI-9.0.1.74: [LOWIWifiTlvHandler] processIfPerFrmInfoTag: Invalid Tag(42) measurement not added for peer(1)
06-13 06:36:31.043  2982  4414 D LOWI-9.0.1.74: [LOWIWifiTlvHandler] checkTlvTag: Processing idx(4) received TLV: WMIRTT_TLV_TAG_ARRAY_UINT8
06-13 06:36:31.043  2982  4414 D LOWI-9.0.1.74: [LOWIWifiTlvHandler] processIfPeerEvtHdrTag: Invalid Tag(18), not added to vector mPeerIdx(1)
06-13 06:36:31.043  2982  4414 D LOWI-9.0.1.74: [LOWIWifiTlvHandler] processIfPerFrmInfoTag: Invalid Tag(18) measurement not added for peer(1)
06-13 06:36:31.043  2982  4414 D LOWI-9.0.1.74: [LOWIWifiTlvHandler] checkTlvTag: Processing idx(5) received TLV: loop_start
06-13 06:36:31.043  2982  4414 D LOWI-9.0.1.74: [LOWIWifiTlvHandler] processIfPeerEvtHdrTag: Invalid Tag(16), not added to vector mPeerIdx(1)
06-13 06:36:31.043  2982  4414 D LOWI-9.0.1.74: [LOWIWifiTlvHandler] processIfPerFrmInfoTag: Invalid Tag(16) measurement not added for peer(1)
06-13 06:36:31.043  2982  4414 D LOWI-9.0.1.74: [LOWIWifiTlvHandler] checkTlvTag: Processing idx(6) received TLV: wmi_rtt_oem_per_frame_info
06-13 06:36:31.043  2982  4414 D LOWI-9.0.1.74: [LOWIWifiTlvHandler] processIfPeerEvtHdrTag: Invalid Tag(43), not added to vector mPeerIdx(1)
06-13 06:36:31.043  2982  4414 D LOWI-9.0.1.74: [LOWIWifiTlvHandler] checkTlvTag: Processing idx(7) received unexpected but valid TLV(loop_end), going to idx(6)
06-13 06:36:31.043  2982  4414 D LOWI-9.0.1.74: [LOWIWifiTlvHandler] checkTlvTag: Processing idx(6) received TLV: wmi_rtt_oem_per_frame_info
06-13 06:36:31.043  2982  4414 D LOWI-9.0.1.74: [LOWIWifiTlvHandler] processIfPeerEvtHdrTag: Invalid Tag(43), not added to vector mPeerIdx(1)
06-13 06:36:31.044  2982  4414 D LOWI-9.0.1.74: [LOWIWifiTlvHandler] checkTlvTag: Processing idx(7) received TLV: loop_end
06-13 06:36:31.044  2982  4414 D LOWI-9.0.1.74: [LOWIWifiTlvHandler] processIfPeerEvtHdrTag: Invalid Tag(17), not added to vector mPeerIdx(1)
06-13 06:36:31.044  2982  4414 D LOWI-9.0.1.74: [LOWIWifiTlvHandler] processIfPerFrmInfoTag: Invalid Tag(17) measurement not added for peer(1)
06-13 06:36:31.044  2982  4414 D LOWI-9.0.1.74: [LOWIWifiTlvHandler] checkTlvTag: Processing idx(8) received unexpected but valid TLV(loop_end), going to idx(3)
06-13 06:36:31.044  2982  4414 D LOWI-9.0.1.74: [LOWIWifiTlvHandler] checkTlvTag: Processing idx(3) received TLV: wmi_rtt_oem_per_peer_event_hdr
06-13 06:36:31.044  2982  4414 D LOWI-9.0.1.74: [LOWIWifiTlvHandler] processIfPerFrmInfoTag: Invalid Tag(42) measurement not added for peer(2)
06-13 06:36:31.044  2982  4414 D LOWI-9.0.1.74: [LOWIWifiTlvHandler] checkTlvTag: Processing idx(4) received TLV: WMIRTT_TLV_TAG_ARRAY_UINT8
06-13 06:36:31.044  2982  4414 D LOWI-9.0.1.74: [LOWIWifiTlvHandler] processIfPeerEvtHdrTag: Invalid Tag(18), not added to vector mPeerIdx(2)
06-13 06:36:31.044  2982  4414 D LOWI-9.0.1.74: [LOWIWifiTlvHandler] processIfPerFrmInfoTag: Invalid Tag(18) measurement not added for peer(2)
06-13 06:36:31.044  2982  4414 D LOWI-9.0.1.74: [LOWIWifiTlvHandler] checkTlvTag: Processing idx(5) received TLV: loop_start
06-13 06:36:31.044  2982  4414 D LOWI-9.0.1.74: [LOWIWifiTlvHandler] processIfPeerEvtHdrTag: Invalid Tag(16), not added to vector mPeerIdx(2)
06-13 06:36:31.044  2982  4414 D LOWI-9.0.1.74: [LOWIWifiTlvHandler] processIfPerFrmInfoTag: Invalid Tag(16) measurement not added for peer(2)
06-13 06:36:31.044  2982  4414 D LOWI-9.0.1.74: [LOWIWifiTlvHandler] checkTlvTag: Processing idx(6) received TLV: wmi_rtt_oem_per_frame_info
06-13 06:36:31.044  2982  4414 D LOWI-9.0.1.74: [LOWIWifiTlvHandler] processIfPeerEvtHdrTag: Invalid Tag(43), not added to vector mPeerIdx(2)
06-13 06:36:31.044  2982  4414 D LOWI-9.0.1.74: [LOWIWifiTlvHandler] checkTlvTag: Processing idx(7) received unexpected but valid TLV(loop_end), going to idx(6)
06-13 06:36:31.044  2982  4414 D LOWI-9.0.1.74: [LOWIWifiTlvHandler] checkTlvTag: Processing idx(6) received TLV: wmi_rtt_oem_per_frame_info
06-13 06:36:31.044  2982  4414 D LOWI-9.0.1.74: [LOWIWifiTlvHandler] processIfPeerEvtHdrTag: Invalid Tag(43), not added to vector mPeerIdx(2)
06-13 06:36:31.044  2982  4414 D LOWI-9.0.1.74: [LOWIWifiTlvHandler] checkTlvTag: Processing idx(7) received TLV: loop_end
06-13 06:36:31.044  2982  4414 D LOWI-9.0.1.74: [LOWIWifiTlvHandler] processIfPeerEvtHdrTag: Invalid Tag(17), not added to vector mPeerIdx(2)
06-13 06:36:31.044  2982  4414 D LOWI-9.0.1.74: [LOWIWifiTlvHandler] processIfPerFrmInfoTag: Invalid Tag(17) measurement not added for peer(2)
06-13 06:36:31.044  2982  4414 D LOWI-9.0.1.74: [LOWIWifiTlvHandler] checkTlvTag: Processing idx(8) received TLV: loop_end
06-13 06:36:31.044  2982  4414 D LOWI-9.0.1.74: [LOWIWifiTlvHandler] processIfLoopEndTag: mPeerLs(0)...peer list ends
06-13 06:36:31.044  2982  4414 D LOWI-9.0.1.74: [LOWIWifiTlvHandler] processIfPeerEvtHdrTag: Invalid Tag(17), not added to vector mPeerIdx(2)
06-13 06:36:31.044  2982  4414 D LOWI-9.0.1.74: [LOWIWifiTlvHandler] processIfPerFrmInfoTag: Invalid Tag(17) measurement not added for peer(2)
06-13 06:36:31.044  2982  4414 D LOWI-9.0.1.74: [LOWIWifiTlvHandler] printBssidInfo: Peer 0 of 3,  numMeas = 2
06-13 06:36:31.044  2982  4414 D LOWI-9.0.1.74: [LOWIWifiTlvHandler] printBssidInfo: Peer 1 of 3,  numMeas = 2
06-13 06:36:31.044  2982  4414 D LOWI-9.0.1.74: [LOWIWifiTlvHandler] printBssidInfo: Peer 2 of 3,  numMeas = 2
06-13 06:36:31.044  2982  4414 D LOWI-9.0.1.74: [LOWI-HELIUM-RTT] printMeasRspHeadInfo: info(0x300002) channel_info(0x1699) rprtType(2) rttMeasType(0) rprtStatusV3(0) tmStart(0) numAPs(3) destMac(00:00:00:**:**:00) channelInfo(5785)
06-13 06:36:31.044  2982  4414 D LOWI-9.0.1.74: [LOWI-HELIUM-RTT] printPerPeerInfo: peerMac(5a:4c:77:**:**:11) burstIdx(0) numIEs(0) numMeasThisAP(2)rttMeasType(1) isQtiPeer(0) tmrSubType(0) isLastRespForPeer (0) securityMode(0) numFrmAttempted(2) actualBurstDur(10) actualNumFrmPerBur(2) actualBurstExp(0) retryAfterDur(0) measStartTSF(716187657) control(0x102) result_info_1(0xa0002)result_info_2(0x2) result_info_3(0x0) measStartTSF_field(0x2ab02809)
06-13 06:36:31.044  2982  4414 D LOWI-9.0.1.74: [LOWI-HELIUM-RTT] printPerPeerInfo: 11az params: i2r_lmr_feedback:0 ranging_priority:0 r2i_toa_type:0 i2r_toa_type:0 format_and_bw:0 imdt_r2i_feedback:0 imdt_i2r_feedback:0 max_i2r_repetition:0 max_r2i_repetition:0 device_class:0 full_bw_ul_mumimo:0 max_r2i_sts_le_80mhz:0 max_r2i_sts_gr_80mhz:0 max_r2i_ltf_total:0 max_i2r_sts_le_80mhz:0 max_i2r_sts_gr_80mhz:0 max_i2r_ltf_total:0 min_time_between_measurements:0 tb_max_session_expiry 0
06-13 06:36:31.044  2982  4414 D LOWI-9.0.1.74: [LOWI-P2P-RTT] p2pIsStored: Bad inputs
06-13 06:36:31.044  2982  4414 D LOWI-9.0.1.74: [LOWI-HELIUM-RTT] printPerFrameInfo: tx_rate_info1(0x10003) tx_rate_info2(0x41) rx_rate_info1(0x30000) rx_rate_info2(0x41) max_tod_toa_error(0x0)
06-13 06:36:31.044  2982  4414 D LOWI-9.0.1.74: [LOWI-HELIUM-RTT] printPerFrameInfo: rssi(1684300900) T1.time32(0x0) T1.time0(0x0) T2.time32(0x0) T2.time0(0x0) T3_del(0x0) T4_del(0x6379d2a) txPreamble(0x3) txBw(0x0) txRateMcsIdx(0x0)txSTS(0x0) txNREP(0x0) txBitRate(0x41) rxPreamble(0x0) rxBw(0x0) invalidFACBit(0x0) rxRateMcsIdx(0x0) rxBitRate(0x41) chainMask(0x3) maxTodError(0x0)maxToaError(0x0) useTxChainNo(0x1) useRxChainNo(0x0) rxSTS(0x0) rxNREP(0x0) r2iNDPIntegrityCheck(0x0)
06-13 06:36:31.044  2982  4414 D LOWI-9.0.1.74: [LOWI-HELIUM-RTT] processPerFrameInfo: RTT V2 Performed - Raw RSSI(0x0), toa - tod = 0x6379d2a(pre-offset), RTT(104308010 psecs), RSSI(0) 
06-13 06:36:31.044  2982  4414 D LOWI-9.0.1.74: [LOWI-HELIUM-RTT] printPerFrameInfo: tx_rate_info1(0x10003) tx_rate_info2(0x41) rx_rate_info1(0x30000) rx_rate_info2(0x41) max_tod_toa_error(0x0)
06-13 06:36:31.044  2982  4414 D LOWI-9.0.1.74: [LOWI-HELIUM-RTT] printPerFrameInfo: rssi(1684300900) T1.time32(0x0) T1.time0(0x0) T2.time32(0x0) T2.time0(0x0) T3_del(0x0) T4_del(0x638ce57) txPreamble(0x3) txBw(0x0) txRateMcsIdx(0x0)txSTS(0x0) txNREP(0x0) txBitRate(0x41) rxPreamble(0x0) rxBw(0x0) invalidFACBit(0x0) rxRateMcsIdx(0x0) rxBitRate(0x41) chainMask(0x3) maxTodError(0x0)maxToaError(0x0) useTxChainNo(0x1) useRxChainNo(0x0) rxSTS(0x0) rxNREP(0x0) r2iNDPIntegrityCheck(0x0)
06-13 06:36:31.044  2982  4414 D LOWI-9.0.1.74: [LOWI-HELIUM-RTT] processPerFrameInfo: RTT V2 Performed - Raw RSSI(0x0), toa - tod = 0x638ce57(pre-offset), RTT(104386135 psecs), RSSI(0) 
06-13 06:36:31.044  2982  4414 D LOWI-9.0.1.74: [LOWI-HELIUM-RTT] printPerPeerInfo: peerMac(4a:4c:77:**:**:11) burstIdx(0) numIEs(0) numMeasThisAP(2)rttMeasType(1) isQtiPeer(0) tmrSubType(0) isLastRespForPeer (0) securityMode(0) numFrmAttempted(2) actualBurstDur(8) actualNumFrmPerBur(2) actualBurstExp(0) retryAfterDur(0) measStartTSF(716187657) control(0x102) result_info_1(0x80002)result_info_2(0x2) result_info_3(0x0) measStartTSF_field(0x2ab02809)
06-13 06:36:31.044  2982  4414 D LOWI-9.0.1.74: [LOWI-HELIUM-RTT] printPerPeerInfo: 11az params: i2r_lmr_feedback:0 ranging_priority:0 r2i_toa_type:0 i2r_toa_type:0 format_and_bw:0 imdt_r2i_feedback:0 imdt_i2r_feedback:0 max_i2r_repetition:0 max_r2i_repetition:0 device_class:0 full_bw_ul_mumimo:0 max_r2i_sts_le_80mhz:0 max_r2i_sts_gr_80mhz:0 max_r2i_ltf_total:0 max_i2r_sts_le_80mhz:0 max_i2r_sts_gr_80mhz:0 max_i2r_ltf_total:0 min_time_between_measurements:0 tb_max_session_expiry 0
06-13 06:36:31.044  2982  4414 D LOWI-9.0.1.74: [LOWI-P2P-RTT] p2pIsStored: Bad inputs
06-13 06:36:31.044  2982  4414 D LOWI-9.0.1.74: [LOWI-HELIUM-RTT] printPerFrameInfo: tx_rate_info1(0x10003) tx_rate_info2(0x41) rx_rate_info1(0x30000) rx_rate_info2(0x41) max_tod_toa_error(0x0)
06-13 06:36:31.044  2982  4414 D LOWI-9.0.1.74: [LOWI-HELIUM-RTT] printPerFrameInfo: rssi(1684300900) T1.time32(0x0) T1.time0(0x0) T2.time32(0x0) T2.time0(0x0) T3_del(0x0) T4_del(0x63b1b55) txPreamble(0x3) txBw(0x0) txRateMcsIdx(0x0)txSTS(0x0) txNREP(0x0) txBitRate(0x41) rxPreamble(0x0) rxBw(0x0) invalidFACBit(0x0) rxRateMcsIdx(0x0) rxBitRate(0x41) chainMask(0x3) maxTodError(0x0)maxToaError(0x0) useTxChainNo(0x1) useRxChainNo(0x0) rxSTS(0x0) rxNREP(0x0) r2iNDPIntegrityCheck(0x0)
06-13 06:36:31.044  2982  4414 D LOWI-9.0.1.74: [LOWI-HELIUM-RTT] processPerFrameInfo: RTT V2 Performed - Raw RSSI(0x0), toa - tod = 0x63b1b55(pre-offset), RTT(104536917 psecs), RSSI(0) 
06-13 06:36:31.044  2982  4414 D LOWI-9.0.1.74: [LOWI-HELIUM-RTT] printPerFrameInfo: tx_rate_info1(0x10003) tx_rate_info2(0x41) rx_rate_info1(0x30000) rx_rate_info2(0x41) max_tod_toa_error(0x0)
06-13 06:36:31.044  2982  4414 D LOWI-9.0.1.74: [LOWI-HELIUM-RTT] printPerFrameInfo: rssi(1684300900) T1.time32(0x0) T1.time0(0x0) T2.time32(0x0) T2.time0(0x0) T3_del(0x0) T4_del(0x6385753) txPreamble(0x3) txBw(0x0) txRateMcsIdx(0x0)txSTS(0x0) txNREP(0x0) txBitRate(0x41) rxPreamble(0x0) rxBw(0x0) invalidFACBit(0x0) rxRateMcsIdx(0x0) rxBitRate(0x41) chainMask(0x3) maxTodError(0x0)maxToaError(0x0) useTxChainNo(0x1) useRxChainNo(0x0) rxSTS(0x0) rxNREP(0x0) r2iNDPIntegrityCheck(0x0)
06-13 06:36:31.044  2982  4414 D LOWI-9.0.1.74: [LOWI-HELIUM-RTT] processPerFrameInfo: RTT V2 Performed - Raw RSSI(0x0), toa - tod = 0x6385753(pre-offset), RTT(104355667 psecs), RSSI(0) 
06-13 06:36:31.044  2982  4414 D LOWI-9.0.1.74: [LOWI-HELIUM-RTT] printPerPeerInfo: peerMac(40:4c:77:**:**:11) burstIdx(0) numIEs(0) numMeasThisAP(2)rttMeasType(1) isQtiPeer(0) tmrSubType(0) isLastRespForPeer (0) securityMode(0) numFrmAttempted(2) actualBurstDur(4) actualNumFrmPerBur(2) actualBurstExp(0) retryAfterDur(0) measStartTSF(716187657) control(0x102) result_info_1(0x40002)result_info_2(0x2) result_info_3(0x0) measStartTSF_field(0x2ab02809)
06-13 06:36:31.044  2982  4414 D LOWI-9.0.1.74: [LOWI-HELIUM-RTT] printPerPeerInfo: 11az params: i2r_lmr_feedback:0 ranging_priority:0 r2i_toa_type:0 i2r_toa_type:0 format_and_bw:0 imdt_r2i_feedback:0 imdt_i2r_feedback:0 max_i2r_repetition:0 max_r2i_repetition:0 device_class:0 full_bw_ul_mumimo:0 max_r2i_sts_le_80mhz:0 max_r2i_sts_gr_80mhz:0 max_r2i_ltf_total:0 max_i2r_sts_le_80mhz:0 max_i2r_sts_gr_80mhz:0 max_i2r_ltf_total:0 min_time_between_measurements:0 tb_max_session_expiry 0
06-13 06:36:31.044  2982  4414 D LOWI-9.0.1.74: [LOWI-P2P-RTT] p2pIsStored: Bad inputs
06-13 06:36:31.044  2982  4414 D LOWI-9.0.1.74: [LOWI-HELIUM-RTT] printPerFrameInfo: tx_rate_info1(0x10003) tx_rate_info2(0x41) rx_rate_info1(0x30000) rx_rate_info2(0x41) max_tod_toa_error(0x0)
06-13 06:36:31.044  2982  4414 D LOWI-9.0.1.74: [LOWI-HELIUM-RTT] printPerFrameInfo: rssi(1684300900) T1.time32(0x0) T1.time0(0x0) T2.time32(0x0) T2.time0(0x0) T3_del(0x0) T4_del(0x635c425) txPreamble(0x3) txBw(0x0) txRateMcsIdx(0x0)txSTS(0x0) txNREP(0x0) txBitRate(0x41) rxPreamble(0x0) rxBw(0x0) invalidFACBit(0x0) rxRateMcsIdx(0x0) rxBitRate(0x41) chainMask(0x3) maxTodError(0x0)maxToaError(0x0) useTxChainNo(0x1) useRxChainNo(0x0) rxSTS(0x0) rxNREP(0x0) r2iNDPIntegrityCheck(0x0)
06-13 06:36:31.044  2982  4414 D LOWI-9.0.1.74: [LOWI-HELIUM-RTT] processPerFrameInfo: RTT V2 Performed - Raw RSSI(0x0), toa - tod = 0x635c425(pre-offset), RTT(104186917 psecs), RSSI(0) 
06-13 06:36:31.044  2982  4414 D LOWI-9.0.1.74: [LOWI-HELIUM-RTT] printPerFrameInfo: tx_rate_info1(0x10003) tx_rate_info2(0x41) rx_rate_info1(0x30000) rx_rate_info2(0x41) max_tod_toa_error(0x0)
06-13 06:36:31.044  2982  4414 D LOWI-9.0.1.74: [LOWI-HELIUM-RTT] printPerFrameInfo: rssi(1684300900) T1.time32(0x0) T1.time0(0x0) T2.time32(0x0) T2.time0(0x0) T3_del(0x0) T4_del(0x63ab085) txPreamble(0x3) txBw(0x0) txRateMcsIdx(0x0)txSTS(0x0) txNREP(0x0) txBitRate(0x41) rxPreamble(0x0) rxBw(0x0) invalidFACBit(0x0) rxRateMcsIdx(0x0) rxBitRate(0x41) chainMask(0x3) maxTodError(0x0)maxToaError(0x0) useTxChainNo(0x1) useRxChainNo(0x0) rxSTS(0x0) rxNREP(0x0) r2iNDPIntegrityCheck(0x0)
06-13 06:36:31.044  2982  4414 D LOWI-9.0.1.74: [LOWI-HELIUM-RTT] processPerFrameInfo: RTT V2 Performed - Raw RSSI(0x0), toa - tod = 0x63ab085(pre-offset), RTT(104509573 psecs), RSSI(0) 
06-13 06:36:31.044  2982  4414 I LOWI-9.0.1.74: [LOWIRangingHeliumFSM] SendReqToFwOrRespToUser: All ranging measurements completed.Send response to client
06-13 06:36:31.045  2982  4414 D LOWI-9.0.1.74: [LOWIRangingFSM] SendRangingReq: curChIndex: 1, totChs: 3, curAp: 0, totAp: 1
06-13 06:36:31.045  2982  4414 D LOWI-9.0.1.74: [LOWIUtils] freqToChBandBit: frequency 5220 channel 44 Band 1
06-13 06:36:31.045  2982  4414 D LOWI-9.0.1.74: [LOWIUtils] freqToChBandBit: frequency 5220 channel 44 Band 1
06-13 06:36:31.045  2982  4414 D LOWI-9.0.1.74: [LOWI-HELIUM-RTT] RomeSendRttReq: PHY Mode(LOWI_PHY_MODE_11AX_HE160) timeoutPerTarget(50) reportType(RTT_REPORT_AGGREGATE)
06-13 06:36:31.045  2200  4411 I WifiHAL : send_nl_data: sent cld80211 msg of len: 164 to driver
06-13 06:36:31.046  2982  4414 D LOWI-9.0.1.74: [LOWI-ROME-RTT] send_oem_nl_msg: sent cld80211 message with subcmd: 5
06-13 06:36:31.046  2982  4414 D LOWI-9.0.1.74: [LOWIRangingFSM] FSM: New FSM state: STATE_PROCESSING_RANGING_REQ
06-13 06:36:31.046  2982  4414 D LOWI-9.0.1.74: [LOWI-ROME-RTT] RomeWaitOnActivityOnSocketOrPipe: issue timed select: TO: 4 
06-13 06:36:31.077  2200  4411 I WifiHAL : send oem msg of len : 276 to apps
06-13 06:36:31.077  2982  4414 D LOWI-9.0.1.74: [LOWI-ROME-RTT] RomeWaitOnActivityOnSocketOrPipe: timed select over: TO: 4 retVal: 1
06-13 06:36:31.077  2982  4414 D LOWI-9.0.1.74: [LOWI-ROME-RTT] event_handler: Valid data with length 244
06-13 06:36:31.077  2982  4414 D LOWI-9.0.1.74: [LOWI-HELIUM-RTT] storeNLFragment: new fragment group, tokenid(2), adding 236 chars @position 0
06-13 06:36:31.077  2982  4414 D LOWI-9.0.1.74: [LOWI-HELIUM-RTT] RomeNLRecvMessage: The Received OEMSubType: RTT_MSG_SUBTYPE_MEASUREMENT_RSP
06-13 06:36:31.078  2982  4414 D LOWI-9.0.1.74: [LOWI-HELIUM-RTT] RomeNLRecvMessage: The Received RomeMsgType: ROME_RANGING_MEAS_MSG
06-13 06:36:31.078  2982  4414 D LOWI-9.0.1.74: [LOWIRangingFSM] FSM: Received Event EVENT_RANGING_MEAS_RECV, Current state: STATE_PROCESSING_RANGING_REQ
06-13 06:36:31.078  2982  4414 D LOWI-9.0.1.74: [LOWIWifiTlvHandler] processRspHeadTlv: reqId(771) measDone(1) rttStatus(RTT_STATUS_SUCCESS) subtype(RTT_MSG_SUBTYPE_MEASUREMENT_RSP) isFrag(0) fragIdx(0) fragLen(212) tknId(26)
06-13 06:36:31.078  2982  4414 D LOWI-9.0.1.74: [LOWIWifiTlvHandler] checkTlvTag: Processing idx(0) received TLV: wmi_rtt_oem_rsp_head
06-13 06:36:31.078  2982  4414 D LOWI-9.0.1.74: [LOWIWifiTlvHandler] processIfPeerEvtHdrTag: Invalid Tag(33), not added to vector mPeerIdx(0)
06-13 06:36:31.078  2982  4414 D LOWI-9.0.1.74: [LOWIWifiTlvHandler] processIfPerFrmInfoTag: Invalid Tag(33) measurement not added for peer(0)
06-13 06:36:31.078  2982  4414 D LOWI-9.0.1.74: [LOWIWifiTlvHandler] checkTlvTag: Processing idx(1) received TLV: wmi_rtt_oem_measrsp_head
06-13 06:36:31.078  2982  4414 D LOWI-9.0.1.74: [LOWIWifiTlvHandler] processIfPeerEvtHdrTag: Invalid Tag(41), not added to vector mPeerIdx(0)
06-13 06:36:31.078  2982  4414 D LOWI-9.0.1.74: [LOWIWifiTlvHandler] processIfPerFrmInfoTag: Invalid Tag(41) measurement not added for peer(0)
06-13 06:36:31.078  2982  4414 D LOWI-9.0.1.74: [LOWIWifiTlvHandler] checkTlvTag: Processing idx(2) received TLV: loop_start
06-13 06:36:31.078  2982  4414 D LOWI-9.0.1.74: [LOWIWifiTlvHandler] processIfPeerEvtHdrTag: Invalid Tag(16), not added to vector mPeerIdx(0)
06-13 06:36:31.078  2982  4414 D LOWI-9.0.1.74: [LOWIWifiTlvHandler] processIfPerFrmInfoTag: Invalid Tag(16) measurement not added for peer(0)
06-13 06:36:31.078  2982  4414 D LOWI-9.0.1.74: [LOWIWifiTlvHandler] checkTlvTag: Processing idx(3) received TLV: wmi_rtt_oem_per_peer_event_hdr
06-13 06:36:31.078  2982  4414 D LOWI-9.0.1.74: [LOWIWifiTlvHandler] processIfPerFrmInfoTag: Invalid Tag(42) measurement not added for peer(0)
06-13 06:36:31.078  2982  4414 D LOWI-9.0.1.74: [LOWIWifiTlvHandler] checkTlvTag: Processing idx(4) received TLV: WMIRTT_TLV_TAG_ARRAY_UINT8
06-13 06:36:31.078  2982  4414 D LOWI-9.0.1.74: [LOWIWifiTlvHandler] processIfPeerEvtHdrTag: Invalid Tag(18), not added to vector mPeerIdx(0)
06-13 06:36:31.078  2982  4414 D LOWI-9.0.1.74: [LOWIWifiTlvHandler] processIfPerFrmInfoTag: Invalid Tag(18) measurement not added for peer(0)
06-13 06:36:31.078  2982  4414 D LOWI-9.0.1.74: [LOWIWifiTlvHandler] checkTlvTag: Processing idx(5) received TLV: loop_start
06-13 06:36:31.078  2982  4414 D LOWI-9.0.1.74: [LOWIWifiTlvHandler] processIfPeerEvtHdrTag: Invalid Tag(16), not added to vector mPeerIdx(0)
06-13 06:36:31.078  2982  4414 D LOWI-9.0.1.74: [LOWIWifiTlvHandler] processIfPerFrmInfoTag: Invalid Tag(16) measurement not added for peer(0)
06-13 06:36:31.078  2982  4414 D LOWI-9.0.1.74: [LOWIWifiTlvHandler] checkTlvTag: Processing idx(6) received TLV: wmi_rtt_oem_per_frame_info
06-13 06:36:31.078  2982  4414 D LOWI-9.0.1.74: [LOWIWifiTlvHandler] processIfPeerEvtHdrTag: Invalid Tag(43), not added to vector mPeerIdx(0)
06-13 06:36:31.078  2982  4414 D LOWI-9.0.1.74: [LOWIWifiTlvHandler] checkTlvTag: Processing idx(7) received unexpected but valid TLV(loop_end), going to idx(6)
06-13 06:36:31.078  2982  4414 D LOWI-9.0.1.74: [LOWIWifiTlvHandler] checkTlvTag: Processing idx(6) received TLV: wmi_rtt_oem_per_frame_info
06-13 06:36:31.078  2982  4414 D LOWI-9.0.1.74: [LOWIWifiTlvHandler] processIfPeerEvtHdrTag: Invalid Tag(43), not added to vector mPeerIdx(0)
06-13 06:36:31.078  2982  4414 D LOWI-9.0.1.74: [LOWIWifiTlvHandler] checkTlvTag: Processing idx(7) received TLV: loop_end
06-13 06:36:31.078  2982  4414 D LOWI-9.0.1.74: [LOWIWifiTlvHandler] processIfPeerEvtHdrTag: Invalid Tag(17), not added to vector mPeerIdx(0)
06-13 06:36:31.078  2982  4414 D LOWI-9.0.1.74: [LOWIWifiTlvHandler] processIfPerFrmInfoTag: Invalid Tag(17) measurement not added for peer(0)
06-13 06:36:31.078  2982  4414 D LOWI-9.0.1.74: [LOWIWifiTlvHandler] checkTlvTag: Processing idx(8) received TLV: loop_end
06-13 06:36:31.078  2982  4414 D LOWI-9.0.1.74: [LOWIWifiTlvHandler] processIfLoopEndTag: mPeerLs(0)...peer list ends
06-13 06:36:31.078  2982  4414 D LOWI-9.0.1.74: [LOWIWifiTlvHandler] processIfPeerEvtHdrTag: Invalid Tag(17), not added to vector mPeerIdx(0)
06-13 06:36:31.078  2982  4414 D LOWI-9.0.1.74: [LOWIWifiTlvHandler] processIfPerFrmInfoTag: Invalid Tag(17) measurement not added for peer(0)
06-13 06:36:31.078  2982  4414 D LOWI-9.0.1.74: [LOWIWifiTlvHandler] printBssidInfo: Peer 0 of 1,  numMeas = 2
06-13 06:36:31.078  2982  4414 D LOWI-9.0.1.74: [LOWI-HELIUM-RTT] printMeasRspHeadInfo: info(0x100002) channel_info(0x1464) rprtType(2) rttMeasType(0) rprtStatusV3(0) tmStart(0) numAPs(1) destMac(00:00:00:**:**:00) channelInfo(5220)
06-13 06:36:31.078  2982  4414 D LOWI-9.0.1.74: [LOWI-HELIUM-RTT] printPerPeerInfo: peerMac(f0:09:0d:**:**:01) burstIdx(0) numIEs(0) numMeasThisAP(2)rttMeasType(1) isQtiPeer(0) tmrSubType(0) isLastRespForPeer (0) securityMode(0) numFrmAttempted(2) actualBurstDur(12) actualNumFrmPerBur(2) actualBurstExp(0) retryAfterDur(0) measStartTSF(716187657) control(0x102) result_info_1(0xc0002)result_info_2(0x2) result_info_3(0x0) measStartTSF_field(0x2ab02809)
06-13 06:36:31.078  2982  4414 D LOWI-9.0.1.74: [LOWI-HELIUM-RTT] printPerPeerInfo: 11az params: i2r_lmr_feedback:0 ranging_priority:0 r2i_toa_type:0 i2r_toa_type:0 format_and_bw:0 imdt_r2i_feedback:0 imdt_i2r_feedback:0 max_i2r_repetition:0 max_r2i_repetition:0 device_class:0 full_bw_ul_mumimo:0 max_r2i_sts_le_80mhz:0 max_r2i_sts_gr_80mhz:0 max_r2i_ltf_total:0 max_i2r_sts_le_80mhz:0 max_i2r_sts_gr_80mhz:0 max_i2r_ltf_total:0 min_time_between_measurements:0 tb_max_session_expiry 0
06-13 06:36:31.078  2982  4414 D LOWI-9.0.1.74: [LOWI-P2P-RTT] p2pIsStored: Bad inputs
06-13 06:36:31.078  2982  4414 D LOWI-9.0.1.74: [LOWI-HELIUM-RTT] printPerFrameInfo: tx_rate_info1(0x10003) tx_rate_info2(0x41) rx_rate_info1(0x30000) rx_rate_info2(0x41) max_tod_toa_error(0x0)
06-13 06:36:31.078  2982  4414 D LOWI-9.0.1.74: [LOWI-HELIUM-RTT] printPerFrameInfo: rssi(1684300900) T1.time32(0x0) T1.time0(0x0) T2.time32(0x0) T2.time0(0x0) T3_del(0x0) T4_del(0x6313a3a) txPreamble(0x3) txBw(0x0) txRateMcsIdx(0x0)txSTS(0x0) txNREP(0x0) txBitRate(0x41) rxPreamble(0x0) rxBw(0x0) invalidFACBit(0x0) rxRateMcsIdx(0x0) rxBitRate(0x41) chainMask(0x3) maxTodError(0x0)maxToaError(0x0) useTxChainNo(0x1) useRxChainNo(0x0) rxSTS(0x0) rxNREP(0x0) r2iNDPIntegrityCheck(0x0)
06-13 06:36:31.078  2982  4414 D LOWI-9.0.1.74: [LOWI-HELIUM-RTT] processPerFrameInfo: RTT V2 Performed - Raw RSSI(0x0), toa - tod = 0x6313a3a(pre-offset), RTT(103889466 psecs), RSSI(0) 
06-13 06:36:31.078  2982  4414 D LOWI-9.0.1.74: [LOWI-HELIUM-RTT] printPerFrameInfo: tx_rate_info1(0x10003) tx_rate_info2(0x41) rx_rate_info1(0x30000) rx_rate_info2(0x41) max_tod_toa_error(0x0)
06-13 06:36:31.078  2982  4414 D LOWI-9.0.1.74: [LOWI-HELIUM-RTT] printPerFrameInfo: rssi(1684300900) T1.time32(0x0) T1.time0(0x0) T2.time32(0x0) T2.time0(0x0) T3_del(0x0) T4_del(0x631fd8a) txPreamble(0x3) txBw(0x0) txRateMcsIdx(0x0)txSTS(0x0) txNREP(0x0) txBitRate(0x41) rxPreamble(0x0) rxBw(0x0) invalidFACBit(0x0) rxRateMcsIdx(0x0) rxBitRate(0x41) chainMask(0x3) maxTodError(0x0)maxToaError(0x0) useTxChainNo(0x1) useRxChainNo(0x0) rxSTS(0x0) rxNREP(0x0) r2iNDPIntegrityCheck(0x0)
06-13 06:36:31.078  2982  4414 D LOWI-9.0.1.74: [LOWI-HELIUM-RTT] processPerFrameInfo: RTT V2 Performed - Raw RSSI(0x0), toa - tod = 0x631fd8a(pre-offset), RTT(103939466 psecs), RSSI(0) 
06-13 06:36:31.078  2982  4414 I LOWI-9.0.1.74: [LOWIRangingHeliumFSM] SendReqToFwOrRespToUser: All ranging measurements completed.Send response to client
06-13 06:36:31.078  2982  4414 D LOWI-9.0.1.74: [LOWIRangingFSM] SendRangingReq: curChIndex: 2, totChs: 3, curAp: 0, totAp: 2
06-13 06:36:31.078  2982  4414 D LOWI-9.0.1.74: [LOWIUtils] freqToChBandBit: frequency 5500 channel 100 Band 1
06-13 06:36:31.078  2982  4414 D LOWI-9.0.1.74: [LOWIUtils] freqToChBandBit: frequency 5500 channel 100 Band 1
06-13 06:36:31.078  2982  4414 D LOWI-9.0.1.74: [LOWI-HELIUM-RTT] RomeSendRttReq: PHY Mode(LOWI_PHY_MODE_11AC_VHT80) timeoutPerTarget(50) reportType(RTT_REPORT_AGGREGATE)
06-13 06:36:31.079  2200  4411 I WifiHAL : send_nl_data: sent cld80211 msg of len: 216 to driver
06-13 06:36:31.079  2982  4414 D LOWI-9.0.1.74: [LOWI-ROME-RTT] send_oem_nl_msg: sent cld80211 message with subcmd: 5
06-13 06:36:31.079  2982  4414 D LOWI-9.0.1.74: [LOWIRangingFSM] FSM: New FSM state: STATE_PROCESSING_RANGING_REQ
06-13 06:36:31.079  2982  4414 D LOWI-9.0.1.74: [LOWI-ROME-RTT] RomeWaitOnActivityOnSocketOrPipe: issue timed select: TO: 4 
06-13 06:36:31.289  2200  4411 I WifiHAL : send oem msg of len : 460 to apps
06-13 06:36:31.290  2982  4414 D LOWI-9.0.1.74: [LOWI-ROME-RTT] RomeWaitOnActivityOnSocketOrPipe: timed select over: TO: 4 retVal: 1
06-13 06:36:31.290  2982  4414 D LOWI-9.0.1.74: [LOWI-ROME-RTT] event_handler: Valid data with length 428
06-13 06:36:31.290  2982  4414 D LOWI-9.0.1.74: [LOWI-HELIUM-RTT] storeNLFragment: new fragment group, tokenid(2), adding 420 chars @position 0
06-13 06:36:31.290  2982  4414 D LOWI-9.0.1.74: [LOWI-HELIUM-RTT] RomeNLRecvMessage: The Received OEMSubType: RTT_MSG_SUBTYPE_MEASUREMENT_RSP
06-13 06:36:31.290  2982  4414 D LOWI-9.0.1.74: [LOWI-HELIUM-RTT] RomeNLRecvMessage: The Received RomeMsgType: ROME_RANGING_MEAS_MSG
06-13 06:36:31.290  2982  4414 D LOWI-9.0.1.74: [LOWIRangingFSM] FSM: Received Event EVENT_RANGING_MEAS_RECV, Current state: STATE_PROCESSING_RANGING_REQ
06-13 06:36:31.290  2982  4414 D LOWI-9.0.1.74: [LOWIWifiTlvHandler] processRspHeadTlv: reqId(772) measDone(1) rttStatus(RTT_STATUS_SUCCESS) subtype(RTT_MSG_SUBTYPE_MEASUREMENT_RSP) isFrag(0) fragIdx(0) fragLen(396) tknId(27)
06-13 06:36:31.290  2982  4414 D LOWI-9.0.1.74: [LOWIWifiTlvHandler] checkTlvTag: Processing idx(0) received TLV: wmi_rtt_oem_rsp_head
06-13 06:36:31.290  2982  4414 D LOWI-9.0.1.74: [LOWIWifiTlvHandler] processIfPeerEvtHdrTag: Invalid Tag(33), not added to vector mPeerIdx(0)
06-13 06:36:31.290  2982  4414 D LOWI-9.0.1.74: [LOWIWifiTlvHandler] processIfPerFrmInfoTag: Invalid Tag(33) measurement not added for peer(0)
06-13 06:36:31.290  2982  4414 D LOWI-9.0.1.74: [LOWIWifiTlvHandler] checkTlvTag: Processing idx(1) received TLV: wmi_rtt_oem_measrsp_head
06-13 06:36:31.290  2982  4414 D LOWI-9.0.1.74: [LOWIWifiTlvHandler] processIfPeerEvtHdrTag: Invalid Tag(41), not added to vector mPeerIdx(0)
06-13 06:36:31.290  2982  4414 D LOWI-9.0.1.74: [LOWIWifiTlvHandler] processIfPerFrmInfoTag: Invalid Tag(41) measurement not added for peer(0)
06-13 06:36:31.290  2982  4414 D LOWI-9.0.1.74: [LOWIWifiTlvHandler] checkTlvTag: Processing idx(2) received TLV: loop_start
06-13 06:36:31.290  2982  4414 D LOWI-9.0.1.74: [LOWIWifiTlvHandler] processIfPeerEvtHdrTag: Invalid Tag(16), not added to vector mPeerIdx(0)
06-13 06:36:31.290  2982  4414 D LOWI-9.0.1.74: [LOWIWifiTlvHandler] processIfPerFrmInfoTag: Invalid Tag(16) measurement not added for peer(0)
06-13 06:36:31.290  2982  4414 D LOWI-9.0.1.74: [LOWIWifiTlvHandler] checkTlvTag: Processing idx(3) received TLV: wmi_rtt_oem_per_peer_event_hdr
06-13 06:36:31.291  2982  4414 D LOWI-9.0.1.74: [LOWIWifiTlvHandler] processIfPerFrmInfoTag: Invalid Tag(42) measurement not added for peer(0)
06-13 06:36:31.291  2982  4414 D LOWI-9.0.1.74: [LOWIWifiTlvHandler] checkTlvTag: Processing idx(4) received TLV: WMIRTT_TLV_TAG_ARRAY_UINT8
06-13 06:36:31.291  2982  4414 D LOWI-9.0.1.74: [LOWIWifiTlvHandler] processIfPeerEvtHdrTag: Invalid Tag(18), not added to vector mPeerIdx(0)
06-13 06:36:31.291  2982  4414 D LOWI-9.0.1.74: [LOWIWifiTlvHandler] processIfPerFrmInfoTag: Invalid Tag(18) measurement not added for peer(0)
06-13 06:36:31.291  2982  4414 D LOWI-9.0.1.74: [LOWIWifiTlvHandler] checkTlvTag: Processing idx(5) received TLV: loop_start
06-13 06:36:31.291  2982  4414 D LOWI-9.0.1.74: [LOWIWifiTlvHandler] processIfPeerEvtHdrTag: Invalid Tag(16), not added to vector mPeerIdx(0)
06-13 06:36:31.291  2982  4414 D LOWI-9.0.1.74: [LOWIWifiTlvHandler] processIfPerFrmInfoTag: Invalid Tag(16) measurement not added for peer(0)
06-13 06:36:31.291  2982  4414 D LOWI-9.0.1.74: [LOWIWifiTlvHandler] checkTlvTag: Processing idx(6) received TLV: wmi_rtt_oem_per_frame_info
06-13 06:36:31.291  2982  4414 D LOWI-9.0.1.74: [LOWIWifiTlvHandler] processIfPeerEvtHdrTag: Invalid Tag(43), not added to vector mPeerIdx(0)
06-13 06:36:31.291  2982  4414 D LOWI-9.0.1.74: [LOWIWifiTlvHandler] checkTlvTag: Processing idx(7) received unexpected but valid TLV(loop_end), going to idx(6)
06-13 06:36:31.291  2982  4414 D LOWI-9.0.1.74: [LOWIWifiTlvHandler] checkTlvTag: Processing idx(6) received TLV: wmi_rtt_oem_per_frame_info
06-13 06:36:31.291  2982  4414 D LOWI-9.0.1.74: [LOWIWifiTlvHandler] processIfPeerEvtHdrTag: Invalid Tag(43), not added to vector mPeerIdx(0)
06-13 06:36:31.291  2982  4414 D LOWI-9.0.1.74: [LOWIWifiTlvHandler] checkTlvTag: Processing idx(7) received TLV: loop_end
06-13 06:36:31.291  2982  4414 D LOWI-9.0.1.74: [LOWIWifiTlvHandler] processIfPeerEvtHdrTag: Invalid Tag(17), not added to vector mPeerIdx(0)
06-13 06:36:31.291  2982  4414 D LOWI-9.0.1.74: [LOWIWifiTlvHandler] processIfPerFrmInfoTag: Invalid Tag(17) measurement not added for peer(0)
06-13 06:36:31.291  2982  4414 D LOWI-9.0.1.74: [LOWIWifiTlvHandler] checkTlvTag: Processing idx(8) received unexpected but valid TLV(loop_end), going to idx(3)
06-13 06:36:31.291  2982  4414 D LOWI-9.0.1.74: [LOWIWifiTlvHandler] checkTlvTag: Processing idx(3) received TLV: wmi_rtt_oem_per_peer_event_hdr
06-13 06:36:31.291  2982  4414 D LOWI-9.0.1.74: [LOWIWifiTlvHandler] processIfPerFrmInfoTag: Invalid Tag(42) measurement not added for peer(1)
06-13 06:36:31.291  2982  4414 D LOWI-9.0.1.74: [LOWIWifiTlvHandler] checkTlvTag: Processing idx(4) received TLV: WMIRTT_TLV_TAG_ARRAY_UINT8
06-13 06:36:31.291  2982  4414 D LOWI-9.0.1.74: [LOWIWifiTlvHandler] processIfPeerEvtHdrTag: Invalid Tag(18), not added to vector mPeerIdx(1)
06-13 06:36:31.291  2982  4414 D LOWI-9.0.1.74: [LOWIWifiTlvHandler] processIfPerFrmInfoTag: Invalid Tag(18) measurement not added for peer(1)
06-13 06:36:31.291  2982  4414 D LOWI-9.0.1.74: [LOWIWifiTlvHandler] checkTlvTag: Processing idx(5) received TLV: loop_start
06-13 06:36:31.291  2982  4414 D LOWI-9.0.1.74: [LOWIWifiTlvHandler] processIfPeerEvtHdrTag: Invalid Tag(16), not added to vector mPeerIdx(1)
06-13 06:36:31.291  2982  4414 D LOWI-9.0.1.74: [LOWIWifiTlvHandler] processIfPerFrmInfoTag: Invalid Tag(16) measurement not added for peer(1)
06-13 06:36:31.291  2982  4414 D LOWI-9.0.1.74: [LOWIWifiTlvHandler] checkTlvTag: Processing idx(6) received TLV: wmi_rtt_oem_per_frame_info
06-13 06:36:31.291  2982  4414 D LOWI-9.0.1.74: [LOWIWifiTlvHandler] processIfPeerEvtHdrTag: Invalid Tag(43), not added to vector mPeerIdx(1)
06-13 06:36:31.291  2982  4414 D LOWI-9.0.1.74: [LOWIWifiTlvHandler] checkTlvTag: Processing idx(7) received unexpected but valid TLV(loop_end), going to idx(6)
06-13 06:36:31.291  2982  4414 D LOWI-9.0.1.74: [LOWIWifiTlvHandler] checkTlvTag: Processing idx(6) received TLV: wmi_rtt_oem_per_frame_info
06-13 06:36:31.291  2982  4414 D LOWI-9.0.1.74: [LOWIWifiTlvHandler] processIfPeerEvtHdrTag: Invalid Tag(43), not added to vector mPeerIdx(1)
06-13 06:36:31.291  2982  4414 D LOWI-9.0.1.74: [LOWIWifiTlvHandler] checkTlvTag: Processing idx(7) received TLV: loop_end
06-13 06:36:31.291  2982  4414 D LOWI-9.0.1.74: [LOWIWifiTlvHandler] processIfPeerEvtHdrTag: Invalid Tag(17), not added to vector mPeerIdx(1)
06-13 06:36:31.291  2982  4414 D LOWI-9.0.1.74: [LOWIWifiTlvHandler] processIfPerFrmInfoTag: Invalid Tag(17) measurement not added for peer(1)
06-13 06:36:31.291  2982  4414 D LOWI-9.0.1.74: [LOWIWifiTlvHandler] checkTlvTag: Processing idx(8) received TLV: loop_end
06-13 06:36:31.291  2982  4414 D LOWI-9.0.1.74: [LOWIWifiTlvHandler] processIfLoopEndTag: mPeerLs(0)...peer list ends
06-13 06:36:31.291  2982  4414 D LOWI-9.0.1.74: [LOWIWifiTlvHandler] processIfPeerEvtHdrTag: Invalid Tag(17), not added to vector mPeerIdx(1)
06-13 06:36:31.291  2982  4414 D LOWI-9.0.1.74: [LOWIWifiTlvHandler] processIfPerFrmInfoTag: Invalid Tag(17) measurement not added for peer(1)
06-13 06:36:31.291  2982  4414 D LOWI-9.0.1.74: [LOWIWifiTlvHandler] printBssidInfo: Peer 0 of 2,  numMeas = 2
06-13 06:36:31.291  2982  4414 D LOWI-9.0.1.74: [LOWIWifiTlvHandler] printBssidInfo: Peer 1 of 2,  numMeas = 2
06-13 06:36:31.291  2982  4414 D LOWI-9.0.1.74: [LOWI-HELIUM-RTT] printMeasRspHeadInfo: info(0x200002) channel_info(0x157c) rprtType(2) rttMeasType(0) rprtStatusV3(0) tmStart(0) numAPs(2) destMac(00:00:00:**:**:00) channelInfo(5500)
06-13 06:36:31.291  2982  4414 D LOWI-9.0.1.74: [LOWI-HELIUM-RTT] printPerPeerInfo: peerMac(60:d8:a4:**:**:9d) burstIdx(0) numIEs(0) numMeasThisAP(2)rttMeasType(1) isQtiPeer(0) tmrSubType(0) isLastRespForPeer (0) securityMode(0) numFrmAttempted(2) actualBurstDur(16) actualNumFrmPerBur(2) actualBurstExp(0) retryAfterDur(0) measStartTSF(716187657) control(0x102) result_info_1(0x100002)result_info_2(0x2) result_info_3(0x0) measStartTSF_field(0x2ab02809)
06-13 06:36:31.291  2982  4414 D LOWI-9.0.1.74: [LOWI-HELIUM-RTT] printPerPeerInfo: 11az params: i2r_lmr_feedback:0 ranging_priority:0 r2i_toa_type:0 i2r_toa_type:0 format_and_bw:0 imdt_r2i_feedback:0 imdt_i2r_feedback:0 max_i2r_repetition:0 max_r2i_repetition:0 device_class:0 full_bw_ul_mumimo:0 max_r2i_sts_le_80mhz:0 max_r2i_sts_gr_80mhz:0 max_r2i_ltf_total:0 max_i2r_sts_le_80mhz:0 max_i2r_sts_gr_80mhz:0 max_i2r_ltf_total:0 min_time_between_measurements:0 tb_max_session_expiry 0
06-13 06:36:31.291  2982  4414 D LOWI-9.0.1.74: [LOWI-P2P-RTT] p2pIsStored: Bad inputs
06-13 06:36:31.291  2982  4414 D LOWI-9.0.1.74: [LOWI-HELIUM-RTT] printPerFrameInfo: tx_rate_info1(0x10003) tx_rate_info2(0x41) rx_rate_info1(0x30000) rx_rate_info2(0x41) max_tod_toa_error(0x0)
06-13 06:36:31.291  2982  4414 D LOWI-9.0.1.74: [LOWI-HELIUM-RTT] printPerFrameInfo: rssi(1684300900) T1.time32(0x0) T1.time0(0x0) T2.time32(0x0) T2.time0(0x0) T3_del(0x0) T4_del(0x62e7054) txPreamble(0x3) txBw(0x0) txRateMcsIdx(0x0)txSTS(0x0) txNREP(0x0) txBitRate(0x41) rxPreamble(0x0) rxBw(0x0) invalidFACBit(0x0) rxRateMcsIdx(0x0) rxBitRate(0x41) chainMask(0x3) maxTodError(0x0)maxToaError(0x0) useTxChainNo(0x1) useRxChainNo(0x0) rxSTS(0x0) rxNREP(0x0) r2iNDPIntegrityCheck(0x0)
06-13 06:36:31.291  2982  4414 D LOWI-9.0.1.74: [LOWI-HELIUM-RTT] processPerFrameInfo: RTT V2 Performed - Raw RSSI(0x0), toa - tod = 0x62e7054(pre-offset), RTT(103706708 psecs), RSSI(0) 
06-13 06:36:31.291  2982  4414 D LOWI-9.0.1.74: [LOWI-HELIUM-RTT] printPerFrameInfo: tx_rate_info1(0x10003) tx_rate_info2(0x41) rx_rate_info1(0x30000) rx_rate_info2(0x41) max_tod_toa_error(0x0)
06-13 06:36:31.291  2982  4414 D LOWI-9.0.1.74: [LOWI-HELIUM-RTT] printPerFrameInfo: rssi(1684300900) T1.time32(0x0) T1.time0(0x0) T2.time32(0x0) T2.time0(0x0) T3_del(0x0) T4_del(0x62eb685) txPreamble(0x3) txBw(0x0) txRateMcsIdx(0x0)txSTS(0x0) txNREP(0x0) txBitRate(0x41) rxPreamble(0x0) rxBw(0x0) invalidFACBit(0x0) rxRateMcsIdx(0x0) rxBitRate(0x41) chainMask(0x3) maxTodError(0x0)maxToaError(0x0) useTxChainNo(0x1) useRxChainNo(0x0) rxSTS(0x0) rxNREP(0x0) r2iNDPIntegrityCheck(0x0)
06-13 06:36:31.291  2982  4414 D LOWI-9.0.1.74: [LOWI-HELIUM-RTT] processPerFrameInfo: RTT V2 Performed - Raw RSSI(0x0), toa - tod = 0x62eb685(pre-offset), RTT(103724677 psecs), RSSI(0) 
06-13 06:36:31.291  2982  4414 D LOWI-9.0.1.74: [LOWI-HELIUM-RTT] printPerPeerInfo: peerMac(62:d8:a4:**:**:f9) burstIdx(0) numIEs(0) numMeasThisAP(2)rttMeasType(1) isQtiPeer(0) tmrSubType(0) isLastRespForPeer (0) securityMode(0) numFrmAttempted(2) actualBurstDur(5) actualNumFrmPerBur(2) actualBurstExp(0) retryAfterDur(0) measStartTSF(716187657) control(0x102) result_info_1(0x50002)result_info_2(0x2) result_info_3(0x0) measStartTSF_field(0x2ab02809)
06-13 06:36:31.291  2982  4414 D LOWI-9.0.1.74: [LOWI-HELIUM-RTT] printPerPeerInfo: 11az params: i2r_lmr_feedback:0 ranging_priority:0 r2i_toa_type:0 i2r_toa_type:0 format_and_bw:0 imdt_r2i_feedback:0 imdt_i2r_feedback:0 max_i2r_repetition:0 max_r2i_repetition:0 device_class:0 full_bw_ul_mumimo:0 max_r2i_sts_le_80mhz:0 max_r2i_sts_gr_80mhz:0 max_r2i_ltf_total:0 max_i2r_sts_le_80mhz:0 max_i2r_sts_gr_80mhz:0 max_i2r_ltf_total:0 min_time_between_measurements:0 tb_max_session_expiry 0
06-13 06:36:31.291  2982  4414 D LOWI-9.0.1.74: [LOWI-P2P-RTT] p2pIsStored: Bad inputs
06-13 06:36:31.291  2982  4414 D LOWI-9.0.1.74: [LOWI-HELIUM-RTT] printPerFrameInfo: tx_rate_info1(0x10003) tx_rate_info2(0x41) rx_rate_info1(0x30000) rx_rate_info2(0x41) max_tod_toa_error(0x0)
06-13 06:36:31.291  2982  4414 D LOWI-9.0.1.74: [LOWI-HELIUM-RTT] printPerFrameInfo: rssi(1684300900) T1.time32(0x0) T1.time0(0x0) T2.time32(0x0) T2.time0(0x0) T3_del(0x0) T4_del(0x62f3fd9) txPreamble(0x3) txBw(0x0) txRateMcsIdx(0x0)txSTS(0x0) txNREP(0x0) txBitRate(0x41) rxPreamble(0x0) rxBw(0x0) invalidFACBit(0x0) rxRateMcsIdx(0x0) rxBitRate(0x41) chainMask(0x3) maxTodError(0x0)maxToaError(0x0) useTxChainNo(0x1) useRxChainNo(0x0) rxSTS(0x0) rxNREP(0x0) r2iNDPIntegrityCheck(0x0)
06-13 06:36:31.291  2982  4414 D LOWI-9.0.1.74: [LOWI-HELIUM-RTT] processPerFrameInfo: RTT V2 Performed - Raw RSSI(0x0), toa - tod = 0x62f3fd9(pre-offset), RTT(103759833 psecs), RSSI(0) 
06-13 06:36:31.291  2982  4414 D LOWI-9.0.1.74: [LOWI-HELIUM-RTT] printPerFrameInfo: tx_rate_info1(0x10003) tx_rate_info2(0x41) rx_rate_info1(0x30000) rx_rate_info2(0x41) max_tod_toa_error(0x0)
06-13 06:36:31.291  2982  4414 D LOWI-9.0.1.74: [LOWI-HELIUM-RTT] printPerFrameInfo: rssi(1684300900) T1.time32(0x0) T1.time0(0x0) T2.time32(0x0) T2.time0(0x0) T3_del(0x0) T4_del(0x62ede31) txPreamble(0x3) txBw(0x0) txRateMcsIdx(0x0)txSTS(0x0) txNREP(0x0) txBitRate(0x41) rxPreamble(0x0) rxBw(0x0) invalidFACBit(0x0) rxRateMcsIdx(0x0) rxBitRate(0x41) chainMask(0x3) maxTodError(0x0)maxToaError(0x0) useTxChainNo(0x1) useRxChainNo(0x0) rxSTS(0x0) rxNREP(0x0) r2iNDPIntegrityCheck(0x0)
06-13 06:36:31.292  2982  4414 D LOWI-9.0.1.74: [LOWI-HELIUM-RTT] processPerFrameInfo: RTT V2 Performed - Raw RSSI(0x0), toa - tod = 0x62ede31(pre-offset), RTT(103734833 psecs), RSSI(0) 
06-13 06:36:31.292  2982  4414 I LOWI-9.0.1.74: [LOWIRangingHeliumFSM] SendReqToFwOrRespToUser: All ranging measurements completed.Send response to client
06-13 06:36:31.292  2982  4414 I LOWI-9.0.1.74: [LOWIRangingHeliumFSM] SendReqToFwOrRespToUser this is not a rtt BG node
06-13 06:36:31.292  2982  4414 D LOWI-9.0.1.74: [LOWIRangingFSM] FSM: New FSM state: STATE_READY_AND_IDLE
06-13 06:36:31.292  2982  4414 D LOWI-9.0.1.74: [LOWI-ROME-RTT] RomeWaitOnActivityOnSocketOrPipe: issue blocking select 
06-13 06:36:31.292  2982  3006 D LOWI-9.0.1.74: [LOWIEventReceiver] handleEvent:FROM:NA, TO:NA, REQ:NA, IREQ:NA, REQ_ID:0, RESP:NA, INFO:NA
06-13 06:36:31.292  2982  3006 D LOWI-9.0.1.74: [LOWIBackgroundScanMgr] isRspForBgScanMgr: req(RANGING_SCAN) -- not handled
06-13 06:36:31.292  2982  3006 D LOWI-9.0.1.74: [LOWIScheduler] manageMsg: Results for RANGING_SCAN -- handled: scanStatus(SCAN_STATUS_SUCCESS)
06-13 06:36:31.292  2982  3006 D LOWI-9.0.1.74: [LOWICacheManager] putInCache:Num of Meas to add: 6
06-13 06:36:31.294  2982  3006 D LOWI-9.0.1.74: [LOWIScheduler] processNode: 5a:4c:77:**:**:11
06-13 06:36:31.294  2982  3006 I LOWI-9.0.1.74: [LOWIScheduler] Node isRttBgNode 0 is_last_resp_for_peer 0
06-13 06:36:31.295  2982  3006 D LOWI-9.0.1.74: [LOWIScheduler] processNode: 4a:4c:77:**:**:11
06-13 06:36:31.295  2982  3006 I LOWI-9.0.1.74: [LOWIScheduler] Node isRttBgNode 0 is_last_resp_for_peer 0
06-13 06:36:31.295  2982  3006 D LOWI-9.0.1.74: [LOWIScheduler] processNode: 40:4c:77:**:**:11
06-13 06:36:31.295  2982  3006 I LOWI-9.0.1.74: [LOWIScheduler] Node isRttBgNode 0 is_last_resp_for_peer 0
06-13 06:36:31.295  2982  3006 D LOWI-9.0.1.74: [LOWIScheduler] processNode: f0:09:0d:**:**:01
06-13 06:36:31.295  2982  3006 I LOWI-9.0.1.74: [LOWIScheduler] Node isRttBgNode 0 is_last_resp_for_peer 0
06-13 06:36:31.295  2982  3006 D LOWI-9.0.1.74: [LOWIScheduler] processNode: 60:d8:a4:**:**:9d
06-13 06:36:31.295  2982  3006 I LOWI-9.0.1.74: [LOWIScheduler] Node isRttBgNode 0 is_last_resp_for_peer 0
06-13 06:36:31.296  2982  3006 D LOWI-9.0.1.74: [LOWIScheduler] processNode: 62:d8:a4:**:**:f9
06-13 06:36:31.296  2982  3006 I LOWI-9.0.1.74: [LOWIScheduler] Node isRttBgNode 0 is_last_resp_for_peer 0
06-13 06:36:31.296  2982  3006 D LOWI-9.0.1.74: [LOWIScheduler] nodesForRsp: # nodes for this client(6)
06-13 06:36:31.296  2982  3006 D LOWI-9.0.1.74: [LOWIScheduler] processRangRsp: Create response: status(SCAN_STATUS_SUCCESS) numBssids(6) reqId(249) originator(73fd882c00-LC) reqType(5)
06-13 06:36:31.296  2982  3006 D LOWI-9.0.1.74: [LOWIController] generateResponse: Type (PERIODIC_RANGING_SCAN) ScanStatus (1) request 73fd882c00-LC_249
06-13 06:36:31.296  2982  3006 D LOWI-9.0.1.74: [LOWIEventDispatcher] sendResponse - originator = 73fd882c00-LC
06-13 06:36:31.296  2982  3006 D LOWI-9.0.1.74: [LOWIUtils] injectScanMeasurements - num of APs = 6
06-13 06:36:31.296  2982  3006 D LOWI-9.0.1.74: [LOWIUtils] injectRangingScanMeasurements - NUM_COLOC_BSS(0), PEER_OEM(LOWI_PEER_OEM_UNKNOWN)
06-13 06:36:31.297  2982  3006 D LOWI-9.0.1.74: [LOWIUtils] injectRangingScanMeasurements - NUM_COLOC_BSS(0), PEER_OEM(LOWI_PEER_OEM_UNKNOWN)
06-13 06:36:31.297  2982  3006 D LOWI-9.0.1.74: [LOWIUtils] injectRangingScanMeasurements - NUM_COLOC_BSS(0), PEER_OEM(LOWI_PEER_OEM_UNKNOWN)
06-13 06:36:31.297  2982  3006 D LOWI-9.0.1.74: [LOWIUtils] injectRangingScanMeasurements - NUM_COLOC_BSS(0), PEER_OEM(LOWI_PEER_OEM_UNKNOWN)
06-13 06:36:31.297  2982  3006 D LOWI-9.0.1.74: [LOWIUtils] injectRangingScanMeasurements - NUM_COLOC_BSS(0), PEER_OEM(LOWI_PEER_OEM_UNKNOWN)
06-13 06:36:31.298  2982  3006 D LOWI-9.0.1.74: [LOWIUtils] injectRangingScanMeasurements - NUM_COLOC_BSS(0), PEER_OEM(LOWI_PEER_OEM_UNKNOWN)
06-13 06:36:31.298  2982  3006 I LOWI-9.0.1.74: [LOWIUtils] responseToOutPostcard - TO: 73fd882c00-LC, FROM:   LOWI-SERVER, RESP:  LOWI_RANGING_SCAN
06-13 06:36:31.298  2982  3006 D LOWI-9.0.1.74: [LOWIEventDispatcher] sendResponse - originator = FreeWifiScanObserver
06-13 06:36:31.298  2982  3006 D LOWI-9.0.1.74: [LOWIUtils] injectScanMeasurements - num of APs = 6
06-13 06:36:31.298  2982  3006 I LOWI-9.0.1.74: [LOWIUtils] responseToOutPostcard - TO: FreeWifiScanObserver, FROM:   LOWI-SERVER, RESP:  LOWI_RANGING_SCAN
06-13 06:36:31.298  2982  3006 D LOWI-9.0.1.74: [LOWIController] sendRangingResponseToSnoopRTTClients: Response sent to Snoop RTT Client Request(ID:5, originator: FreeWifiScanObserver)
06-13 06:36:31.299  2982  3006 D LOWI-9.0.1.74: [LOWIScheduler] dataBaseCleanup:Status before cleanup
06-13 06:36:31.299  2982  3006 D LOWI-9.0.1.74: [LOWIScheduler] ****************************** WiFiNode Database *****************************************************************************************
06-13 06:36:31.299  2982  3006 D LOWI-9.0.1.74: [LOWIScheduler] Num of remaining nodes: 6
06-13 06:36:31.299  2982  3006 D LOWI-9.0.1.74: [LOWIScheduler] BSSID             Freq nodeT rttT  BW     pkts cont period       numMeas perCntr retries retCntr ReqId      schId      nodeState                  
06-13 06:36:31.299  2982  3006 D LOWI-9.0.1.74: [LOWIScheduler] 5a:4c:77:**:**:11 5785 AP    RTT2  BW_80  2    0    0            0       0       3       0       249        195428600  WIFI_NODE_READY_FOR_RSP    
06-13 06:36:31.299  2982  3006 D LOWI-9.0.1.74: [LOWIScheduler] 4a:4c:77:**:**:11 5785 AP    RTT2  BW_80  2    0    0            0       0       3       0       249        195428600  WIFI_NODE_READY_FOR_RSP    
06-13 06:36:31.299  2982  3006 D LOWI-9.0.1.74: [LOWIScheduler] 40:4c:77:**:**:11 5785 AP    RTT2  BW_80  2    0    0            0       0       3       0       249        195428600  WIFI_NODE_READY_FOR_RSP    
06-13 06:36:31.299  2982  3006 D LOWI-9.0.1.74: [LOWIScheduler] f0:09:0d:**:**:01 5220 AP    RTT2  BW_160 2    0    0            0       0       3       0       249        195428600  WIFI_NODE_READY_FOR_RSP    
06-13 06:36:31.299  2982  3006 D LOWI-9.0.1.74: [LOWIScheduler] 60:d8:a4:**:**:9d 5500 AP    RTT2  BW_80  2    0    0            0       0       3       0       249        195428600  WIFI_NODE_READY_FOR_RSP    
06-13 06:36:31.299  2982  3006 D LOWI-9.0.1.74: [LOWIScheduler] 62:d8:a4:**:**:f9 5500 AP    RTT2  BW_80  2    0    0            0       0       3       0       249        195428600  WIFI_NODE_READY_FOR_RSP    
06-13 06:36:31.299  2982  3006 D LOWI-9.0.1.74: [LOWIScheduler] ******************************************************************************************************************************************
06-13 06:36:31.299  2982  3006 D LOWI-9.0.1.74: [LOWIScheduler] One-shot node fully serviced: 5a:4c:77:**:**:11
06-13 06:36:31.299  2982  3006 D LOWI-9.0.1.74: [LOWIScheduler] One-shot node fully serviced: 4a:4c:77:**:**:11
06-13 06:36:31.299  2982  3006 D LOWI-9.0.1.74: [LOWIScheduler] One-shot node fully serviced: 40:4c:77:**:**:11
06-13 06:36:31.299  2982  3006 D LOWI-9.0.1.74: [LOWIScheduler] One-shot node fully serviced: f0:09:0d:**:**:01
06-13 06:36:31.299  2982  3006 D LOWI-9.0.1.74: [LOWIScheduler] One-shot node fully serviced: 60:d8:a4:**:**:9d
06-13 06:36:31.299  2982  3006 D LOWI-9.0.1.74: [LOWIScheduler] One-shot node fully serviced: 62:d8:a4:**:**:f9
06-13 06:36:31.299  2982  3006 D LOWI-9.0.1.74: [LOWIScheduler] dataBaseCleanup:Status after cleanup
06-13 06:36:31.299  2982  3006 D LOWI-9.0.1.74: [LOWIScheduler] ****************************** WiFiNode Database *****************************************************************************************
06-13 06:36:31.299  2982  3006 D LOWI-9.0.1.74: [LOWIScheduler] Num of remaining nodes: 0
06-13 06:36:31.299  2982  3006 D LOWI-9.0.1.74: [LOWIScheduler] BSSID             Freq nodeT rttT  BW     pkts cont period       numMeas perCntr retries retCntr ReqId      schId      nodeState                  
06-13 06:36:31.299  2982  3006 D LOWI-9.0.1.74: [LOWIScheduler] ******************************************************************************************************************************************
06-13 06:36:31.299  2982  3006 D LOWI-9.0.1.74: [LOWIScheduler] cleanUp: NumPeriodicNodesInDB left: 0
06-13 06:36:31.299  2982  3006 D LOWI-9.0.1.74: [LOWIScheduler] deleteClientInfo: deleting reqId(249) originator(73fd882c00-LC), reqType(PERIODIC_RANGING_SCAN)
06-13 06:36:31.299  2982  3006 D LOWI-9.0.1.74: [LOWIScheduler] getMeasInProgressNodeCnt mNodeDataBase size 0
06-13 06:36:31.299  2982  3006 D LOWI-9.0.1.74: [LOWIScheduler] All node are served ? YES delete rtt req 
06-13 06:36:31.299  2982  3006 D LOWI-9.0.1.74: [LOWIScheduler] manageMsg:delete current wifi rtt request
06-13 06:36:31.299  2982  3006 D LOWI-9.0.1.74: [LOWIController] Scheduler is managing the msg
06-13 06:36:31.299  2200  4416 I QCALOG  : [LOWIUtils] inPostcardToResponse - FROM: LOWI-SERVER, TO:   73fd882c00-LC, RESP:  LOWI_RANGING_SCAN
06-13 06:36:31.299  2200  4416 D QCALOG  : [LOWIUtils] inPostcardToResponse - Request id(249) Scan Status(1)
06-13 06:36:31.299  2200  4416 D QCALOG  : [LOWIUtils] parseScanMeasurements - Total Scan measurements = 6
06-13 06:36:31.299  2200  4416 D QCALOG  : [LOWIUtils] parseRangingScanMeasurements - MAX_BSS_IND = 0, NUM_COLOC_BSS = 0, Peer OEM = 0
06-13 06:36:31.299  2200  4416 D QCALOG  : [LOWIUtils] parseScanMeasurements - FREQUENCY(5785) IS_SECURE(0) NODE_TYPE(1)RTT_TYPE(1) ADD_INFO 0x0tmr_subtype(0) security_mode(0)
06-13 06:36:31.299  2200  4416 D QCALOG  : [LOWIUtils] COUNTRY_CODE is 
06-13 06:36:31.299  2200  4416 D QCALOG  : [LOWIUtils] parseScanMeasurements - CELL_POWER(0) INDOOR OUTDOOR( ), MEASUREMENT_NUM(0)
06-13 06:36:31.299  2200  4416 D QCALOG  : [LOWIUtils] parseMeasurementInfo - Total measurements = 2
06-13 06:36:31.299  2200  4416 W QCALOG  : [LOWIUtils] parseMeasurementInfo - Unable to extract CFR_CIR_LENGTH
06-13 06:36:31.300  2200  4416 D QCALOG  : [LOWIUtils] parseMeasurementInfo - RSSI_TIMESTAMP(1781350591045) RSSI(0) MEAS_AGE(-1) RTT_TIMESTAMP(1781350591045) RTT(104308) TX_PREAMBLE(3) TX_NSS(1) TX_BW(0) TX_MCS_IDX(0) TX_BIT_RATE(65) RX_PREAMBLE(0) RX_NSS(2) RX_BW(0) RX_MCS_IDX(0) RX_BIT_RATE(65) tx_chain_no(0) rx_chain_no(-1) TX_STS(0) TX_NREP(0) RX_STS(0) RX_NREP(0) R2I_NDP_INTEGRITY_CHECK(0) INVALID_FAC(0)
06-13 06:36:31.300  2200  4416 W QCALOG  : [LOWIUtils] parseMeasurementInfo - Unable to extract CFR_CIR_LENGTH
06-13 06:36:31.300  2200  4416 D QCALOG  : [LOWIUtils] parseMeasurementInfo - RSSI_TIMESTAMP(1781350591045) RSSI(0) MEAS_AGE(-1) RTT_TIMESTAMP(1781350591045) RTT(104386) TX_PREAMBLE(3) TX_NSS(1) TX_BW(0) TX_MCS_IDX(0) TX_BIT_RATE(65) RX_PREAMBLE(0) RX_NSS(2) RX_BW(0) RX_MCS_IDX(0) RX_BIT_RATE(65) tx_chain_no(0) rx_chain_no(-1) TX_STS(0) TX_NREP(0) RX_STS(0) RX_NREP(0) R2I_NDP_INTEGRITY_CHECK(0) INVALID_FAC(0)
06-13 06:36:31.300  2200  4416 D QCALOG  : [LOWIUtils] parseIEDataInfo - Total IE's = 0
06-13 06:36:31.300  2200  4416 D QCALOG  : [LOWIUtils] parseScanMeasurements - RTT_TARGET_STATUS(0) BEACON_PERIOD(0), BEACON_CAPS(0), IE_LENGTH(0)
06-13 06:36:31.300  2200  4416 D QCALOG  : [LOWIUtils] parseRangingScanMeasurements - MAX_BSS_IND = 0, NUM_COLOC_BSS = 0, Peer OEM = 0
06-13 06:36:31.300  2200  4416 D QCALOG  : [LOWIUtils] parseScanMeasurements - FREQUENCY(5785) IS_SECURE(0) NODE_TYPE(1)RTT_TYPE(1) ADD_INFO 0x0tmr_subtype(0) security_mode(0)
